case,N,kind,plan_scene,makespan,added_copy_bytes,scheduled_copy_bytes,partition_added,spill_added,cache_hit_bytes,cache_miss_bytes,cache_hit_rate,speedup,plan_sha256,fingerprint,record_id
case_001,2,problem_3,C,116868,1152,1640704,1152,0,0,821504,0.0,1.9946435294520313,8abd33f9588cf2db2e4db267744ecb98cb0bf34ecc2413578fc889728b672ffe,6b0318208eccd30674de393168be5d8fa959d5015135de20f19715a845fe3140,583ebb5cda3e454ca08005128a660ddc
case_001,3,problem_3,C,78545,2304,1641856,2304,0,0,822656,0.0,2.9678528232223567,6d6cffe48a71edc53effe10d454190930096c6ae6452d6526a7148d258612a74,351a7cbb7f36b191c764dbe86a6b67c416f30ef052e9c37894db3a748df80685,25a370bfc7fa469fb043bfc9072b1bac
case_001,4,problem_3,C,58984,3456,1643008,3456,0,0,823808,0.0,3.952088702020887,1d00a2193c4c02d534cc20d45bc282915d590734686d70f1a99d05bb79412d71,7aee859dbe185ffd57bc20a6ad87f4c63669cc8a60425ae6081a0cd5a74c6cdb,2394c73a2d5044bc958f74f1dc3870f0
case_001,5,problem_3,C,47502,4608,1644160,4608,0,0,824960,0.0,4.9073723211654245,b3dae29d0f436a750631fa72c2dee3456e91d22cc0a15ad9028aacf81002b61a,163b4768ecd3a85e3218fb863a4e43155ed03e2ea4f168136fd0c7f48449fcc8,5012bd3c47c2419dac5e5718f0b9d529
case_001,1,singlecore,,233110,0,1639552,0,0,,,,1.0,,520d1acb06adc82f4f98502064f671a6230a68f78e6b2e9ce89f577cccf9b0d6,9681effbf7e949859f2c6910fd2c9b0c
case_002,2,problem_3,C,131800,319488,1543680,319488,0,0,1382400,0.0,1.987443095599393,d78f623b400d176895af84ab8310d127e5c258e2fe3e873e5cf0940420d75e4b,0d47926977ec0fecba0b3460772966f3bd56962e4497315fe1bcc31d68153eac,d8139ceffb6043c18c358dc4cc46ebef
case_002,3,problem_3,C,88703,494592,1718784,494592,0,0,1469952,0.0,2.9530568300959383,0d01b4ebe932c5ff4818f4fc6cb54044a3e50a3cc34080055fb3ad97273b2f24,99084ebfcbe5854070bfa270c1877fb8c8c2bc64ff399f2d2d737d3318b47c1d,38b70f5106554b858a72389ba72d5202
case_002,4,problem_3,C,66822,466944,1691136,466944,0,0,1456128,0.0,3.920041303762234,cdd7f2a3244b23f9fe3289c598d2ed732054414989db4fe77a24d6c8e05c7878,9fd45519e4aecce5da2b18dbb129ae272eb34851b04f124ad28209ae880aff6e,d26c83d5f3e34f63a905924ee5d91118
case_002,5,problem_3,C,54257,552960,1777152,552960,0,0,1499136,0.0,4.827856313471073,1c0e276a3623d8895a4aac686ab82bb389f24fda0cca91cd09545ea4d584e412,0a7ecf79c08c8c72a85d5a456b4a863f568883c42dd3399e023f54b7f9d92a14,93b290174b414dd1874c65afc4101c05
case_002,1,singlecore,,261945,0,1224192,0,0,,,,1.0,,5053746c21bf3bf1e8d9eed9d4fdbe446286f6210179b09a6260b69b3b3b5b52,351b170a8f714e8dbd81b2f2144e0eb6
case_003,2,problem_3,C,251002,5650562,6934826,5650562,0,389126,3962116,0.08942871943229083,2.399231878630449,213b944a41fcda5405955fdf75bea911a17ba208e6db35f4d09ad1e75c97dfdf,4f2aecc8cc46f8fd8a011d1afa3390a6c3eaba3e7c6428e6d01b8952129c9e1d,1d28b7b734d1449cad8a3ff294937b47
case_003,3,problem_3,C,182335,4621744,5906008,4621744,0,1114604,2940408,0.2748707032186341,3.302777853950147,8402430fcb9a2f945f0306fcff3d162200190d95a0bfc7c056e2a427ea98340a,7d060299cae64e6a4630983584b4ae651f04fc493679db795fc056946b1b3b1e,16b86cf58a594c78afaee1671262254a
case_003,4,problem_3,C,147188,5912946,7197210,5912946,0,1739730,3204662,0.3518592376979819,4.091447672364595,35f80d93e8ba86f6f50007715350cb9e263662b8c5c53449973e5ff88b69f499,f5591417b7b350d1afc5baa877499c83290765465591b2384234b64752e76552,a74ad5c20eee4325b4159df3873fd6d2
case_003,5,problem_3,C,133757,7464960,8749224,7464960,0,2468342,3521436,0.4120924014212213,4.502283992613471,d6126ff26735e3e58c743f6664fffeeb81d6de0fedaad2bc638638e205538fce,10327b2c683c00c0c5c7ff51abe0cb939440c2e2eefab89551c576dba53aa199,02cc6778b3dc4b17bb528b6b287b4907
case_003,1,singlecore,,602212,0,1284264,0,0,,,,1.0,,1a6231ba7f825675f72925bc053334abef2e8c518d65d1dc1cc484c405d6d9c7,abe688af79094b4eb2c75a24100b19bc
case_004,2,problem_3,C,194802,2663424,3456000,1815552,847872,377856,1631232,0.18807339449541285,2.014132298436361,c601806a8adb2e63954ecb6ab59eeddb1ddaba47ed76038b10d5114115deaf85,b19d54e2a7f861a4637182e352d2b733499f72d988bf4fddea2dba6f75b15550,8e2b3f90bee84e15a71ce80ead7651f6
case_004,3,problem_3,C,130926,1474560,2267136,221184,1253376,0,1299456,0.0,2.9967844431205415,19667243f83e08f491133f07cbf5ac2adfd47767294662016fe6eaa26d9f61e3,667e405c50c16e244335e10e7225e82bf53598adeda7b6108f7fd747c4c8b3d1,d026f4d45df141fc9e6acb8ff763482e
case_004,4,problem_3,C,100813,2383872,3176448,2052096,331776,340992,1640448,0.17209302325581396,3.891928620316824,8c8a31c53918601c773dcb9308c3e2d5d6383b1c579bfb42a685b7a09c7ad48f,984fb2925308c36dfda793f94fbbeb5b5e4e16cb3da47f0fed4b7cc40841a498,09a84863828145edbf93e8f34d065a73
case_004,5,problem_3,C,81622,2267136,3059712,2193408,73728,414720,1566720,0.20930232558139536,4.807000563573546,cfcb14b7d0059e2d327caf14ce772d824d7b10d5ca37ea94251547f056f13051,4167e77d9dd123106636f1fb8104055bf1630a8ac7a2daf8ede9ab85e66d35c5,89ed00a7b9ab41599fa8c26ce477c3f2
case_004,1,singlecore,,392357,0,792576,0,0,,,,1.0,,6ff3b4ebe7faf62a60fba679baf9dd0a0bc72e3680d0f343501db783317edad1,e3f69ba25a164f05b85e823db3686e90
case_005,2,problem_3,C,40905,1250596,1584010,1250596,0,115972,895398,0.11466822231230904,2.337562645153404,38339885fed3ba981a2c5d13741578282383cb2eb886b3db819abb9c494d9a2a,7dbed866356409b2e6153de4b780c5884fe09d183bb1fdcf0a61bbb896a4208b,337c150af3934c4c844d724cdef67f9d
case_005,3,problem_3,C,32057,1544776,1878190,1544776,0,359336,894022,0.2866986128464493,2.9827494774932153,ed14e3d4924f6d4a3f7cb7b0963139277622eaa8500168a72e454624ece0db4e,06dc273be423dca70ce7e69aa7a07cd9f2d53d3a0ee5fe6b4ea4e03a46431f02,ea5993b1a56a436ba0d734af842b8856
case_005,4,problem_3,C,31586,1696242,2029656,1696242,0,463346,887302,0.34305459305459307,3.027227252580257,05b39507611c3c5f6e6a5c8eefd401fe25dff39c096c8fa2f8c870f8d12b6113,e5bc8f452a982f93448197a7e1c370806e5f5deb6c4a8d8d3e78e3413af42a87,ebcdf3d1f91742838d3a498aeea70893
case_005,5,problem_3,C,30462,1841112,2174526,1841112,0,512376,939942,0.3527987672121395,3.1389271879718996,f81d60b4065ac82524569140fda52ed31c2912546711e74ccc012e2785e1aa49,768fcbe513375a7a42b5e592199027a78a31b91d2c7273754fe37716cf680758,4dfe25977c6c464f8fe9c90d4b69c7ec
case_005,1,singlecore,,95618,0,333414,0,0,,,,1.0,,9c99043161efaa9c86fbfca49942438b27a2ecbe4eb427332506b4b080c5d48d,8bbbc63eff7e4e99897d52743afd168a
case_006,2,problem_3,C,35558,521346,1064694,521346,0,165386,728028,0.185116866312818,2.3296304629056754,ea46ec3cc4f96c89cd72eddfe55b085557eb395f65c670cdeecc69fea66f1efc,0e6ba58d1df36af7fa073e9d167c35b7955b99f482b5eae7fa70f54e9baba703,f4653060207d439da8a7e9395edb976b
case_006,3,problem_3,C,26305,864486,1407834,864486,0,409234,782148,0.34349520137118067,3.1490971298232275,b3586dea79ef05e8f5bc8d6a369065dda7bf442619ec2e04c9cf51857135c7cb,7f4f9b2c2bcfd4e65596f6969b521430bfc72a80394a699d44b0e8af5b0f7082,5db06469b4fe41f58d774cd6067c0f62
case_006,4,problem_3,C,22289,786100,1329448,786100,0,338842,793378,0.29927222624578265,3.716496926735161,c82725f36bae7440fff2f25b124abbc88418c5024a6f1cb1615454f4076f1c73,63a68931596eaab288012042d3c4182056f534a60f0d07225f18d09d2e5c7150,0a58d6350a9a488f969a51397c4b290a
case_006,5,problem_3,C,20011,218164,761512,218164,0,162944,572474,0.22156651047431528,4.1395732347209035,88f0c4334ea8dae95bb5e1bf44cf46833fd7baa5907768e60b1b38046fa4af90,663d75fb2221978f1dfb24aeb6eb10584f1bd55af8a1d740149736664504a446,2cf9bf00cf92474e9557dfe73ce9d321
case_006,1,singlecore,,82837,16400,559748,0,16400,,,,1.0,,116957489330ab7f683a48cf93736de197bf11d0cea60b26404a534d157b915c,60fbe38ea83e4bac825e6bef61ce73f7
case_007,2,problem_3,C,490226,7183872,8916480,4290048,2893824,198144,4713984,0.040337711069418386,2.065500401855471,9bd26ad72b750e4810d3f3261b450326f2542382e8a35ea7b8d2aaeb5608e030,3f7275ee69406416a400581e5c31eabe9e0fe43ec9f37c81ccb3d16c3479a888,df3eed6f6bd1485ebeb1b48438f42b5e
case_007,3,problem_3,C,326994,5363712,7096320,55296,5308416,0,3589632,0.0,3.096576695596861,1bd92840cfe9c8535250592d201ad476ea76fd020f587f2f43bc6c024b8a3e40,fd7d6aabc29ce0965534f8fd141b2e298635064364a3b3607ebd1c073765b43b,698ec54776684450a3a4eb037eaa813f
case_007,4,problem_3,C,245978,6730752,8463360,4353024,2377728,195072,4518912,0.04138155751058977,4.116473830993016,11916cdcf8bf2c72906fea0f221f02bb4633b50113adf9922ee688daa003c8be,33c5d411f9698a60cf660f7401c216fd732b2e4813b52807aa5d360907bae4bd,ba2f41f439b442e8b70bac4e5349789f
case_007,5,problem_3,C,196870,4405248,6137856,110592,4294656,36864,3101184,0.011747430249632892,5.14330268705237,d1491dc51ccc29901737aa7ccbeb13909b312b9bcdce1d65acf0c2a6c61f1473,483bf18300ea620decea252f444f5fa53d29981351c52df77d1adaff4e5ce3cd,52a45e4c6a134b71a7cbe3594e116ebf
case_007,1,singlecore,,1012562,0,1732608,0,0,,,,1.0,,9eb3586dbf3b69b0908422176d108f89b153e6cef076f2ec36c3010bf6ac803c,f3c2e27e3ce945d0b66eb1fe6b4d9143
case_008,2,problem_3,C,181734,0,2654424,0,0,0,1990872,0.0,2.683069761299482,a86adbef47fcc653712aa2b7ae3d9923ed557fa3637626314e39d9b82319d10a,8fc729acd476a7cde2632276215072a71b960246326cfdfbd0ed1c79e89e15b1,8d104b2595d743c2992666d1ec6ca0a8
case_008,3,problem_3,C,121671,0,2654424,0,0,0,1990872,0.0,4.007569593411741,d0bd087fe3500f37e9bb68e5a19020f8eb9915de186f5764094ea06c6eb0e5dd,c51c03fb92ef4fd31cfba55103e91c14f86df07227483c31ed913c2f8f73359c,5cf75b4573e0476fb9cb4dbbe4c6f312
case_008,4,problem_3,C,92952,0,2654424,0,0,0,1990872,0.0,5.245772011360702,8fbf6960e78778e7b6034b32c1167ba4439b55231eaaf819c59b5172b73fe1ae,0c23f359610c2320c80669c765e591c9bde6bd3e317d989a994e6d1b1b50f194,8799a8fdc7cf474c9fb2fd1e7659329c
case_008,5,problem_3,C,75127,0,2654424,0,0,0,1990872,0.0,6.490409573122846,a1dfa7c8f14630b5e3ccd68a50cf9933608a3d596191300b4afe2232ba2f2b6b,049db2b011fedad08075205ddd431e27641c2790cbe63d09513a916bdce05910,22f6630614a94f51b428c664007e65b5
case_008,1,singlecore,,487605,0,2654424,0,0,,,,1.0,,4f67a38b0098322676a12380dabaca3075c628bdd6937910f2e68f98a13ee576,c9519f880fb34e4e8c477b43bc7002a4
case_009,2,problem_3,C,61441,868254,1363586,868254,0,200204,829492,0.19443020075828205,2.494441822235966,b5e01b8a5c9820819c36b8c60f0611ba0c68f00d8cb930bb89dafd22df5db81b,d79a23dfcc3278f51c489c229012ba5464982d60bd0ad311fd6f463dc1d92ff9,f6752910d0e9459097aab67ff076f12b
case_009,3,problem_3,C,44991,1219500,1714832,1219500,0,299472,957576,0.2382343395001623,3.4064812962592517,33dafef14923d155300bfb39defd7dca8dcd6c365aae9bf9f18f61ca300e87ba,38dc6d14c8271535badb08dd5418a1996da2c9de75572dfd1252ab6a79096b04,80f6991374264baeb0f0c6fdd1594394
case_009,4,problem_3,C,42248,1377964,1873296,1377964,0,380746,998952,0.27596329051720014,3.6276510130657074,1f859656b49257d7329c35a76aecd0c14a4583fd1fa85028d93dcb4332d8f2f4,2e92f8f567db0961e24987381e42b8f6f0f190a5374da7c9db6fd437470df141,30cacda7e69b49bcbcde394f621ac00e
case_009,5,problem_3,C,42248,1377964,1873296,1377964,0,380746,998952,0.27596329051720014,3.6276510130657074,b87b724bd46206e5a3b596475f3591c857453f671146813d7f62938e3d83462c,e137b4ac6cea377324d611b18c865d7e6e53b1e9e093ac15b750b0e39a0e9745,6a94acdc86c845d7990548677b879e55
case_009,1,singlecore,,153261,0,495332,0,0,,,,1.0,,a9287630ea40c1c8ebab16ac3a6ce16c0ad93e3a5e058703fac70c718f2737f8,b9bf21bc1a7744498f86e4821430ddca
case_010,2,problem_3,C,30063,313660,697810,313660,0,89344,496524,0.15249851502386202,2.8928915943185975,99eac0233d8001c897f78110a85898d37f08869c5c0773699cc2a3e20eab7f81,efe36899855aea7be2b823b7672b5a4f8ef22d3e8a5d19504a22578a80482b10,a9794ddd1b41459f821e0d75a01b1745
case_010,3,problem_3,C,23062,671104,1055254,671104,0,332098,562220,0.37134218477096514,3.771095308299367,30fe874c883cc5d1975f38db0dbacb977ee1bc500cc5c7c7aac95105fbd250d0,58dc20aeb7ff63f660dc3f18234274e94d9eb92bd074e7e7d548dc96fee51ab6,88a0b01edfeb4a209bf352438bd1a3c3
case_010,4,problem_3,C,20787,679052,1063202,679052,0,238404,628016,0.27515985318898456,4.183816808582287,61daa3ab79b040ce9f77f5a160af4f4faad6e7fbef7058956cbbfd61eba810a6,943e94162b4f85df13249ce14acea2474eab630b8b88843f00e7f9f8896f5e79,ad43cf18a1c14a9b9bd0338b5b23c188
case_010,5,problem_3,C,20787,679052,1063202,679052,0,238404,628016,0.27515985318898456,4.183816808582287,aecf86588abeab535fd94223ed264536ef9279ccbd0145838515860dcac7a1c7,fd814e97f2b72a4050bab2dccfcf12c91c8a8fed91937ca1b83d7967af446489,b118394c0b2c44a2b2c4050d9899ab78
case_010,1,singlecore,,86969,0,384150,0,0,,,,1.0,,34b26def2638e746a28a8e896f1d46b7c26890570a2b58f18782796562dac7c1,9cc480fb4a54432a808acd399e9e43bb
case_011,2,problem_3,C,92646,180224,786432,180224,0,0,720896,0.0,1.9935777043801135,988b68d63bc1e83b968806ebb7f8cb78a435e48d18b2bad38b622f193d9d187b,160486e78fa7bb245440575ae12d76a6ab8855de32820281b8b0af9e56459d05,ba97a2797bd54d59bb7ea8e1dbdf12cd
case_011,3,problem_3,C,62289,944128,1550336,944128,0,786432,661504,0.5431400282885431,2.9651623882226397,904e5e3a4fe9ddcf4fb6e27fe7791e6d1b78bb7c4fb04fcc2eec5c43a0410989,629958622259983c3b45ffc96cd446574540f6b6fc7f3530248c51881a129135,e32314425eaa4661862094395199dfdb
case_011,4,problem_3,C,46880,540672,1146880,540672,0,83968,997376,0.07765151515151515,3.9397824232081913,d00678c67088164c5e77887c9f6000b6e9cdddb8443e69c53f3f2834c7df6927,b0ea060d67508dac6b136ed04305d786c7c418bd0b189b0878cfe89647ad20d0,f5c7324b657444e7bfae1e88aaa22559
case_011,5,problem_3,C,39726,1599488,2205696,1599488,0,1124352,839680,0.5724713242961418,4.649272516739667,002ae22dd3d792e18e53adbe6ed694d9d3b8cf7fbd751a7a1f4fd5fc085b6b3a,d4072ef69fd8dedc885971ea731f811d8124bbc65409f1d045bc565069a65a7f,8bc8eb713a1b401d8ad5611947df0540
case_011,1,singlecore,,184697,0,606208,0,0,,,,1.0,,fb6ccbc79500794d75728ea33e7a1e88dee3567c55089c1422fd84e8d79ccbf0,2a9e1957aecd4fd49af81672100241a7
case_012,2,problem_3,C,19558,313204,868102,313204,0,91008,595482,0.13257003015338897,3.021167808569383,424b774bdf6ee2ade75c6bb9515485ed1cf143f7cd782bff84383a6f40c8b896,734cf40593296fd68f7a9c56887aa1c5106601ea17359645ed448b685f818b15,846ec42bbf764d6aa645928c0694f16a
case_012,3,problem_3,C,15395,422014,976912,422014,0,132248,631724,0.17310582063216975,3.8381292627476453,ce57419aa120c3330ab476bfb88a1de811ec4b6ecd7253a78bed59b6039d7fd8,9690330b2de07d9949ae4a6b75af5775e8caa3c727811abb3172f4481f9a0cb2,08c4e8343bb44d8e8e5c5836cd12afd8
case_012,4,problem_3,C,15019,31838,586736,31838,0,27714,486158,0.053931718404583245,3.934216658898728,ca84cb1a210d3ea56aa1aa4325a33952e3a58bf255d0c5a484083b96ff25abcd,24f0d5ddfc457aa102161f976bdf4617c9bb41e8c3ff1395303ef1575a90fe80,185521c150b444e1827867e25e5ca26d
case_012,5,problem_3,C,12343,40320,595218,40320,0,20736,503680,0.03954112765438125,4.787166815198898,3f9d37f7179cd9b4417091090a5a1478c86c7b3499c09bea19a23869223a9960,07b77aefd4605ed09011a0c75f121be3b3d8469394b78f37aa5128fd5e3e1d82,96a44a0f41cc4eea85ecc7bc3fa437f0
case_012,1,singlecore,,59088,0,554898,0,0,,,,1.0,,a0a376df8fb23c7e1154170178c77ea9d14e09602626cd6a9f2224dadef72d76,5ad93474d7c94d148a6d42a04602f51b
case_013,2,problem_3,C,132198,8192,2535424,8192,0,0,2031616,0.0,1.9966187083011846,34d63d4efe4dd31db73f154cc8ad55c03a4479caab08e71297306f14b563f95d,7c5ad84928d4f85383857a41b144d4cfcc0ddc710aad7fdf5bbc664725ff81fb,6e5a8ac353d04662b61fe9d21a772d8f
case_013,3,problem_3,C,88351,16384,2543616,16384,0,0,2039808,0.0,2.98750438591527,5e1f96ff8ea907c2937811566d1bdcf4531f198207d565e5febe2e27bd445a44,60fdde68f2203c7b099dd233474ee710d4dd7ad7958632b5a7c1203965b20582,d92888504f964946a11e21c5c4a937b5
case_013,4,problem_3,C,68349,32768,2560000,32768,0,12288,2039808,0.005988023952095809,3.8617829083088266,548a6a0bf5f449d72226d413cf03c5b3c248eb0e7ae1d6eb53ff375a4f59169c,70cf32e719ca1be18d0821eb4207e9656544b00f0c7633d16ec0a62f0fbe65c0,8a0e611341854bd6be4f02a82a94096a
case_013,5,problem_3,C,54105,65536,2592768,65536,0,12288,2060288,0.005928853754940711,4.878458552813973,3f4f06d3b90bdfe5f3e70403df922e1d6cbe3a0bca2ddcbac829e41e71527204,b817b970194ca0f0edca7554956fa528e97d20c4b31ea15a19b023150bf1c220,a99ff1d7adca423d9e4fc9e1c1f9f5d9
case_013,1,singlecore,,263949,0,2527232,0,0,,,,1.0,,ea62fb99fcd750b9f00e86794a5ad07278cee30d75eaf9deb5c1f151e8a13502,b342bb7cd16f4b81a92bad5f56504618
case_014,2,problem_3,C,8724983,152286568,162219308,101985640,50300928,3527064,94126880,0.03611798822994799,2.0284997689966846,f40f257a0364ed4b31bb9d38d8b0697fb7cbaf74380ce3ef38140d55d0bdc3a7,4de6a4355bd815a66d3780e562e60773c87e65d7f93a8c0b1e6f78750746d3d6,96fc5af5c5ab422f8336f9ea7a282656
case_014,3,problem_3,C,5875552,192569544,202502284,132215496,60354048,23277360,110690532,0.1737532751504368,3.012249061875378,57ee9333f743d592ba73ea77d99cdd08895246ca907b73626261ea9e6f2b6bb6,672f814ddfc3d79c5d494bd36f777971c77e5650010654eabf2aacb8f03a72e5,8faca96d50514d7a98b676fec1e331df
case_014,4,problem_3,C,4490096,198857104,208789844,175594384,23262720,18492528,112806512,0.14084282718289487,3.941703250888177,fca1c2be7e2a074cd4777e5551d86068b17b9f05043d586cb017347e654ac1bb,7744be4afa4f8a81090026237636775f5bb117f116c32b2e7f4533fa2a6afcd2,e53c1a61f1f04e55a010e0689b29a91f
case_014,5,problem_3,C,3638394,128566492,138499232,126985084,1581408,16460256,72856646,0.18429049408811785,4.864406108849124,87a1571f54cba23d8c0543d2098f3ce1e5677eb9ec64cfffa6049acdb09ea525,b40a6c0fa354832c8f2fadba3d3306a2989a5ea623aa80a51f2b9a5ea69830a9,3efa40c651344b5eb76bf46dd897d2ca
case_014,1,singlecore,,17698626,71010720,80943460,0,71010720,,,,1.0,,7e7080b738c855b739aa3440fa998833fa83f3aefcd87ce6a12c56e2ad4badd5,d9ff576fd08d45599f1436bbd5605d68
case_015,2,problem_3,C,55420,1237890,2122504,1205122,32768,600782,1220956,0.32978507337498586,3.2003247924936846,0bfb32dbd2a89008b2962688f63b4033e63a7d5b4cd0cd397df179d05110e935,d6210e9fe4ad5ad1d53fe2eedc843bb77a9f656c4e4f981aa567e949285e6bcf,d2c28d13cc754e12900a82dae1a45f0b
case_015,3,problem_3,C,45626,1984124,2868738,1984124,0,769052,1550890,0.33149621843994376,3.8873011002498576,5ef173033b6e7bdbc5782ae879dad9f890346f40248f733d48e1164fd8589a11,87075a1d3d2aaa1611e1fc70a31e541743fa787c627586d204be486514e55a41,76d371fecb8e4e108cabef880bba895e
case_015,4,problem_3,C,45626,1984124,2868738,1984124,0,769052,1550890,0.33149621843994376,3.8873011002498576,7c81b9b77fb98a433c35bcd3cebe480993377d9d0f5184bf7abdd472d4e1be2c,6e0893a19c00042968f3dddd8ccb8295436727e785802849918d95bda5ce10d2,031207572d6141a388024873eb47f413
case_015,5,problem_3,C,37248,404736,1289350,404736,0,240896,1048322,0.1868543566720291,4.761651632302406,865359fc86654c79514f5c64d5ad68c255d32d8e507a02cdf90304112690c9a1,82b90f1493153830b8cf563476b255b1f51a369a659fd4dce8b36a6b076ac480,537355ba6cce4eb0849cff91b8576969
case_015,1,singlecore,,177362,180256,1064870,0,180256,,,,1.0,,0b0f83d8ffd09a95f0886aecd4ce3ece9842b6865b9fd658779cc906ee20cab4,acc0bcdaac2d465e83ed5f089244bfe8
case_016,2,problem_3,C,4735120,120600876,120994094,1063212,119537664,393216,60497046,0.006457781377258649,1.6294250198516615,a70870dcbe17fec80e9776c5a924a6b8d1da0d3456fccd2ae266c164aec31b70,69579d07a5b062e982ab7873a89ea4a8cb2c62b2f8a47121b62108d983e2976d,448a3c59674a4661a565b4aa973e9910
case_016,3,problem_3,C,3592728,120210100,120603318,100287156,19922944,262752,60366586,0.004333743508794373,2.1475388618342386,53fa3997eef91faa5f1bb41b6fbc2e070624ab9e1f6b6ba7b98f15763cacf190,9680a5a2724e0d4393c8c5a6c7d39d2e0db650073b1775654d3c57e0dae7ff9a,f01d9ac4195448fe984bf480e84c9e31
case_016,4,problem_3,C,2243083,409064,802282,409064,0,394432,399924,0.49654311165270987,3.4396957223606974,88a96d4e923df496c04805b3916a3a14d0fc4483bae6e6253528391d552fab0f,2ae57e3247aeded1a7f4664f4efaf651ef4b237f0896423f74cad516db45d95c,363bd163298a47728e33e98c1102faca
case_016,5,problem_3,C,2086358,214892,608110,214892,0,198432,400534,0.3312909246935552,3.6980820166050123,433f1360bca9e863f92f1518f85303e28163009501041a2afec399650176057b,13432764b53980e799b177ef4a5a2953153e034a19fe32171e5bece30afef556,7b59d37e80814dd9962aab39576c612b
case_016,1,singlecore,,7715523,0,393218,0,0,,,,1.0,,96a312306f798fb7b8d1ca089f2a8d88cc40c3c5f94edb012d39f70a843e6b71,0a678ec6a8744385ab02cf71c95ea6ab
case_017,2,problem_3,C,58065,838806,1482668,656534,182272,264214,862606,0.2344775563089047,2.8039266339447173,df659846cbb8dd84db67274eaafd4ca5be5fb9b759806f85dcce3e83328d5887,71671b0406d518281b4a1b354e85b4bdda06b77792918fa63510962054baf927,91557151f44943e88b347ad58c48c0dc
case_017,3,problem_3,C,43730,1034316,1678178,1034316,0,416164,867220,0.3242708339826583,3.723073404985136,86ab552b665a93724313bea59698e26959a7a12453a30f53dabfa28a1bab0c63,6a0ba24e89c0d4872d3234e9c516d252d8ff7a2734940daa84a002aef7935687,6740876c501e4d7bb281197fec9257d0
case_017,4,problem_3,C,36026,1381392,2025254,1381392,0,607542,964010,0.38658727169065993,4.519236107255871,dd0c6725cf1ef33b9ecf76238a6b642efc81e56e6ff794d48c0bb1a891536f16,f108fc0830df51a03d4bc2d3d83c10b42532772504d47ea851e7a742ef4648fc,aaf9bb3a445a4138824e06732eadb348
case_017,5,problem_3,C,32882,332420,976282,332420,0,209536,658000,0.24153003448848231,4.95134115929688,18936fd9ea9b668aab0dfbc60212572e5e4edfe0ea141a05bf157f706de810c8,04ba52d93f18df38a1063380eb69e5242122e2fb7ad5218d25b8c0ebc5526249,3dc2e3a5887441c78815fd6e66b86eff
case_017,1,singlecore,,162810,22528,666390,0,22528,,,,1.0,,705e6338d261ec3204b455f43638004eabb5e2bfc20706578957501f255f5bee,bc5e0e1b3ea0468ea5797c46507f4adf
case_018,2,problem_3,C,487760,5343192,6936040,5343192,0,797696,3865344,0.17106780126269558,2.0591417910447762,feae037b36acd99a057b885d097a651d50fb9d962940a99d7d34891dd7f8ed51,dcfc9dbebf5fd4c557ab31fb69925ac4e23a839b392f780b4797b0e5ef6dd648,c7da73418d9a43d4996e779bfa9ccf1f
case_018,3,problem_3,C,331738,10083916,11676764,10083916,0,2544128,5411386,0.3197942961322172,3.0275910507689803,ab3e79aa54cb19e5ef2d39c946e3a302586d8afd1f8cc4414d6f6b15fd14b633,317514ffcbcac7c77ff0814ec9aaa7cc0b8e4982fc3f062d4cefcdf44575ab25,204863cd0d4f47c197df24b7bce04cae
case_018,4,problem_3,C,256107,2473344,4066192,2379136,94208,1859584,2131476,0.46593737002199914,3.9216694584685308,c5c30111b7069cf49f2aee95e0acdbf4d63957924bf5c4d91a866d330ff4e2f5,7cfe6738c2ab16dbae354961967b3a9bb7e4f8026782e7fdd2199df809b2b8a5,87b32d5955cd4f43a4dd8dace6467fdc
case_018,5,problem_3,C,199911,7388160,8981008,7388160,0,3073280,3991060,0.43504134851946535,5.024070711466603,a640f5e66f80893e6f1a71c700bee9c0250be459cd95ac13ae071ebfe58dc303,88c275b78c2cf043c2c68cd4214e6a6064e7f2ea80aed1f5bb979571561b8ea0,e07411e4d91243be8cc10c8bc701328b
case_018,1,singlecore,,1004367,1970176,3563024,0,1970176,,,,1.0,,b27c3b604746cd396f3283226c1002a831621cfbfd15e83cc57068b13f9d2498,2fbd592b82b04d47963f17ca3965e708
case_019,2,problem_3,C,25221,951088,1138072,951088,0,76576,616508,0.11048588627063963,3.2173189009159033,763169688fe4d36275f8749dbefe35e13f7998e297a48da1b29877ccb6d37d6a,ec82efd6d0606c9e7f39f26f9a301e8b460699d1fa9212fd30bdb86d218be026,1bbab7703f7241c6b412de119debf004
case_019,3,problem_3,C,20059,955736,1142720,955736,0,102464,601792,0.1454925481643039,4.045266463931402,dee5cd7e994414842603f4cc6962c4dddff353dd95b3d4ce0b6b1ba5b3ab165b,2c71aeef64ddcc1658c1c8e997293c8eda3e194216f146e110e722e541e54461,9888fe69387a4bd1b2e86964ae3516f9
case_019,4,problem_3,C,17539,902992,1089976,902992,0,157504,557116,0.22040245165262656,4.626489537601916,28121997624700043403b66e35bd943a43c30251f15ffc6e4ecfac3fff935a10,d0b2a700d0acbe6c4d7d514afc624e86f8e9989b01db55920695bcaab84f238c,d1b1658c82f042cb810aa6d5441ddd26
case_019,5,problem_3,C,17012,67108,254092,67108,0,2592,236086,0.010859819505777659,4.769809546202681,b65c7657c6995db646dc4af822df5ca6ab7076f55e870f1aae946af2be3b3b62,01854a5edaad2ebb198181bf85b1b053eca0cac676ed954bbd63a2ba68b61386,eae1a1a24282444e9c7f4eebe7c72449
case_019,1,singlecore,,81144,0,186984,0,0,,,,1.0,,08dad03000db002c5be791bbc9ec61c685e01e1b8db755b21026be3e3c0392d4,dfd38527431c42c5ac320f4897371e9a
case_020,2,problem_3,C,266580,0,2359296,0,0,0,1179648,0.0,1.9984469952734638,de39ddcee4a96267f30460c4b7f8879818e32dc28d46fc82190adc6e13b9e6a4,356b89f9b6b86bb860da56ab8e16d6557c7b1f2cc520c6c3be3edbb1b22eb275,fad4d289825e4f5c8bc0ac6d915cdda8
case_020,3,problem_3,C,177950,0,2359296,0,0,0,1179648,0.0,2.993796010115201,0f86dd345ffce6bc85b70d6bee18980cb452278fc5770ff45390a3c8dcbb0d2b,04d931e612227d839da815d67087a80bac9179971927cf18ea7d12d00528d6f3,6459b7f52cfe41c4b3955c73d4a634f5
case_020,4,problem_3,C,133704,0,2359296,0,0,0,1179648,0.0,3.984518039849219,b18f889f98c71d39b5c626aab01e0b2ce9dea9b33dff28f59f8543ed9fcf8ea9,56d8c1be4c1e6a5011f6f700b6326976f94bf32fbdaf443e964ccdd4c40a5bad,a1a178cc92b64141b25d9de9edc6f2c5
case_020,5,problem_3,C,107650,0,2359296,0,0,0,1179648,0.0,4.948871342313051,28f435228d04344466817ca793733c88f95639b9d5db7cdf3ba44e2ce512c41d,48d1d1616f25581253c278b19942234ced28792bc0490fbbb6e105a7214d736f,6dc38bc776374981a2cdd6c961825446
case_020,1,singlecore,,532746,0,2359296,0,0,,,,1.0,,739e85af809b8498ce5a66d8363d363d980dc71748f5da02bf40116198e45f3f,370f3ca612054ab9b492945f580fe820
case_021,2,problem_3,C,3101445,42233856,45572096,25620480,16613376,61440,23441408,0.0026141512722202857,2.1177022323465353,8204fe8e6c3959793de538e2523664e9c78d4d9ec1561a3baf7e6cba53db0a2e,38a255b36d9abdd4cbc4da119d0d4b1c2448fa2ced8d2e3a9ef479fc4147c9e6,e98c7e7d3a4c42f395a2c837444c91ad
case_021,3,problem_3,C,2070722,40591360,43929600,28352512,12238848,188416,22556672,0.008283810552854314,3.171810122266533,711273f6a3eae3bfcaba95b8175069ece79ec89103b51a9e94fe7ad3ad5fd923,9312f4608562b4ef1e29033a89aa7c1ab5d5707f239b93269befad09520fdb0f,0743be430bf842b2a67d9e2cd4997b8a
case_021,4,problem_3,C,1550324,4608000,7946240,4608000,0,0,6963200,0.0,4.236493145948847,a2817431d583a99337e8bcebe1c20ff6a438f38e3865b70742480ba1e5ccc6ab,27ab95d3dcd3d4bd764a3f52700bd1a4c1d20d76106db012525c147ed8a4fd30,5ceaeb075c3c4a0ea556dc550af988cf
case_021,5,problem_3,C,1241101,53329920,56668160,53329920,0,4767744,27324416,0.14856413529036375,5.292024581399902,4da64b38d883841dccce398c493afc5e35310a888f1483a496b6ad8d7ffaf39b,769ccd890a3948d8a646301106aec3fbbc3d2b1f115ac9b61e00c2eb58dae131,9da25251cda9469b8c32b2bfbd984c6c
case_021,1,singlecore,,6567937,4501504,7839744,0,4501504,,,,1.0,,26eb02ad528ae16b0e5d490e18fc150754f0a32428dcacfccf0f8b4ed95a9d9f,968d8aff95ec45febcd9cf1d78e57c5c
case_022,2,problem_3,C,28594,21292,234978,21292,0,21248,213562,0.0904901835526596,1.985731272294887,cee32a67d9f21e352ed8f2ce47558ebbe9995343ce31ba78f25ffaf01b42996d,70d0daed0c5b1cc4214d735988ae8e6fd2523ccc3018727c0cf25f4636d450cd,cbf9915e01524b0e982258c683f2f2c6
case_022,3,problem_3,C,19135,0,213686,0,0,0,213540,0.0,2.967337339952966,df72b359be2fb99f7d96fd91dacc5e3a521b076cd73ea7c23db932580812f088,f698cf034d8c1fff75400352d28ca2836a61e3d4517d0d4842f2b6bb0d2c2eab,d452df6056844eb08223c774c3e4b729
case_022,4,problem_3,C,14440,6912,220598,6912,0,6912,213540,0.03135376408469871,3.9321329639889195,6ea39fba33fd539a346279a4d9ff77cacdb757842081be6251d4cdbde01b07e7,3aa199470e2fd710266c40cf964c81fbe5a92a172d676ed35167c61f45476761,ba834078c1d544b09c7e6d29d2a63466
case_022,5,problem_3,C,11793,20736,234422,20736,0,9216,225060,0.039338216462633815,4.8147205969643005,217128abc07558ebd8f4432027a69444211c4de00c79a3cbe7125af3a0fae2f4,3dc3001731ae038a9363c8a3c71db286ed1bb7802aa2c933d146abdc2be6bfd9,9255a7cec4c34d128a049d945d32ba5b
case_022,1,singlecore,,56780,0,213686,0,0,,,,1.0,,600b20f33309748c037e4049e8aa6842a2f5426e2f71db8201e6631d4b0c3774,ee5d337163b5492892a7b65aef2517b8
case_023,2,problem_3,C,42270,579758,1023202,579758,0,100898,680720,0.12908863408979834,2.900733380648214,7912e595cce5222601eee8b2f93b57d4b179a5add55449899423dcba0279dbd7,f611e0bc792f686041a50257f2bc2aa09c5bf487b5db96be437181a9e834887f,4f0e6f11a55b4ee49c55ac83361b7249
case_023,3,problem_3,C,32016,712374,1155818,712374,0,214532,699938,0.23459708902424356,3.8297726136931534,c382f324ba4ec768e77de1b4441417aae5f2ab392b0b4a972273f4398ed3f2c8,123ddb17fafc4902cf98b57d9d6c970629d76bbbdd35f1c6253d9c35b666c66b,50db7933b5ff4e828ad4bb2056762288
case_023,4,problem_3,C,26433,739058,1182502,739058,0,180546,751010,0.19381121478472577,4.638671357772481,563f5cce3cbb6f830224ff94e1c551e1b989add2fcfc4958ceb85198535fdfbf,a1c2903b832cee8c57e77d5eb2dcb758c6fc7460c163f9651d381e14bd513b75,9ff303c1a7114720bf54bd54b5dd0720
case_023,5,problem_3,C,24838,292144,735588,292144,0,148768,538578,0.21643830036109907,4.936548836460262,d9d247aa1b21ce256aa86f968833e6684ff2f6505f95dac886a15523906f7661,c61e36ab629f08978d1def8c5530abb1b4be04a44555d94c20c098ac3540fb09,e3ea990be93a41f8a7848eac405b1a57
case_023,1,singlecore,,122614,0,443444,0,0,,,,1.0,,8ac876158577d809a8fae6a258cf37418f735d74901016aaa97d5981dcad9faa,378518982f824732970bd262b941c925
case_024,2,problem_3,C,1572508,40375020,40768238,1053420,39321600,393216,20384118,0.018925238435306475,1.625011128719218,15479a0c4d894a560ba5a34add70506cb76a3a15cc4808f24bf3522ac27fbcbd,015be43eedf83acd4dc18ec9649ffdeed8f78cd62ad477ad505655c19bc2fcdd,e3d92589fc9b470fab4bc1859958844b
case_024,3,problem_3,C,1193076,39982612,40375830,33429012,6553600,262344,20253250,0.012787541028546383,2.1418107480160526,f6391c208d212fb10d0dff64d48423ff8d53db3d9c1812d8aa335196e5dc7c8a,192218fc8e7c6730d411eee2772fa0289d7846d57cc22edb3ffb5bd422190c9d,95dbf90178084d2f9b8f8b7ff57fdc06
case_024,4,problem_3,C,746743,398456,791674,398456,0,393616,395436,0.49884671732661473,3.421984538187837,07ce6728ddcc575daf2395d8fcc8ad55e6a8be1918d6acc50c177a5cf9e527b4,dbb627ace1c28384736550f04df921815d1ade318148ad6c6e0bb484d85c24f5,6c6e221e02224f71bea6d0c9d0904615
case_024,5,problem_3,C,693242,202652,595870,202652,0,197208,395638,0.3326462521464259,3.6860764350688506,9a5c1100b1e08e02a8c85876ff18fbfd00fd912876c90dc5a69d46c4141450a2,0c214bf59e07ce2334c3be3fd7e361a0f963e978d1ee93d1134739ad9469e5d8,1f75843e82f34cef8aa4a5cd4aee5bca
case_024,1,singlecore,,2555343,0,393218,0,0,,,,1.0,,17b5cd77fa85ed7762d511b0d0a45ca865c3e0f4573d378d50e9c26b5497c7d6,98606ac706e64150b80b5f3bf0e551fc
case_025,2,problem_3,C,2392506,15378432,23596032,15378432,0,3087360,10269696,0.2311407543698252,2.032607650722715,726fbbd68ac84e4f5cfe4ad73077143a1934e83a3f7ee88dcf740c05ae5948b4,ca4721a368b609178cf40b3f6913d661dd25cb54d5df74744b0a887f086b6c57,9df289e644eb4155ae7aa5b19dcb9aad
case_025,3,problem_3,C,1571101,20453376,28670976,20453376,0,4121088,12295680,0.25102919161676646,3.0952981380573243,31fd4f2903b935182349ab52c8620646db3c892681d337c68d1480a4c51224cb,e01fa9c5fde827021ec5d70b25b219b19398077467fdbb30b8d6b2edbfb9fda8,b3e34e2da3a847588b4d02ace7e46664
case_025,4,problem_3,C,1197688,37960704,46178304,20557824,17402880,18432,26201088,0.00070298769771529,4.060344597257383,b573a20e682287aa5dfd25d91983df153f373363fdc029c3c892612f1cf15a72,97e4d4b963a8c595502de26052fff3dc473e4c10c9e25b20482df3ce6e0c6a85,c246a404d2534f0ea3029f6b22330c5f
case_025,5,problem_3,C,970679,20539392,28756992,20539392,0,4022784,12467712,0.24394560357675113,5.009921920634937,c79737faedca9bba83120c2324c64cb15a5765749c03265808334fbe521daafe,4b028d62cce2bfbc3adecfc4520df1766a43e9d8caa599bd00d965345322f8f3,d5a543f58d124ef0928b516a6561d54a
case_025,1,singlecore,,4863026,0,8217600,0,0,,,,1.0,,e079194bfbd59fde53f529ac8000c905692e6b38ddf9953dbb39232fd236c155,3ea235220ab64a57864a19c68a1d1560
case_026,2,problem_3,C,40167,742996,1271850,742996,0,261504,742712,0.26040612776534133,2.4697637364005276,69b46200c7267c2a22129b73b1111baf6d837817872299b10f79c80243219007,b82e55aa1401e6e7f2eb93956f2255872032eebb1f5e2b18bf97b48b56cf41fe,496db8544fb84082afe60d903820f223
case_026,3,problem_3,C,31115,1121324,1650178,1121324,0,390408,869236,0.30993518803725495,3.1882693234774226,82d77ecd5b9446232885891d8b9348c68ee4e3b8acfdb904d287dd84394ee367,69363fd037d2ac7506121fb685e93c6b5d515d626e2f84cc0f35d73e9e43d4ed,4b39298d7afa4308bc7b8fe03e7ad9b3
case_026,4,problem_3,C,30768,1252932,1781786,1252932,0,474896,917872,0.34097279661795793,3.2242264690587623,d62a704c215d2c822dc7b564a22a9ab762a706288bb54a17a2cfe88f024df433,fbd9d4611162df12262ac69bb5a551d5b2c134f28a364f5ab28476e548f4c169,7ec8e5f458314756b77c0ef0e9fd9243
case_026,5,problem_3,C,30768,1252932,1781786,1252932,0,474896,917872,0.34097279661795793,3.2242264690587623,fffd2a58d4f1584af6863159dd3f619f8284d6087e17c03739382403581d5010,908597173c1f4575d09d6374eea8fcddb2881e1773f3875913f94be67710869f,d685bbe79cb144d0ab4549a91bf6b495
case_026,1,singlecore,,99203,0,528854,0,0,,,,1.0,,cef8c88afedfc7c47504652aa9473f4e17ab918a6ff5c9bfb5719aee756240c7,20e19e0ab1274d2e8c88d6f792bf0a6b
case_027,2,problem_3,C,1115722,1105920,3145728,1105920,0,0,2949120,0.0,2.118764351693343,688881b0e6b1153f5a9ffbbfc809aeeb07ad7e619de6940057b97b43454e0018,f5392fd1de7d3e62cfaeebe99afc8c02b034f710fd2add5917da54be6d8e9211,bddcf8c759774f8ca199adf0d4fdc00d
case_027,3,problem_3,C,744579,19513344,21553152,19513344,0,1148928,11556864,0.09042553191489362,3.174884062000137,1beb15e9f5e7cb4e391587f9fefd8d383e46aa3d3488561ae26e3c0c7fd78db3,a3295af6c1e74ed00c035dca0f99bcb6aa26110da6986b263e61efc59486c10d,3230178b9f3e4edfb4d0b66ef7685d4c
case_027,4,problem_3,C,559196,1843200,3883008,1843200,0,0,3686400,0.0,4.227412213249022,f95653d07b5130771e2885b414805753a7816707e0e2e3f150f63b6e860875f1,c7c0c6da19b46ce56514151ee8279aa23a4e59ffdc70d2359a770540cb383ff5,e1081263d9c042edbabd24fb63907ec9
case_027,5,problem_3,C,448117,22831104,24870912,22831104,0,3545088,12478464,0.22124233128834356,5.2753008700852675,fda8847ea91f2d7e8113c232fa0961a58ab5196260c5dcc1625bbca42697bd30,5ebcb5af4666664850e261ccfb3b5575ab939c930c08cf8dfd76d7db05f8761c,bf08cc26a14f49c2b9783c6bead67a5b
case_027,1,singlecore,,2363952,1400832,3440640,0,1400832,,,,1.0,,d02dcd8bb4006c6d9b323a52ad669b15d1a47c0a236e672f956bb9ad41940b7e,b5dca69f3d0941b0b98dc67939d01cae
case_028,2,problem_3,C,19897003,76297776,82206384,54606384,21691392,1730472,43077384,0.03861983487895516,2.203147881115563,b2359ba28097d0d801e0c5bdf2a25f7ab3d4503e90dd48b90fa172ea3e8a1227,f07d9721cde906af66b8cd861ab65495e040ca02c17c9ef62eb03918ef49aecf,46d40abc16e145fdb36080cd7d97e53e
case_028,3,problem_3,C,13278742,44254896,50163504,20637360,23617536,2276544,26771568,0.07837149622667387,3.301219347435171,2206b1686ad9e687d9df5b749c5c13819995976ea8ba74128a79663077d1b681,639eef9d37a7b531de8a2c1fb2b1061d689d59d36be0440609539e29a445007d,1454d36df651400fa496e511bc13dd1b
case_028,4,problem_3,C,9786553,92486880,98395488,84389088,8097792,10197528,43193160,0.19099825048143226,4.479211424083638,dfb60ba3c1448a971f2b3a5ea6ee36e570c19fdfeeb9c9eeb5f63e289367c4a2,a0dced81416df04f33655c21457774f7e0d28d4ec5452773f612cf63597b8ef0,473be54f6e334dc0b56992059c187b26
case_028,5,problem_3,C,7831529,86751744,92660352,81836544,4915200,10507056,41194320,0.2032258483797414,5.597379515545432,9468b3ad238a6e7619b97939ea472ec23a39c1ddddf7ed833121acffead59cae,8a21914562df390889524a307238c4db922a1cd181b08de71c9539ec4654f969,b8e1902e270e4628ac4334e0b0b95b12
case_028,1,singlecore,,43836040,277412256,283320864,0,277412256,,,,1.0,,115324e723c44685fa2f17dc9dbcd51ac21f5225e87321d0b5529a0dff861de8,657bd61681864e6a8cdfcf639dddb91f
case_029,2,problem_3,C,18865,18464,448628,18464,0,18432,258148,0.06664256273049389,1.9907235621521335,a858444ea978cfa864758d60242f82f9baa29d22cee90a0186ba592b49e13d39,77db457c68f5f4b0dc887281f87578ff8adba051329cc0eb656ce8949720946f,0bc53283b2844af49ebff149daa678fe
case_029,3,problem_3,C,12743,0,430164,0,0,0,258132,0.0,2.9471082162756024,909c1d56ad8ed3952068613f0620b051d1588201cc24f19434c9cf734ec32843,4febab1bf14fea3df257c4bc3674ccae2ea601dab9e27a2429f46d21253191cf,0fa4f598289c479f87e8c6837e93d730
case_029,4,problem_3,C,10342,22568,452732,22568,0,22528,258152,0.08026222032207496,3.6313092245213694,45fb7f4b5c043117382468bc2bd607c4d8bc682db33e01be5f8bafa4e38d2854,89b6f9050cc3c8dd40cd2e949dbdbe9be8c2c52ee9b74b2c41fce30f78c754ef,8fa34653ad054e44abc24697a844119b
case_029,5,problem_3,C,8542,26672,456836,26672,0,26624,258156,0.09348971135613456,4.396511355654414,a92fdcdf4e2b2380dfb26693260daac47c51455a175890eb0b9f0cf850d6c71f,d987dbe064f82668d76b239dc66c222ab4d2b4f04a6235becc9eaec4981805e1,ee2d71a109a2448c92bc6c7b837a44b2
case_029,1,singlecore,,37555,0,430164,0,0,,,,1.0,,cb9c02093531475615b60786c4d05487583d05a1ce41f024af863edcbfcf0bab,6de908247d22419b95990663d7f7308d
case_030,2,problem_3,C,1388906,1441796,3835856,1441796,0,32768,3580930,0.009067719549336994,2.021759571922074,24f5481509178d12d7b48c96f75a5e98dacde55e26648ad2658b264467cc101f,e69a00ad148a847a16644e301c894a775d4520362ae4a86f6d91f4ae499c6448,d1908dccd4ec47e18de1bb97baccfe23
case_030,3,problem_3,C,939103,38562824,40956884,35689480,2873344,2204672,21613060,0.0925643130084762,2.9901235540723436,5a47411a57f0497db713c5bd2e028f878d98c845ef684701dcb1d4e3329e68cc,2207f6e6919007786d9fb4dcaae901103e16cfa7f62d50b2149ef2dea150f470,a0b0b5a7d9c544adb90e797db36ad027
case_030,4,problem_3,C,704804,32372740,34766800,31635460,737280,1817088,17866754,0.09231368550916025,3.9841345962849246,c51dca508ab7165c03c0708b695d79a012bf5ce72a30776838e081ce16215bac,b9b6010dea8355af94caeaea05e15237c8de920bc154edc8687585b6ff33d213,c4701f7da8344a9eb10eb4a476e1a321
case_030,5,problem_3,C,558384,21241856,23635916,19845120,1396736,6419968,10374656,0.3822632766294738,5.028858276741454,b812d5648bed1183b893eeaefc23217e67bdd22ef248a85e1a2553888f5c1ff4,9d9efed76df362d177c964141546b7c2fb9d05a5a194b37963c53c7ae35925cf,6f43be14d19c449d98a6ac628dca8f0b
case_030,1,singlecore,,2808034,5519360,7913420,0,5519360,,,,1.0,,e0d87c4d5304fe6bde6804c63b4cb8ee2f55339228886b4137c5cc1d8ecf064d,42f27e4d5cb24e84acd872eabac30aa3
case_031,2,problem_3,C,680375,8338554,10523594,8338554,0,1241700,5754368,0.17748541037622848,2.078808010288444,4a5c7122c8c152fcf611aa645c7a8000b0a20108fe6e50f6153985f65ae30c99,8d7cc75f31c17c9a40fb25822abebe3f38fa39515c5edaea714e431bab330e10,d11d92e45aba4f6ab2c3b6b63c29a3aa
case_031,3,problem_3,C,455943,3159640,5344680,3159640,0,767046,4198718,0.1544668655215995,3.1020741627791195,217a9e6b460c1b08f88b00c6a22648cac8fb8c636291f2b0c082195f1f21b324,9ecf3904b0c7a7ed520ac5c994ea96561e90df738d901f441165e7ae0338380c,472dc2aedc37481990327b0f6a5e5b19
case_031,4,problem_3,C,352049,15675786,17860826,15675786,0,2250416,9880354,0.1855130383314497,4.017534490937341,a0544615613053a17d4249337cc5fc4c6ab46097f94c88478e821447b341d903,62da5bba08e63118f6a25128fbf06bdbecf8c39bf170dd6d696c096fd655a221,1f5e1b2696ec46b0924266c147ca0946
case_031,5,problem_3,C,298199,4182016,6367056,3850240,331776,2445312,3901044,0.3853096170463806,4.7430373676638755,4a3540594bdba216980444d1261b9c5dc76c9b26198629ebfdff9291df3f1b10,8bf311e5817241e64b425b9c6e50e73120706811f6ce6de775b24b9bb1f8f3c3,92834af6359241d79437c5fa803d88c6
case_031,1,singlecore,,1414369,3491328,5676368,0,3491328,,,,1.0,,0c1d7a3186cceef1624841022d782c04677ccfeb3bdf3a989c04eeb4623cadc7,ffec98a31641478b874f000f528327a1
case_032,2,problem_3,C,17623,20520,313608,20520,0,20480,279176,0.06834503564086819,2.351642739601657,09d34e27ec1bd526ba89451a6b1075c806915da43b44bf5ab7d4729a3d0f1734,39d138198baea46c7fe9149c212ba89a8b56838b48b41caa8f97c703a689bc5b,46107186747c4017a1d176249df4cbee
case_032,3,problem_3,C,11850,6144,299232,6144,0,6144,279156,0.02153522607781283,3.4972995780590717,26e4225644cb2db3ad4a63ad603b05b0508f44c626e598dc1277902785972f90,dd56db53a928b81593c196ba9683224e0386d35e62c6fcc93fa81f70fe7348d9,6d53ff1a07da46f5bcba1bcf5c44d126
case_032,4,problem_3,C,10732,12360,305448,12360,0,12360,279156,0.04239904499238464,3.8616287737607156,a57308946c2c3448038f8c1ca5283f98ff1a5ffe7c7dbf366fe089a1088a52e5,73abe7c8bdaa67323b8d70d6a1e1632dcdeacedfb1dfef1e0cfcfcbdaaf6a279,746707c2904246508a94d38fb0171de4
case_032,5,problem_3,C,9653,102540,395628,102540,0,65614,297618,0.18063937098053034,4.293276701543562,8a90f7dcf3d96659fc961c8fd173d417b8660a7303e64a04e3d30c3b1590a6ac,53c6905f7712021b83a7dd579326e6ccc2d530b63be7924b6876a330466c1e35,7b0da073a94c4890846cc47478eea3a1
case_032,1,singlecore,,41443,0,293088,0,0,,,,1.0,,7684099403626cc7392afa1d223d47ccb6beac7013638883ed208c8a52e9c532,53cf3e225de446bcb38cf53b3cd5d99a
case_033,2,problem_3,C,878354,12068986,15041896,10216570,1852416,220678,9510522,0.022677367642222952,2.019909967962803,e230b5a313e4afaa9a51309d346f1db8a8a319456c8667596e1a066e0514fc53,cb99a02c709dbbab909859e06a07f91e0d77eec3df9db39bb47d99942b9b4814,6cf235cb4cc4428586fb175f9a6fd3dd
case_033,3,problem_3,C,579058,13804672,16777582,13804672,0,108550,9759884,0.010999718901702133,3.063934873535984,354a15d2a736f9323221ba52d1ca2146e8b8005c604483ce87ecd7e971045431,b49a270fc26861ed768cf38737c6f58f69b5d614e6267fb9e5da90ec1dd66400,ceadb8e0b88646738c27f3a0c9c56521
case_033,4,problem_3,C,438669,14561948,17534858,14439068,122880,465924,9977516,0.04461403522211072,4.044498243550376,55814be5861e39ed5cc768da82082cdf1a65dc6f8215ab070fadaa5776609a09,8de55072ff97128a16e2324af0af785acb994d4f9b456e057175a9b29ca2a013,800b811ddac046088c145b2473a6b39d
case_033,5,problem_3,C,352556,11745914,14718824,11745914,0,3479040,8004766,0.3029518262499384,5.032380671439431,9d62c3ab2f0a406274c280178b29f841f246005f0407c489306d1de0bd7b23d6,a142f57a041f1b038e3802b3e2721eb20b0c1f01b10e0f0666bb181287dd9856,9d500ed4d7f343d0bb4b11dc12afff9a
case_033,1,singlecore,,1774196,4592640,7565550,0,4592640,,,,1.0,,ffd79866607c1b4bf1e6ed15bdd471bb9bdc86f7198ffd329fd9caf69b313554,c5619d58faa943d29e6d73d2a1b9ab11
case_034,2,problem_3,C,381283,7150216,9430602,7101064,49152,649732,5530226,0.10513534234375056,2.2109456755218564,6f40dfa5b0d0e0c5d50e3451caa4732c3443848cfffe773d5e7f3c7cc1331f5b,d55a2e0afb9f6a781854721ccd304bae9936a901f55c8404a7ea60960ac24adb,1be9aa29e0d3420abc1603331811ddb1
case_034,3,problem_3,C,276847,1295880,3576266,1099264,196616,1008640,2558004,0.2827980589035519,3.044988748297796,8a74280716a3a15ae092cc42cf9f72cedac74ce5f8217c901ae602cc764250e8,7b9f397ce3b3bb5031a820b7a36cc82ec5888c0e7878c2e16e4f72a7ffc12aaa,b21b21540626480cbd164114efd91a92
case_034,4,problem_3,C,213132,1270280,3550666,1073664,196616,1064448,2466356,0.3014746782885711,3.955276542236736,48bdc10b8ec1e856b7e3d853c81652b4b06b287855519752cd81208975f89741,eb858e4f919737c25fbb0f69591c3d564f2125a62ec0535aea5aabfe8c4bfc25,528aca2c6b914cee92303d1515e1f5a6
case_034,5,problem_3,C,169974,2055176,4335562,1858560,196616,1418752,2908212,0.3278862500358219,4.959558520714933,3f84578ddbf5eff47a371492fc4d66e6b310e77254d8d71f44240debc9ac1adf,b0cd52bf73def20ebb85a363269155ac704b0ee6e58317519c25107140a4159f,68ff5bf92e5d49c4b7b3cd439da554a1
case_034,1,singlecore,,842996,1079832,3360218,0,1079832,,,,1.0,,c6501a0c4e40c6945c977d02ac2527026e11f6feaa16b26b59721d93ccba2453,c633cb2d43c54e00a9e350e7e6117fde
case_035,2,problem_3,C,76999,2209694,2620548,2176862,32832,214582,1395458,0.1332774341010161,2.202249379862076,6338866ca7c90807a1fbd1a356a3f2db498e1e5ec52b841bf7582ca5a1828af4,08550a3c20be77b5a65cd8982b39115d8ce2282ad8c2734bab8e5b5246f1ed5e,29c98f9b51d744769deeefea2aaed7f3
case_035,3,problem_3,C,59507,1279534,1690388,1279534,0,372910,837090,0.3081900826446281,2.849597526341439,972ca37422fcdf56491b182447f18333cc71336f259f4dcd14ee0ee1528a6bf3,d91fb8755b434445bb6b64d36da2babb6b4d8cab6eb79f87c75a9b20fcb3a179,a48a45cd2fc84cd0bfb2c0adb5da41d8
case_035,4,problem_3,C,53496,1267328,1678182,1267328,0,414092,801090,0.3407654162092592,3.169788395394048,88ebb14f8a7532eaecb5516ef5bb17e13b12753790e7329ec8666f62b315471e,0118a36ada117c305c9ca73a8891171fe15d1aa89773e5322c111667d1129228,2bed1d99e1ac40cd9a12bbaae7bf3cfd
case_035,5,problem_3,C,50002,1487738,1898592,1487738,0,499358,861632,0.3669079126224293,3.391284348626055,14abb7cb90ccd99a98b506434ba39c8cc9375c2641d088a8adfdbfaf69068410,03990b058f40b72434df3c957e3ff2dcff3e2d9e3826c66bea991e126a85b3a5,4d7d7ef0c2624e97a2691029186cba71
case_035,1,singlecore,,169571,0,410854,0,0,,,,1.0,,aa15256299bd3eb3eae088961b08714fd68b70b4c6131fdb993b15704f0f4fda,14a83c40adb545dc8d0902ad3978b35e
case_036,2,problem_3,C,466068,1152,6555904,1152,0,0,3279104,0.0,1.998656848356892,31393bf1b4cb3b577862e1407849bda6449bb1ef414288360430d72e4ce215c2,8b53ebe82dae0fab2a4337d41ba7a2824a62eb6bea11f7fc822c8e3f7226bac1,2d31b0b64b39429da9800c2aedebbb52
case_036,3,problem_3,C,311345,2304,6557056,2304,0,0,3280256,0.0,2.991890025534375,bb9ff6074cd75fa68f2201ac948f2f322f0d072f811c68faeb1f97356a2d5296,0c6a97bdfc1578bbc6e26382632af4bfe69da85f82902fbe8c8cda6532115ab8,f21ab189b534470ba152a465489b4c44
case_036,4,problem_3,C,233584,3456,6558208,3456,0,0,3281408,0.0,3.987901568600589,2ba7bc0a8e97555b89fc968882c3fb15402e99652e9b3263a45845d6c4cb1a62,1ab52de8123f5aeb8cfc06169bca5c50eeecc5f5a1c90662b1fde58a28248b36,97a2278b66da4bbf8ec70c203dfc77bf
case_036,5,problem_3,C,187182,4608,6559360,4608,0,0,3282560,0.0,4.976493466252097,b0981b5f9e9c1fd35de73d9ce60110c533569ad04ffa16e608b1e16653cd1691,723687a610da5d497cdb6e2461eec0e3589b483a8ed453e3774e8901b4d7251d,03bee8790b80406980c99f3a7346bbe5
case_036,1,singlecore,,931510,0,6554752,0,0,,,,1.0,,99ebf88e2c3f00410a9724c12bc7396d0353463950053aae5a3d46ee30ccd97d,652c15ccbb7145b49fed3c867ceae60f
case_037,2,problem_3,C,105374,204800,819200,204800,0,0,737280,0.0,1.992910964754114,4bcffbe841e2834b83c405ec4a9cee41de06f24192c981d7e32959db116bbea2,8f160c86abb502775842e0063babbed49b1c7235167a2487f46f7db4bae9a8c9,27ace6b6e78146ccabc29dccc44934c8
case_037,3,problem_3,C,71556,946176,1560576,946176,0,657408,677888,0.49233128834355827,2.9347783554139415,e07f7b40ccd4720f02a9721443092cb4c55a216492e41c74f4a2eaad91b0750c,21065c34b69887d7f5bf394210cbb4b72ade905637efae61d15ee80bdcc1e1ce,2dafa127757b4749bedcedf3e87a52cb
case_037,4,problem_3,C,53320,614400,1228800,614400,0,0,1146880,0.0,3.938503375843961,f33945abc5f740a45b94766066983f66416f9f943e920ddb187cb72281670d41,ccad38e141c0d3ab034b9ffbcf33255a07a4c34f0164289192c7f5913f4438db,a104b7f29c514977b1e8b8cdfa2138de
case_037,5,problem_3,C,43013,1146880,1761280,1146880,0,522240,1157120,0.31097560975609756,4.882268151489085,5e23bc5629c51f9deca9e8169dcbb64e51bd1ad8b7e4fe98ae5b0b79f4b4bb5d,0a27d5d4895f824739354872ace865798ed0f3bac3419da44af5920cf65f90d8,0df91e9db57440a0af31521675c8cbee
case_037,1,singlecore,,210001,0,614400,0,0,,,,1.0,,c95c65e91a008ce4beb4d233d22ae86cb65965409a354fae0b52573e93d4f515,fcd70cbcd8d5485f8ea2bed5d3c2245b
case_038,2,problem_3,C,664635,8080896,10883846,7462400,618496,183296,6815242,0.026190612953734052,2.0530892896100865,8aff86c3216145db3a1e1c846b7912d403cafd8677364d6db669eb9e894f2276,a3c43955fdd4a4c99f792ddcb7ce9ecca1202640b08c938a602ced9e844bfbd6,9f84b6c5d5c54db09018a612ebb35cb6
case_038,3,problem_3,C,446114,7214092,10017042,7214092,0,2202624,5372944,0.29075364381918295,3.0587585236060737,22f3851b47c243cb89b9c321c4dea3cafa20f2780a374865a7563b411c7b57e1,4ba882330efcfe67c4a63522c2db77984d32ec78b6a7ded599db5b5dc377c7ce,423566080a2146d1b85afb17dc344aa9
case_038,4,problem_3,C,345338,5607936,8410886,4399104,1208832,3081216,5321226,0.3667048222409628,3.951360695897932,2da657cc5e4fd319537ce668105cf9423c70beefc6db114d6a7c071373323a30,69f913a7c1f5d243c64ffd83075dd08a11ef72f011e9160f113b53e3a0630cf7,d3508e322c804d55b98c8eb3cb0b5911
case_038,5,problem_3,C,268478,12612608,15415558,12612608,0,5938176,6823946,0.46529691535623935,5.082557974955117,a2d4ed84a40b9b66d2eebe9b838742e90c9667ddd0c8a713e5ccc797587d1d4b,669342d2f8560c49f8360aaa1df0e640e82d190f58c171951c7cdf3b172408ba,46553099b92945a8bd1eacfefa66e596
case_038,1,singlecore,,1364555,5627904,8430854,0,5627904,,,,1.0,,62945954c623c47978cdd855f11e6d27697306c7901ff1981fa791251b631ae4,a40294aad1264f5d95aba937ba02c620
case_039,2,problem_3,C,690850,16326656,20815872,11337728,4988928,442368,12144640,0.03514480963228116,2.0775305782731417,bb78595cf4e86dd47e3317f4d3aea843ede62b6f819016af1bf9fecb165df1e5,8a8bdcd96e936031c89b2b19ad8182ef7fec8b65771e1cde57284ea069ea2571,42cceada191e43578a899a090dce9fd2
case_039,3,problem_3,C,482448,10338304,14827520,4587520,5750784,3981312,10498048,0.27496463932107496,2.974956886545286,2a4901be3224dad6f8263511a978cddccbba9404d6b208170fe18f80f6736db8,945da86532eab066e8842414beeab374817eec40007fc406fdcd7c81cd2313e7,8e2615e2776d4c4b883f43a69e3a42e8
case_039,4,problem_3,C,389830,19210240,23699456,18915328,294912,2240512,12783616,0.14912758996728462,3.6817638457789292,f77a958bea57ed193ef4ae3edc353f1c0c4c8b5193103af8ad9b5ec3fc6190a6,f2284c902d5fb2acaa98a2239f1903c72279e42829a16c4f8ae3a509f4cdf847,d305a8cb3f304b15a527a07b7af052b5
case_039,5,problem_3,C,302223,8237056,12726272,4358144,3878912,5189632,7196672,0.41898148148148145,4.749016454737065,aa4c92a573ab0e0640c95f3453334f3737953e582bf885359f722d76e4bfd1d7,59e6912f139f675eedd06d84e5af72e01e71ad3633d19a71c13db9a1fbf1563d,941eafc3ad9a44daaff80443d153170d
case_039,1,singlecore,,1435262,7929856,12419072,0,7929856,,,,1.0,,130798c8317e914e5156b287944ec79eb2e9267ec30400dbd0d3156f15fb7007,3c7a3c7695a94565abdeea1863715dd8
case_040,2,problem_3,C,101705,1502422,2413660,1502422,0,305220,1536400,0.16573451634973557,2.4920505383216165,a135201342193965400de135ec6ccdb996b39eb3884c50b9d3e0b1cdcc754549,21d90386a58c021cb635b4a9f6732f1ecc951d8c5d58c5c9812562c54ccc021b,a65f31f64d464f79a57b4feb50d262b2
case_040,3,problem_3,C,80869,2387208,3298446,2387208,0,492234,1892548,0.20640628787033782,3.134130507363761,a9bc1950909802c6a155a9dde46bfdd462cb7c2ce2a9559116827a2630105a77,da057d3c017e1bb6e2718f78e2eab85641d2e3f6b9e976ee35649eb8c62c9c9c,bde94cf5eb14410fbbbdfba4471992de
case_040,4,problem_3,C,76371,2803726,3714964,2803726,0,590056,2005326,0.22734842115727089,3.3187204567178643,5fa0f684832c54eb65fdb14a6863031a11c9f20c273a23e1da690e121c802ecd,dcd7f551f55a9fce00b83fab854e37df7e3b4e4aad42d0e90073f948d5faa2a9,c305df804e7a406e87c841c8dbc14f4a
case_040,5,problem_3,C,70497,3157924,4069162,3157924,0,770194,2127950,0.26575422063223914,3.5952451877384854,2c443d4cc17a2c07aa5e0d843e16fb9723f41a3c934c39735b9702d9d5bb3518,59469dce5181b1a8fdb921bc1e9f8798f159def352565aea9465e0a9e45a71a8,fca4ecec997849df9767c78a25e21acf
case_040,1,singlecore,,253454,0,911238,0,0,,,,1.0,,40c13f1a48ff1442b3c4cbfa3137b7bbbf83a5876525d50d05d972e2fe7ca65e,a3caf9536a9d407d93797a8fa61898ce
case_041,2,problem_3,C,2956283,17218680,22168660,2178168,15040512,1986560,20086844,0.08999789973490269,2.0309141580829713,bb863bc06e6f0e0fe77a841943011a63e39f40ff25a625354eeff4d46fa5c7d0,df95b9c87900cd59f8e4e8f8b221c1276b35d273923ac619ba44dc1a5956db24,63eaeea29f9a469dac49991f789967d1
case_041,3,problem_3,C,2005241,64191536,69141516,50657328,13534208,5262336,39248920,0.11822483733103376,2.994132376108408,88edffa4d2dbed9969c4d2ddc2dcec04f0d9a0ef2b5634e568f01c9f3b6050f4,c9e1b8f43e12d31eaaf8300b8fbf3d0fc548cadb795c7d0b12671a68989fd1dc,89d11e8751bc4b65a40bf7df98048077
case_041,4,problem_3,C,1504478,53664812,58614792,49970220,3694592,652288,33332246,0.019193672039169347,3.9907243575512568,230a3d305e4d844a3f1ef78146c901c6938724160551b81f2bcce8a6ed35f0c7,b62ef7f7e64bdc1144ac7edd046f0a455a2d51d45c9d2ed9e045583adb49c43f,e537b31e9b3b46a0a0a8a0c122ec3f0a
case_041,5,problem_3,C,1215514,27719700,32669680,17195028,10524672,8657920,24010762,0.2650220171110668,4.939438788858047,b8942b7f0227e239ee83a9bd6d4bd4ab962ca49fd998c8911d188cc6316b4985,a4761c1ee560f470277d1284403a6bc7d31c70d7c75119dc489dd579dc777dcc,ea365c665225419d9ce362811a7815b4
case_041,1,singlecore,,6003957,30898176,35848156,0,30898176,,,,1.0,,e30f6e63e9f8d933a5365109a09edfdd2474807159e25589275810e73b0febf0,69de8ac7f36c4bbab870c376c2c1c063
case_042,2,problem_3,C,801024,4107688,6496652,1914280,2193408,2953504,3062628,0.4909307176105843,2.105729666027485,a86c36d7d21563282a0e1192c3c2697e26fb8766d730d604244ceb8dcfb8f9b7,467c29bebb901f0036759589fc04db9979ed4b604693ce7a67372ad6f1e80428,64cbe830767c48dba594a3d41ecc20f4
case_042,3,problem_3,C,537653,19558892,21947856,19558892,0,4008520,10232430,0.28147841260590056,3.137227914658711,aae38f985a51228196a6ce1f447321a905a8507ec8cbfc73803af3ea0408d17d,02c145a476af784404a9202e30e0d1502f447f4d8e4e26d4a888b5609f166443,698eaf5ddca94bddbd47ed656dabd611
case_042,4,problem_3,C,406317,9987344,12376308,9987344,0,5743856,4551400,0.5579128872560333,4.151290740973181,33c08eef53e964bab0821b4685ecaebcd1c1b93551f98f7c448f4e96453ad7af,5dcda621567984349e808c52ce88c7ba2fa50ebcc506b4d26044cf5f3de470bb,40f543e6801c4e1cadc5ebccf4a5d6a7
case_042,5,problem_3,C,325829,12002504,14391468,12002504,0,6917272,5175532,0.5720155556974214,5.17676449916981,4a27a5d0fd190d19e8ea76a5fef10190fd6d7447f00314e0f90ffa6779c13030,12f735c07c3ba13fd4556603e072be711b45108c8c2d127ccad8f28010a4e0f4,224ffe21909b4166bf9557f2dff67ed4
case_042,1,singlecore,,1686740,6629376,9018340,0,6629376,,,,1.0,,d32bd66f76abdc56d89b906a8158bf6abfc44741f171c184f5da201e0471687b,889b64b7e2ae4cc08f0ef21553295332
case_043,2,problem_3,C,273555,5494106,6925228,5494106,0,863378,3845520,0.1833503295250821,2.477220303046919,7b325d885fa6626e8fa0d7fb7dbc787bb3a775a633a716f566bf2c80eeebed74,6eb690a7008740258bff774aec4d99c4b2d00e83f9a6c73f3e38d158b5ec24b3,0acc6f5d1a1247d9b6765ee26659d45f
case_043,3,problem_3,C,190871,7556216,8987338,7556216,0,1705860,4317708,0.2831975998278761,3.55033504303954,f9000cac62217c394272f657bb1a2e7d2540bcf855ad13049277d34ade3f3003,d4a81e649ae764d6a3c0789f142d1136406e09726158752fb65439bfdef6c3f6,4121949e10b8444d8e58ada0616689b3
case_043,4,problem_3,C,164706,9339606,10770728,9339606,0,2562202,4824964,0.3468450553297435,4.114337061187814,a7ed06814f6929a59789109af28e23159010f3f58ac9f87688e2e4cd186655f8,bf44108406d1ac923e28369ce6bec5070daed3a9385d7262030294013423711b,0862c24ef192440b9f5c0cf11e86a721
case_043,5,problem_3,C,154889,8860426,10291548,8860426,0,2190810,4907964,0.308618079685309,4.375107334930176,9bfa236b3a819b685611f15c1d0d98d891871361cbfba612139ed8404d92106c,b531394c4ee988e2df7b0441c36986549bf4f07207c552b65590d445a9475264,e5c91657d097490fbd6812a589ebd02a
case_043,1,singlecore,,677656,49160,1480282,0,49160,,,,1.0,,5736b7217ea7ad86d1a13b5b28641ea28a22658283689bfa3fa901ccfd1ef927,a966ac2ad3c64bd8b1314da65d4185ec
case_044,2,problem_3,C,43746,930400,1905856,930400,0,2848,1880480,0.0015122166717640262,3.529625565766013,d2526e98a37403a3ec2b55a942817b5c6d657cb1c88a7795a8cbd97d49e3d85a,0476b722407725881bf70ce152ca9fdadf8fe81f3d053fdc0f90b9a449e9e1c8,7f4a2f4149b7407ab7779a40bd5dec9a
case_044,3,problem_3,C,43746,930400,1905856,930400,0,2848,1880480,0.0015122166717640262,3.529625565766013,d5a5682a952e17b740bad4b8a4e5f3541937d24a3313f73d338af46a345cf180,4a7ab99043ea94f3fdf440613a1959b38e04ab73921637cdf713945b1534072c,5be3364c094648789ab503bd7d788f9a
case_044,4,problem_3,C,43746,930400,1905856,930400,0,2848,1880480,0.0015122166717640262,3.529625565766013,0c077b11fb02ba6d67b30f8d1d896d1d5b7510cdf984533b538466e972821368,d70aa365a995ce8efa78ddc7e0f9329894f0c7c86405aeb0c46d709c38dbe763,bf8479ac361b4942ac1128b212909dbf
case_044,5,problem_3,C,43746,930400,1905856,930400,0,2848,1880480,0.0015122166717640262,3.529625565766013,1b1f545d37062ab7575ebc4820cfe1cff10a549c6e6dd4a93e91ce382a5f90b2,b005bd96b884f049684d255d61dd7f1fae115d24f593bfe73bd91de6d0925de8,0d91d1a7e3bd42c9b2b39aeefe43f29b
case_044,1,singlecore,,154407,4438112,5413568,0,4438112,,,,1.0,,c8ee18830603685e88713976d818e73a623210a94956cfe328017ca3127b1652,95892449a3174fc48fce7f4af9579a76
case_045,2,problem_3,C,63059,0,557056,0,0,0,278528,0.0,1.99200748505368,c7bfa93f03c9a6dd63b8047cccbe2df138a637e5efe4ee7c72fbaf9d70de2d30,1766af6c94a766455a090addc982ec58be6f0d2f916b38b1ff1151c495f3e20b,9a14cb3333104001b0ecb8e463035339
case_045,3,problem_3,C,42304,0,557056,0,0,0,278528,0.0,2.9693173222390317,988e44f6564978d656038ddca4366e6831759880e4e5ddad6f2495614ac1a4f9,0039c2fd78ed8c3a114352bb801c4fb70e993a41f16cef8c3ee871f8b412742c,d19d8fac6e6f49f1b21312d3eb4b50a9
case_045,4,problem_3,C,32037,90112,647168,90112,0,0,323584,0.0,3.92090395480226,c66cedf5b71ee75e968da8ef21661edb22096f3ff72933a4489e192604faa19a,647a5442f8e9687ebca3da1123f0f9d191ebd42e4951e95c4e950a749c3088e6,8e9dde7123544df2aa7e7ffbbb385a49
case_045,5,problem_3,C,26164,0,557056,0,0,0,278528,0.0,4.801024308209754,5955603877b52a48f4b4f129d874ae894db64da695b86a3379c882ca65b88b6a,cf7fa0066c8d53b0dffd7b644cd0abc27755466e0fe33e87ae193b05c7fed1de,963e7247934f4a9a92b0e93df59285d1
case_045,1,singlecore,,125614,0,557056,0,0,,,,1.0,,460768a5e18d7db930f9a526fffb93b82d2483eee12d1cee1b01b6a17b90ddc9,e08543ec0adb44ad9660ead72b34618e
case_046,2,problem_3,C,105322,930400,1991872,930400,0,0,1926336,0.0,2.6248552059398795,2a320c7474178f0799a22c9bf7cdf9568f2f51b2ec27b58b1b75117586288582,a29a3b510e1f5a37d55227210e8cbf31ee31ffb4017b0f1eb85ad37b08f5de89,a56a9d1ed21f4587a8a2ab8c5a9a87e0
case_046,3,problem_3,C,94298,2419904,3481376,2419904,0,286208,2850080,0.09125692538440347,2.9317164733080237,96cc4dde07001f2d41d20102e90d10d04fa288b6c3b886d4c6c3b6941f09070a,c018622963b9caabe2a349e8ec0244cd120ac6403b89ae9c8a9e1767cd7a81a0,66df3be0a5564030a6583b3d52edb43f
case_046,4,problem_3,C,77846,2791200,3852672,2791200,0,0,3787136,0.0,3.5513064255067697,c37646b5112064f20e475889d23a7f84eed6807c487b917b40efc442a4f87b6d,ce589be7ca822bb9f81764660466bec079fac0835921ea7df2b6b9cc0b686865,55401413d1c540bc991d35843ca35e0f
case_046,5,problem_3,C,74523,2997024,4058496,1638176,1358848,1973760,1879936,0.5121732487461388,3.709660104934047,a23fd44ec1f3045aad267931c198ac202ad732cced38c6d566a2358660b8f87e,22b6f5c8dbb1955b89599262e56d77f2a5b69e14b8eb40b4014d0480f2b496ec,812b755b7f0b4b9f8717ff02e54ba520
case_046,1,singlecore,,276455,3176288,4237760,0,3176288,,,,1.0,,22c0c606b5e15bbf22e6134d7e96706c1db12a2540b7fe61bdf27852773e5b04,1de036abe94b447e9a2efd8dd1068c02
case_047,2,problem_3,C,144010,1433862,1897804,1433862,0,157702,1100518,0.12533738138004483,2.2672592181098534,ac6a80fc470e28f89c5bc7234eb0499ecbfe847901523893631a03158ebd35dd,95a0573fda34cb02c6066f415c3a1778941d602bfe01a281aff0ed7b6819c86d,6f581e03601045109d083b8419dde09a
case_047,3,problem_3,C,100131,2223116,2687058,2223116,0,448780,1287302,0.25850161455507287,3.260808341073194,2f05929a31a193faa5a08c473fdd5ed107a6317cf2047e1c7235d54cb012461b,1234145db6140f8e77c42a224a4a296a2bd4566987fefcde4821a16fbb37d043,6edb2372ea43408ebf7412dcc74bc155
case_047,4,problem_3,C,88156,2629682,3093624,2629682,0,675170,1317478,0.33883054106896954,3.7037524388583876,6cd7238473755b68f8922e03773bbcd1f0f1b0b47eda61be84c831624e10fc31,ef5cca5b10b96c301317fa8517dea39c19e912b7752e610d4c91f06243a82428,a542403b6021420dab0ae8bb862ea3cc
case_047,5,problem_3,C,79283,2851480,3315422,2851480,0,798326,1341608,0.3730610383310887,4.118259904393123,2d921ad07f14d19713742efb507cab5426a465dee1789a642ca0223ef89fbb63,245fd2ea3a64aa09112a41873cb63494fe2abc493a06ec769fbaf40764e7b180,2915da3c8b32424e823490f19c40384c
case_047,1,singlecore,,326508,0,463942,0,0,,,,1.0,,10e79bf15dd67b820d6bf1a93eb88e9a6bb45cf40766c61136a922e75fc65816,6bed142666f047c2896de629988d7450
case_048,2,problem_3,C,103830,576326,991116,576326,0,139266,631818,0.18061067276716933,2.1402292208417606,f3da549d99d21b9a5b06540271bb6f4bb5275bc98f2157dac64de12cfd11f429,97e082cdd89963545bd670f221aaf6ea2f7a33c4d584c488005c0e188880d84a,1fcfcf6f0c1a42bcb78025da1e91ed17
case_048,3,problem_3,C,95630,780332,1195122,780332,0,172748,693462,0.1994296994955034,2.323747777893966,7a211409f1ab3a96e3b3ed4ef78412882397ebc848e885725a571a0ad5abe826,7cfe446536d291e386e13e93cb47ef9b874496cf28314248964ebda5380601d1,cfebff5702ee4bdd985d6ab73efb8871
case_048,4,problem_3,C,95630,780332,1195122,780332,0,172748,693462,0.1994296994955034,2.323747777893966,9b037ef60411a5e4eb0295961b40d0b34f943a720346b1e6c2c51d009998da3e,7b5e41233382ef706bcb556774aa6508773e33d0d4afbda5460907d0c4a93c98,8c1fe820d9ef4ace87e48ad9cf695e90
case_048,5,problem_3,C,95524,780332,1195122,780332,0,170700,695510,0.19706537675621386,2.326326368242536,0bd360a37d7ad71e8514d1e4b2c94e9d7dfae3a60c4ec16606a59dd19026ed16,707f05c0b0ebf12e11ec258fc78770ceb55401ff80798cd3c341aff184d68dd7,e804d958e4f6429896c1d9a4ffcba178
case_048,1,singlecore,,222220,0,414790,0,0,,,,1.0,,4d46dc38028f63d182bde03c48d0fa1e5ad67160b274e68e47dfedf1fa4426cc,03f0b7d8eca944fdb1d3dccc95f22546
case_049,2,problem_3,C,84229,1536054,1688594,1536054,0,31364,905634,0.033472856932458765,2.330266297830913,dc17c1dde11a83ea5c53e816655175407536316fc656ef150822ea9be9a98f8e,ea58432d5654436bee874643848572db8ccdd64f5b27fb427bfc0210321d8a2b,46ccc5c6762745039f8458335249566f
case_049,3,problem_3,C,58970,1957600,2110140,1957600,0,139720,1019908,0.12048691476921909,3.328404273359335,c4cee0232d5b17762421e0c35cc05c0a726a7c7f30d92419c7b4dff4ae76ee74,ef9f9245f859f4dacbe0d74c1033166fa21bff89ad0ce78b7112dcc21c7b1942,4651fda1bf2c4d1eae214d2b66cfcf5c
case_049,4,problem_3,C,48598,2181754,2334294,2181754,0,219860,1063322,0.17133968525119586,4.03876702744969,7ec523cfc6f48b8238199d6b6c05226ddc5ca755b03f90bb5b118128ad0ec738,4af9e06e8cd406efa3b8cc35edb58a6a5e3c04731443000e6f6dcc4c1239e625,36fd08b9b9cd475d930af038867824f2
case_049,5,problem_3,C,45785,2114240,2266780,2114240,0,261498,981930,0.2103040948088671,4.286906191984274,b0a795c851c202ba4f3cc40ddd64f5fffecb7cefdbaacb1ae9a4dc2492c1a3d8,28f852174e998959481bf69acdee3ddea86e0642099318a06c2e24a15a10c773,a9d49720a6784f26aea505d7f5c68e8e
case_049,1,singlecore,,196276,0,152540,0,0,,,,1.0,,30ea66ec46a3f4c470e018b58f7ed3724236d77f5fab302acd07193e38dcf431,57978dbf938f40e188fbc7337cf36d41
case_050,2,problem_3,C,68075,1069618,1388994,1069618,0,159880,786474,0.16894312276378606,2.1988982739625413,9d7c3e8efb27590e07d9ffa1c0a8afabb185229e5c071f0083e8ace346746dd0,7f4ea9a1947b417f0296f9a68329e5b583a6657ab557880d6d6e6489e3476ddb,7df2ce69eac6468993fe82c546d40c31
case_050,3,problem_3,C,46628,1609532,1928908,1609532,0,306074,959982,0.24175391925791592,3.210302822338509,39cbc39c622080da1589cf3a92b71d5a604aabe8f834d763bc16a36064250455,2ac553ef5aa1c08d4b39fb8ca79719079b279ed934da1c0ea0501541a9135569,ca68350e9ba549c0beb02ffeb9ace09a
case_050,4,problem_3,C,38379,1747284,2066660,1747284,0,339866,1007568,0.2522320202696384,3.9003100654003493,06e6b01a15e2ebc0d96354c2e9b4cea7bd4952a42ec6542c5bb7039f5ac52392,9e7fa746c0dbf527a9397fc1bd63b766848b8f49bf8b2dfdbeb973ee1df29632,828ee21bb4334240971e84432114a3c7
case_050,5,problem_3,C,36852,2086686,2406062,2086686,0,474684,1080422,0.30524221500013504,4.061923369152285,42d7769098fd7aee4a1fc1afd264bd9e9ca34c82619e38c62d999b670790ee97,10361ed192df5270b19de18998a71f43f41eced54f6378f8cedce529fa851487,3df59a057b914cd5aac1c2655b3cca10
case_050,1,singlecore,,149690,0,319376,0,0,,,,1.0,,f19b6677268a51738254ff888c4c50fa27a720d3b95a9d0d0825f1c950cfa6c4,bbae90a7c144457196bcecef8008e328
case_051,2,problem_3,C,378777,10093692,10486910,1049724,9043968,393216,5243454,0.06976033722038012,1.604183992164255,8e72a314f39d9d9a5434b20c9dc2a28dbdb8dfe394cc9171531d1ac1a5471828,b8aade92b5d89018f6fe1d911eec927907aa2f2d1c61bba78a574bb9379e9721,7b2514af328145ab88685224ff3f92fa
case_051,3,problem_3,C,287325,9700668,10093886,8193340,1507328,262190,5112432,0.04878296557413712,2.114775950578613,4d3c1daed620dc4f876ea4d436a88939005c49167a52235eae977eb7f693bf75,36303771300f7d435df52fc469215b4506dde24bc9f9559d409de9264682380d,9c7c5cd3d5c44de29a9d1c284b50b2cc
case_051,4,problem_3,C,181948,394452,787670,394452,0,393308,393742,0.4997242868940982,3.339569547343197,ca0445504a5fec50f2c19e0aaae8360934dccbda133ce37bd6daeb37ff6e0e44,4b229e8b8d20eff244a89f7885728823969b1f88cc124e387cfbf7945d8c6515,d8802d6cf1f34cbca53581848cc73a66
case_051,5,problem_3,C,181382,197936,591154,197936,0,196746,393742,0.3331922071235995,3.3499906275154094,7fd1a2f3d3480ca33a65da65a3a48e23ed005df44660f5a9eba00e5e3a4a8f94,6ae7d0f49daf69001a11748106f4cd06e1a65fa42c8c2c19731087588f5037fd,6aed28e0fdc84e459d6358812ac2f8ce
case_051,1,singlecore,,607628,0,393218,0,0,,,,1.0,,4bb3cf66d6fac7a2f95510675f8a73987a32c42519da9df463012eded63c7020,e31d7fd9a7d44279adb84c89cd77c1f7
case_052,2,problem_3,C,72933,1097746,1907950,1097746,0,137734,1310018,0.09513645983566246,2.4721456679418097,ae143aca90f0d9ac8b639a784139a5ab60c3465f6a5616292e0af7dc61104e9c,1c624c3e732959ce7724533b2cf8ec2f43be8e9479949ee48d78f64afdbef8da,34e08d8338fd4347805c143e500b4364
case_052,3,problem_3,C,50092,1401542,2211746,1401542,0,275478,1396368,0.16477474599933248,3.5993971093188533,30734da76b6549a309a68b5098e359cd96636dd73c0acf5aed46269313831b3a,ca3edbe66652a31547d58b22695421a72fb703c4089c3ba1a549e2870adc935c,7d41c3d6cb264152ba397e939e7b08b6
case_052,4,problem_3,C,42269,1560214,2370418,1560214,0,285724,1512814,0.1588645889049884,4.265561049468878,0262bdb69d28b90119ee4a5eacb9fbc391ddefb53dbc979b38470dd00b887dad,15a7127aefe6ed49a8bd30863675d0207fa2ad67c6bcc6f6f480cd168bc690b5,4cc68af7cbb740089f6948f4187c40ef
case_052,5,problem_3,C,35884,318008,1128212,318008,0,285696,828504,0.2564135702746365,5.024551332070003,448fabd467763764f16d6c13414add682afe8babe987065b3eb1ad6b8d2cca83,64720fc3e1fc6cd28d71c3efd29e416a00cb05c3f7cf8973bdf7127ac31065a5,b295e0bde1c44eb492551fb5e4614724
case_052,1,singlecore,,180301,0,810204,0,0,,,,1.0,,a5ef7b2e7fa840b8bf307c83eb23ee3024fcbbf22aabdfc8b25f841a1f171429,1c7f6daf76084318bc133d9a06e81dbe
case_053,2,problem_3,C,613734,7895974,10891262,7895974,0,1320950,6274270,0.1739185961696962,2.3995509455236306,1a0ef5bd76a97b61b9ae8f17d5cdcf573958f81d290536f684df377ac4574d48,ceb98adc2e50c572b4e1eeb838ccae14484673ebd0e6ce2798e9eebf4c23448d,ff24b558ba074f10885002f90b56a85e
case_053,3,problem_3,C,432976,11711062,14706350,11711062,0,1948826,8271676,0.19067810954882647,3.401310927164554,e27c4cdc39bfb22e58d0ea2327c495727654c9cd0b8999870c6ea82b5bc7ad56,6a53abff2c8b9f33be5ed29aa06b71bfbfb2ff8ef87ca981cba3639463ae52d2,ffdea50ff0fd4100a75d9e83e0b94fb4
case_053,4,problem_3,C,362501,14539058,17534346,14539058,0,2456576,9954288,0.19793754890876253,4.062570861873485,de25c6c0d5443bca3c556faa322dc7f2297b1d1a5548fb63c876370e3ad438e2,d571cd4e7019e628605c8ddd0e8a0cf9bdbadae1db9292be42219e436d0c5072,12d58c06fe864dcc80012e58ce72e741
case_053,5,problem_3,C,324434,17089512,20084800,17089512,0,3865848,10381438,0.27133925717501567,4.539246811369955,16eac45211bcc2333fa451cba9eff6dcf2dad0ee70d1ffb854fa28adfeaf9376,d6e9c0d8907d9a5c90248d55f5c920a8c58363ef0019e4ae00362418dd7f9d5d,9bdd60d80c0247119c16f575beff0d53
case_053,1,singlecore,,1472686,5405536,8400824,0,5405536,,,,1.0,,e82d11f837e9f9e7019387c1d9ea46d9aae1f8e62c0f08bdc2324b74cef5c5a7,c2e31e2ee1d3480c80c9be11572e6f19
case_054,2,problem_3,C,350052,7300330,8906606,7300330,0,164870,5184216,0.03082208811000608,2.3283712134197203,c7b8afe4af75caf5a03af248d9d0110d36793750cca0cadb2ff5696929c7183d,c9e91d366ede589b2789c9835943608ef8cf0d6378561dea643451971ca3e1e2,7b02e687faed4923a6288b47bcc1358b
case_054,3,problem_3,C,255901,6715116,8321392,6715116,0,548892,4607718,0.10644435006719531,3.185024677512007,5ad93802d419317288f6edc4524654949fdf1fa15893732d00d45070a6029653,5606b8badb3e0f9b661143e00ff2ac216b09f3695298c928fabee1819baae80a,31202b8a445348b788b19bf15e21502e
case_054,4,problem_3,C,206549,7756950,9363226,7756950,0,833170,4901736,0.14528049805873017,3.9460418593166753,3a5d0f7757acf38aab79462a99818403c68e6b6d22e0602670c8d4d97223ba8c,e871d2664fa9304428864b832630da0396c8dafe5243a174913823245844936a,8862adae987d4119aefe5af4cca59cef
case_054,5,problem_3,C,186750,8194340,9800616,8194340,0,1231528,4817596,0.20358782527850314,4.3643962516733605,1b113da96fea0f3a551b372921a5b517d5e9525242ab661f44f68677614efde0,1297e241707134d105b9eb3cef86f0bd9360dd79264b4c08fb52e83b1aafa78a,058bf76c71aa42f5b5938efc497b07d3
case_054,1,singlecore,,815051,0,1606276,0,0,,,,1.0,,0c091b5c9fe6e1a104a279e9e30b3d211b507a47e43020802c2544d29b60815b,e4b159c998684ba29c53f84824c7c657
case_055,2,problem_3,C,39810,853436,1479246,853436,0,300040,902390,0.24952803905424847,2.9850540065310223,4877e0f96e2cd03dd20ed27b761e157740e898d17c79f6ee458d0d424757ed76,7a2cde5bad251d14ea867575aaacfad9ab7ccd1a4667c385bc32c6e7308fb450,33de23266baa49f890569d98d4956bc0
case_055,3,problem_3,C,32537,1140962,1766772,1140962,0,437794,1000812,0.3043182080430639,3.652303531364293,f06d603813588505b94f62e3dc5892ed7213fa3fb76a07a4bebb7e4e83411975,d5a518dbeab2f4a08392ff18f738b9ce0ffa8fd08628bda1771abe03d18c1772,788cb7dd538844cc8e1fc0452c260576
case_055,4,problem_3,C,31949,204938,830748,204938,0,163330,661600,0.19799255694422557,3.71952173776957,b976c8715ae5f720d654c8004215029d33aeee59462e8556512e0dfe2f82304f,a0f93bcfed455d0264e6f57ce7030d725f9308f1b24e4f04edc68fa7cf6167a8,1c020e60001041de89741b48654e2fd0
case_055,5,problem_3,C,24680,199688,825498,199688,0,179200,635936,0.21984061555372356,4.815032414910859,6b4c0da74e7ac020372c8c742313afddff544eb33250c196fe6aeed0d367b9f5,3f7f1daa2f036a34f88750d72f9715ee643618562e70996062ca0f702c029f1d,8b0b3819b6db400999ddf8e42c1e3cf2
case_055,1,singlecore,,118835,69632,695442,0,69632,,,,1.0,,d73a78af3e2c65d5d555e94b6c9eb7f0da4b5d37f6aa291c2d3f29e7c26f4d44,043e7fe1af8d4932a4afff65fc37ba34
case_056,2,problem_3,C,124310,2659604,2881204,2659604,0,72200,1517292,0.04542331763859145,2.230592872657067,93a73fa292ed7cc8253aa3493e906322f729e43afe0481419f19bff8498f0ad2,8a11ca696c50eb49ce5f085df170a35d7ed6ea03ab043cf7c775c7ed80b847bc,5f7fe49888064516b256bc7397b9eef1
case_056,3,problem_3,C,84807,3097618,3319218,3097618,0,277936,1576662,0.14986320485625457,3.2696003867605268,3a81d9ad7eb37bcad1aadf18012a6a7df7e767d03f2784f340bf2f976f4819c6,4bb9779aa701600bc678c78e3915c0dcd590deeec18be0287a82a0195dd64aac,7c61429a6d3f40c88484bd10ac5b8442
case_056,4,problem_3,C,71121,3418248,3639848,3418248,0,381270,1645182,0.18814657341994778,3.898778138665092,49884cb3caee9b389b2ddf2ef449c7846ec516da9bd71bf93c221d51f89bdbe5,a61c1a20602ea7a3b5ca3c2caa4b111f0b6f3d22b9f406b1cbd091b92ae84fae,ddce260b53a245e79a7e0aa3bc0e2abf
case_056,5,problem_3,C,68862,3603472,3825072,3603472,0,474438,1653606,0.2229455781929321,4.026676541488775,35c27fe81ec77ed6b17e6e85a56c7011b3a52aa824c3c36cb2dc88c077e8d7ad,726fae0860a907abd5b1ff29a3d9346619300791cdb1cf142c78d8c75e6a0087,696083bb82f14fff8123c4c17d8a7f71
case_056,1,singlecore,,277285,0,221600,0,0,,,,1.0,,6649f1e67c03769f3244a468a4d10a1820521d2b962afcc81bfff84feb7edbbe,4f0bba2f6c7b4622a3a132188c4d5e60
case_057,2,problem_3,C,29708,753600,1096060,753600,0,247688,598136,0.2928363347457627,2.010434899690319,e6061613d6368eeff6443df220e708d2c3e4c82277e114c4ef2fc388eaf13efa,0985fd1cc92a76eb903ee540aa23b7f374c38105eb66488925da1c19d0be6439,fb51ac9cd07843659bf14593f478ce56
case_057,3,problem_3,C,20715,4096,346556,4096,0,2048,337612,0.006029558970735442,2.88322471638909,3e4697117c15ec85a25a2d90a1db1badb579395cefd5cf8e68b45a770d51d789,eeb05d0c47e0695b6830ae1e83711daf76d329e75725f5f71d6f84acfdf9e5ed,d220b319aa1a441887add99d080abb85
case_057,4,problem_3,C,16485,13824,356284,13824,0,13824,336588,0.0394507037430225,3.6230512587200487,5f082e02ce752a8b2e4cbc3e6652d3f634b8a6d3e6f7000d5a5db59003b1eb2e,05996ee6246e22686d774f4bb47f856b460554c6e802e72fd70b3b46c43f037f,d0d260147f8c43679ab7304d3ce389b0
case_057,5,problem_3,C,14028,0,342460,0,0,0,336588,0.0,4.257627601938979,bc5d5ae1d81deb9da27e2939ddec11fcea1c0eb6f5b205c0f8b2c8ae1464bb85,7a69107d56f57e4d28914b0a939e124bcc097b8653e25451b8022d1eb88d9547,b9cefb4741c5414d95b7ffc410b4a24e
case_057,1,singlecore,,59726,94216,436676,0,94216,,,,1.0,,5c2ad40366688fe3adb5f3a0290b32aa57f9af8d7650a7799b6bd3c172964f2f,5065384299724a8bbe1f71bed0e0a654
case_058,2,problem_3,C,2184259,66596864,74264576,42135552,24461312,4194304,51269632,0.07562218447677424,2.078378525623564,351833f04b634ac075155f1e29d161b0f126fb8200d9b6425d19b852aaa701ab,902751a3f8bf72c56ce472cce523640e95921f5e4e91fa0b51fa5017a8d13398,a289d37b6af94c2aa368317eb0afd4d6
case_058,3,problem_3,C,1459887,22265856,29933568,9191424,13074432,0,28889088,0.0,3.1096358827772286,ef8fcd482c6486ecdb6d79bed6333edbfd8dd2fec565ef0b868be89cf0a1f50a,67569084b2089be25350c6839dde901dfd1b238cf2813d48ae767e6d5a85ef53,eca9062385404f4c9fd88f49306ac4cf
case_058,4,problem_3,C,1142629,42622976,50290688,19869696,22753280,13246464,35999744,0.2689844464775846,3.973045494206781,d32eac5502d5d92b8c85e7242a16113138702872dc8c0e93143fdf87a0815581,7f206a483471e9961a47827c25af354a50ceb02a70e1bd2a47bfc52fa59f3a63,c725ff852b8b4d4bbed3e66349c1fcd1
case_058,5,problem_3,C,879159,18382848,26050560,18382848,0,0,25006080,0.0,5.163704176377652,675fbabb24548f704071e150b45ad52b63e03a1ab8e7f3c3950767567d3c3749,dc267abe6a752997137166eae49a0abeaf9fb45143b1e7076ef788cf9b49e6de,0ff547cf92a84dfbaf047c7877fa27ae
case_058,1,singlecore,,4539717,28696576,36364288,0,28696576,,,,1.0,,559761eb52e2dd585417532dee6147f96580e1f33902b7faba0423f16ff97612,134c9b1bd12741baa52dae05ed6cc9fc
case_059,2,problem_3,C,369318,360448,1703936,360448,0,0,1441792,0.0,2.2459587672412393,8eaba9e69d08d1955b9d2a7b234642268e4937a1a768ef9c1117afdab050e589,ae8f7f347b704485aa342b1abf3d779eac8c05e1d64c0c22de294bd1b4e37132,bc7b847007514bbcad37dab86ddada43
case_059,3,problem_3,C,246737,12828672,14172160,12828672,0,1853440,6723584,0.21609360076408787,3.3617698196865486,0cfddfd41a947e7f0630ffa1d774bbe2721e9c09f4c113aa21855d5836a48914,545395197c8f7a5e8e0f01e9eccd5c93bef2611b6323f87ca620ef94e1eecea8,82fb92cc0e6e4bffb39d41546427b325
case_059,4,problem_3,C,185216,1081344,2424832,1081344,0,0,2162688,0.0,4.478408992743607,ff06bf874298ab20679fea9ab0c26c581cc67ac216f1faaff03b35c12c97c9c8,e023a66ca22853f4dd511ba21f4319e8b5c042740d86829aadc36c20ad369f66,17365c3f42544de993028ecebc38d451
case_059,5,problem_3,C,156387,5181440,6524928,5181440,0,2854912,2453504,0.5378086419753086,5.303976673252892,16c4735af8a52619f05bdc3af8087d4b2b80f0f7eb564a5b1a20312f3f13697f,2da7b851ce31e0c2d576d35e5501d45972409124fec94987ec349b5e66984cb4,ee2b8d5f82ae48c5986ecb74d3cc7062
case_059,1,singlecore,,829473,1691648,3035136,0,1691648,,,,1.0,,480770a7b5208045bb116d1c0e616b004e5e0567a8031a2ddab8f467972b77e5,86e9437c39494fec955ebf450076daf4
case_060,2,problem_3,C,373476,8776014,10875020,8736078,39936,1074178,6017422,0.15147188222685995,2.3797754072550847,b88e6e6cb1ed280110930d322fb1870ccff2a9e2be5a8ad1321f910581f69b77,e61f20e742d2a8ce1d18e3ec09c3b5a190e40e47c10021fc80570949c2f0a811,e94c68a53fd54a28a44c4c9da998c57c
case_060,3,problem_3,C,294317,1824900,3923906,1177728,647172,1296512,2627114,0.33043720273033156,3.019835755325041,5fd49a2d2629a393defdca939df0a85222513a0c7e98509f6371334d98656664,b2795dcf8626fef522e05aa10af1f9e96cb51f0b216f33dcad94bbb57f67a8bf,9c6f191723294651a65819873a1f396b
case_060,4,problem_3,C,224955,2412548,4511554,1937408,475140,1469440,2980394,0.33022355440674867,3.950963526038541,a5e3c074222d1b7cac21b2c6de1abdcd5a7696594e1e56ab55ebb283ddccc5c2,7b3d8d40e0142fd835d11283a46da8167c18e290f8013dd4f3db7ff3c2d063a4,4017235da7224c5ca544ddae803cb838
case_060,5,problem_3,C,189264,2793604,4892610,2345088,448516,2067456,2824874,0.4225912806372424,4.696027770732944,5f748bdec0150a808cb23c55043c1a880830e5f5ff54552e820bbb7de6603b61,0273ef0e3f72453d8312d8c07c33957aa5d9fa40e9197abe3f6106ca65a5e442,2f3252ed56ad4f7eba3dac9c59d84dd4
case_060,1,singlecore,,888789,2068520,4167526,0,2068520,,,,1.0,,b5c4063f68d91969c6b2de7d7bad2a4f8ff755e19cf374abf5e7ff33d1ff111d,c5aaaaf85fc845f39670c28dac845f43
case_061,2,problem_3,C,37405,541718,1085906,541718,0,97158,769452,0.11211271506213868,2.063654591632135,c06ac65eb1d085e52cb683901dd1dce73847204806d3ae9ceb12ea218fda2bbe,167e214bdc616242b20b036ddff6bcd784eb2b8444781f7614e2c23fcd07868b,3dd9f627baba486987076465c538c90c
case_061,3,problem_3,C,26514,681048,1225236,681048,0,172824,801726,0.17733723256887796,2.911329863468356,cdfcab50e0f78fa176e8bd40215d6e6b6cf663d2959c0b7fe3ed85fc8f6880de,7e2920ce92612d7c955fe36bab3e5f52ba7e914ae489b9a3c6bd6fe21b424272,e232436338a94c95a0a250a0c52952eb
case_061,4,problem_3,C,22111,38400,582588,38400,0,19200,563236,0.03296499529562046,3.491067794310524,f22351f8465adeb2f932d3e2d1d1d0596fbc3263ff33a1852bfd057fd1ef1986,fff2c6e6d8d9ec979214f72b209330ac3def4f8ee2ede323dcc641882baa1ca8,4872c97b2dc04ce6af0897013fa6e0f1
case_061,5,problem_3,C,18871,71168,615356,71168,0,27392,575524,0.04543253123154801,4.0904562556303325,80aeec6ca6593ec0af6a86b170119b0e0f6f8624842d583feda314c2b6be87c2,1527f0ffb69983cfab823dc45537a31ce666fba28ff45f6def99011076984601,837e0bb21c8a4b8d966e45a66c86e84f
case_061,1,singlecore,,77191,0,544188,0,0,,,,1.0,,82d6f17c29c522807455d97670ae5aa0e25798f6d887549a75c515abe487ece0,0f770e9c5e4f45c98e149e74a33736d4
case_062,2,problem_3,C,1427992,3357696,16759296,3357696,0,0,15078912,0.0,1.9991771662586344,cd6a30982bf9f766177b49b9e5938cf142db6e7fd8326faaea3e75a0cb2f8c54,4982cf9522435698e4c5dbc00edac26415054f6f583b548f74777c8d53264203,8ab0c2802d274f2fa8f93b7a9d40b584
case_062,3,problem_3,C,952703,5569536,18971136,5569536,0,0,16184832,0.0,2.996536171293677,02f6c7a711f5aa8dc34706be5434d6401001125eb7633369e0811a719189b0fe,63f152f7238c5f273e2842bd2508d5bd0b975447b9e88bfc1988d79ae1277c60,a1655637b3764c318f2d613739c881db
case_062,4,problem_3,C,715302,5028864,18430464,5028864,0,0,15914496,0.0,3.9910541281864162,b8dea3e61287b29f825302d7213eefce31c832cca4730fff66ebd9a02bec31a9,8fe7aff99c37b51f0891e571e30256bccf55da099263297a1629f26a128f38dc,5a14bf1092b240c2988f3dd73281c71d
case_062,5,problem_3,C,572833,6122496,19524096,6122496,0,0,16461312,0.0,4.983667142081549,990ef66e39797917680a0a82af6053670467250f2eff0f8fea5c38b986d140a0,83159ce83799424e4566a3195b4fd8ef94df41eb2161feb7cf7a45bd4a7fb3a6,81b50edc4d4a486ca1573b3ade6457dc
case_062,1,singlecore,,2854809,0,13401600,0,0,,,,1.0,,f1cf79eedf5c61bcfb56fd60030d684f5c67b13542d9297bfcebfcce429e5989,fbbb32a528844121a460ecf345023343
case_063,2,problem_3,C,535972,1271808,6292992,1271808,0,0,5655552,0.0,1.9971136551909427,cd277d16e58f55da337897e0a1e3d9fd2ed7fa1df290b7f8bad9427679c5783c,65da8a065a0f6b035c0bc992a4ff4ba881b6bbc38d3a4f04b416d6e70a29cbf7,73490b86bc194184a2dd99e2695ab877
case_063,3,problem_3,C,358151,2073600,7094784,2073600,0,0,6056448,0.0,2.9886751677365133,30e5a899b7ce872a6fc4863a572a89a10023420f1def348e28bb4f3e027a04aa,996bc2271a03769adae8b17aa8761939eea8c21408e98bd9b14161114057547b,dedf4597b3d0407fa90833692baae30e
case_063,4,problem_3,C,269310,1886208,6907392,1886208,0,0,5962752,0.0,3.974590620474546,8dde5f6d26a990545c1975ff3f07edeaddbcd9ff9973d2851f8e07d0b2bb4bb1,6112a3e4095ae19d4267bbfc0ff11e331254e53dac04bf5050a1fc36c3d85b98,b4dd2a14ee5842dca91f08af53521652
case_063,5,problem_3,C,215955,2291712,7312896,2291712,0,0,6165504,0.0,4.956574286309648,1984b8456c0d236349a9f1a28d4c08e99dfb7cc29eb0a21ea6c73a2c256f6c9f,d361636682aeb91c367fb479eca0220594c1b8e9879d887266a410bacd07e741,cb4229a256d5425585d00943ab5f21db
case_063,1,singlecore,,1070397,0,5021184,0,0,,,,1.0,,30df766aa24c6a6d5cafabeddadda8499bdd0664bc4acd0103f3f71d6e88abde,186742ce0cf74b2f9a510f350e802b3c
case_064,2,problem_3,C,9800,79686,117100,79686,0,14086,68438,0.1706897387426688,1.9506122448979593,9ed9106b270556b85b7078a02c4a450ca2ca0b728ec376f0f6ec7e05bd541cad,f50f85333912f15cfa254daef792f41ceb7dc05d9d80167389d6c226db99ecda,f47da23cda8b470a99ad6d535a5dc09b
case_064,3,problem_3,C,9426,102216,139630,102216,0,29798,68104,0.3043655900798758,2.0280076384468493,5bb753b7afed11c3312121c6af15e6486c54895d4596b7682b9028e52d60b485,214cda07093922ef7eb9b564d59a0f496566ef9f9adc624b9786d14429beaa8f,6b6d5eba5c1e4f9d8b79be45b75896d4
case_064,4,problem_3,C,9426,102216,139630,102216,0,29798,68104,0.3043655900798758,2.0280076384468493,4408166c840ece309af5bff20e84da296762775f878e4ee6b7068493f978ccaa,e54b802b2ff6b844befb6ce3bdfb485a5ec4dd4fe7f6f18417ef8ec5529e4f71,ba8f3f9987e54f638f5b1998e1ed0422
case_064,5,problem_3,C,8577,121682,159096,121682,0,38062,70842,0.3495004774847572,2.228751311647429,9ca95766563bfdd16f847ab3eb3a101f42c8e50b73c26670239dcb21883401c4,cbe0a94acbb46836a06c48720462f1415cc920cd568a09988212ff3e85a86aa7,dbb936392fce47e6bd1368e1a2f04d87
case_064,1,singlecore,,19116,0,37414,0,0,,,,1.0,,240a17364d216e42c3c18c2736a1ae7b00db97b452d272ee1f91ff90372febf6,8edba030b1ee4ed7a583b75f3de2d91b
case_065,2,problem_3,C,17185,257800,574002,257800,0,62096,406788,0.13243360831250373,3.0880418970032006,a11dfa5c474b9e5e6c28240276fb219139e86fae10cbcd82c382c638062bf1e8,fa8f642cf13efd86b25ee082599fd003abd65bd866634e5eafe9ad7fb7f49306,f9a1158609144af197664750a54f8efb
case_065,3,problem_3,C,12643,339688,655890,339688,0,83244,431010,0.1618733155211238,4.197421498062169,a361ed842d5d51e780c65f9036428810ce31245db8382e0db56750e851619d42,0e0d8acb3813f17a09d6fb149d212deb74596c32d39782b51070dd69cf471737,b7a784f6381042f0b5c6d207a671405c
case_065,4,problem_3,C,12643,339688,655890,339688,0,83244,431010,0.1618733155211238,4.197421498062169,8e7885f733d70f1cacca3bce0726b9df680fc5ee3e65e60755b1b64f96de1f32,a7d5168c4c5924d03afdb8742ced6c0aa37ce48aa3779d8c0c3d04280f35e0eb,8a236a0d3e98458eb5650610f3d68881
case_065,5,problem_3,C,11022,55296,371498,55296,0,36864,318152,0.10383757351781328,4.814734168027581,3c7916a8c7b16e0ead05a25a7af625eb768362e87b8d12b3c7bd5e41a6474fba,3f1474f5137c09b797e0cfd0359d8d964f85a89328f127662ae6547cdd07b45b,553e268166de4652a039ca0c8bee9b07
case_065,1,singlecore,,53068,0,316202,0,0,,,,1.0,,17abf89c9c04f442242e29c89d1b1377018ac19161af064a997b63b7d599c3fb,545ceaf0ad014d25a7251bf9f9f1a2ed
case_066,2,problem_3,C,148399,2842576,3949610,2842576,0,485628,2251630,0.1774140398895537,2.4196254691743206,e2fb10cb49298af7cb3e1994ebefca2e513e1b59f998255463cd98d6fa3580e3,e63295b18a4c14f1b7ffcabab0c3d9a21df53951ef3c4733ebaafafd40b6e9fa,9d2342b62b3c4f73b6c92f7646dbdcc5
case_066,3,problem_3,C,110865,2851806,3958840,2851806,0,600130,2216194,0.2130898291531798,3.2388039507509134,ec4d94d7f361a195d278bfae0110624b44b82126b85f3690eba1438d3ffc6347,242dd829442588dcd1fa99880aaf3e96d22d3ceb3600f68ffc8c3f93518a5ca7,babe30b9611a43e6a40d01803cb5b9d7
case_066,4,problem_3,C,89608,3420774,4527808,3420774,0,836624,2316872,0.2653004792141801,4.007119900008928,f1778c6e48d64fa3dcf8dff834db488e7a03d7d6c3404ef4a4696e4ed367b813,eec32a625bed09f48dc564b2860a8ef33bbc29c7b4b3286e1f8ec3acd38f922f,7a1e52897b2e450b92e58b26cccd0694
case_066,5,problem_3,C,85663,3817150,4924184,3817150,0,1106204,2320422,0.32282601019194973,4.1916580087085435,12d427d24a408f77ad8dada12f00a0f26afd272c3cf390a3dccbff36b1b4e3da,09c09b54659efe85cad536c19b37a0cf06c36f72a40ac2982309650b35cbbb67,946c0464311e4aed93b00cd871dcef00
case_066,1,singlecore,,359070,0,1107034,0,0,,,,1.0,,ef7a553ea29bb2c6199d2216012d108afefb2cf29ec15310d53d90bf82f3b74d,279d7d879dd44fb095d16fdf62587b1b
case_067,2,problem_3,C,29790870,44960128,51008256,35162496,9797632,3753216,26095104,0.12574295638749516,2.1427650149190005,f4032fef346446525af9240c9366cdb3c1755c3b7c99f7ae4aef80ecbc0b817c,eddec68c0ce297af26047662dc9b28f65d70a2fad47157b32f204dcc0796c3e6,9f44f1353b3143798509ebaa56603abd
case_067,3,problem_3,C,19725133,50023168,56071296,46058240,3964928,8382976,25235072,0.24935939171721094,3.2362181791118974,00a1991fcbc17590001cd0b0bba547e679f34ab5341a08e5ee10e22fcf34634f,849506992eb9390ba1f01850cba1d43970e60bb273628dec51726a80f40c62e1,3128828f98c74d7d8befca2f74bea882
case_067,4,problem_3,C,14773329,55934080,61982208,53353600,2580480,13374208,25137920,0.3472726305853574,4.320951222300675,b2187e16d7f2ca669d2a22b56848cb40c58b82cdcdfbde48803c589ba290aadf,b2895757f1ab7e2ef6b92ab6c73f895696aed868fb0166c368a16d2dd2794e9b,2a8e5a3158624963bd11f15d5c30648e
case_067,5,problem_3,C,11863423,62121472,68169600,62121472,0,13422464,29966336,0.309353197138432,5.380810749140446,cff2dfc2bf46190a2776ee0c8f48cdaedb10ab99fdf2dbbe39f7e6c382e3eda5,06c70ac1c7df6b5f98ab1ef0fa886451ece575432e0e48b05d0311c8e0247dfc,d8a4875d97474cc4a3f9d6364721cd45
case_067,1,singlecore,,63834834,264449408,270497536,0,264449408,,,,1.0,,77ddbe14ee5a68aa72557b21b0d5f649f08ccdba4dd55afff6b8e6a3d93adc9e,7454194de13e4d32a7ae27bf02c6929d
case_068,2,problem_3,C,147613,2255574,5026824,2255574,0,540238,3762506,0.12555662154197414,2.453002106860507,31a797b414e29fa8fdb45f17f556299200f8daf421840263b0cd5b78f24b5f6b,acf94153a078892329fc1e2ba294e52342df23062181e2133049353320fb8a65,6fee8ae88e6b40f0bc7ae5f9b036d6ec
case_068,3,problem_3,C,119783,3397204,6168454,3397204,0,1016952,4233230,0.19369842797830628,3.02292478899343,8535b648a10513de07d09c03c028ad7ad12f51d16d80f98bf6f1f34cbe678ca7,a052aa230a7d18a931f2f2e9d43fd298db88278fe3a6d4eea4c6e57c85e988fc,c1eda3dd346a499396f8a14696797795
case_068,4,problem_3,C,115399,3822554,6593804,3822554,0,1247310,4235264,0.22750445320026688,3.1377654919020097,472674035510cdb95cce6eed4e5fe96cff088fac9ee95e88a7404cacd4cbda13,f2b99a8d127fc8700e238328a89186e5cb8df97fc79bfb091c42e197464b6e49,7be89379cdf14521b09da66b960490f1
case_068,5,problem_3,C,113261,4070134,6841384,4070134,0,1138008,4531242,0.20073343034792962,3.196996318238405,da85554c2efa09445e192b80af6697a2bad33905a2a578ee973d3318313f84d6,a238b93afd46de309e5c3079151e69e204039ffd3ec5023691dc7b3754ba864c,a8c1ef27cf624971b8e809e06c0d0151
case_068,1,singlecore,,362095,0,2771250,0,0,,,,1.0,,009d361b15a9f18337cb71dd4979a35c8931af842e80e1d7d26fe1816ae798c0,b3eb51b4615b4107a8a18a705ce5d1bb
case_069,2,problem_3,C,11734,253156,379210,253156,0,49922,216584,0.18732036051721163,2.1428327935912734,bec6958d1d5d65028d72d71cc33bea7ba9c7eb1e183511c5d918306c2e3c86b7,e46f8aa28373cee31ae7c53cda0f38173f7fa534e3702694937cf3ad1cd7ba32,92dbfdde94ee41bd95c9fb12637763d6
case_069,3,problem_3,C,9979,343082,469136,343082,0,67784,251800,0.2121007309502353,2.5196913518388615,efcab2b2e754385ec77d1a700051c97eb5c024d553f8f0a0ecd78298408c2417,7173a0f199cafbd602e28ed3ffe8a87c136cfb5cc8bad6a0da23183a920cfb3d,4d0f6034c7c140c6bf2ee00e4aaf50a6
case_069,4,problem_3,C,9979,343082,469136,343082,0,67784,251800,0.2121007309502353,2.5196913518388615,1b6172977e3f5ef38759e716e05f07d249b898eddfcf5c8b2895e35392c2ea13,7dce68ba7e607c65d4bae17e1f88f3388bdc5388d6f0144f688429ce007c8f49,c152dac42fd044da84fb756c5cae4f36
case_069,5,problem_3,C,9979,343082,469136,343082,0,67784,251800,0.2121007309502353,2.5196913518388615,de8cf476324702ed7e7736ceda5bcf5d876ff7ab05fa4d747fae745966efe44c,b032c3bfa191b6b0b92d25a7ee486b64d6f6f8c7b0fc69087fa2b6a721e396a1,cfe8a40826e846a894531ed14fdfaa3c
case_069,1,singlecore,,25144,0,126054,0,0,,,,1.0,,5a60aaeda0ab24464e90f758e2bc4a36b3547054a59f9c707eba5d8dfd4da6d8,7c0f18642dcc4322bb8e059d9798d030
case_070,2,problem_3,C,47799,742102,1162066,742102,0,128898,751548,0.14640080141201164,2.45402623485847,492c61a5ff373955f4a006ffadd65925d5d78f0914d5ae0443139179f75fe5c3,d35da2f6d3a4cddea114ebdbefba619ac2546fd12fceef1bb5bc2cc6e34aa624,d0edcf73e60642f79ad86ba683bf1899
case_070,3,problem_3,C,33531,921450,1341414,921450,0,253452,795326,0.2416641081334658,3.4982553457994094,ecd0960b4d36ece721dfbb92d9f8ca46cb3441ed1872d7c199fbbd0dab6271c5,7ca893c3be13cd7bef8d6e971b5ed192f076a27bd5027f9a2ab82af61808c3a6,d8166aecd4a043a29b8a1fffa1544376
case_070,4,problem_3,C,29035,1161162,1581126,1161162,0,267910,947892,0.22035660411810476,4.039951782331669,372f47566942c9b99ba8a1815269fc2dae144b973a5cec54f8f31cb1aa1ebe10,f27dadbe41b6649b164110cd078216d21cedab09ed72b7ea88b1c2cded2e1d58,cc31d9d002d14f71a3ae10924d0ef3f8
case_070,5,problem_3,C,25376,476808,896772,476808,0,240256,611862,0.28195156069933974,4.622477931904162,887431c5b41d32d9fc3ee83a76d0b59a02a79aeab66a56978708fbf01f87f674,aefd0037c5a99c3f82218aea6439410cfbfebd48e870d6b13b61a0e4e7d829b4,bbc7153b336b4de9b3795206e3b61220
case_070,1,singlecore,,117300,0,419964,0,0,,,,1.0,,1708562d4730dad4dca3463b5418b6c7a4dd4ad78cc8784767729b98aecf0f40,e57e28f91cdb487595739e14938ba7dd
case_071,2,problem_3,C,9190,197158,318604,197158,0,45318,192038,0.19092839447917895,2.0586507072905333,aadc34329667a9b305048e1a47ce6acec77133b76184764d4c9d36c0a48a1ef4,94813168ac96ec0e7fbd503b14cf86a32ff05c19281401bb596d236db0ddebb8,6cbced1ebb5847dc9ff8e8c6e36129ef
case_071,3,problem_3,C,8187,217066,338512,217066,0,57606,189370,0.23324533557916557,2.3108586783925738,c59fa65b1f8b800a72c2fa97bdcf3c3d4cc4d31fabcc3bde4bf2173e2f470004,43903b556545230c7a1921c67f3048f805de2bee795860b5099a542b1c134168,c8ac5cb9106343f79bafbfced55f0344
case_071,4,problem_3,C,7957,294062,415508,294062,0,109838,199110,0.3555226122195321,2.3776548950609526,06b2842df8624d05bd6ccd5e9b9b739e5d7c85f609c20dfad94777a409a71cb9,e526afee262d4ba4f3de06f7041ee1b101ca3522f3ded925262ba64346f8df92,7d3aecab9d1f481c9dacbeaaa9b09fc0
case_071,5,problem_3,C,7957,294062,415508,294062,0,109838,199110,0.3555226122195321,2.3776548950609526,9b72ce92cb4dadfecce62d0daf7ffc0c975645cae0a0ff09b976af5a6ea9908b,94c9112ee1defec98c262ebc45fda9a7cdd22b8f6ba7912dac68e9ccf77dc88e,b1dfebfc2f2e49f192c605912aa36752
case_071,1,singlecore,,18919,0,121446,0,0,,,,1.0,,d4b25d17bafdc52e6eaf11a41bcdb5e2045ad99c36fd98229dcaae7e6e01b422,cff4c9ea667048c589b7516639e1cbb7
case_072,2,problem_3,C,11717731,199556710,210659894,131531750,68024960,8303102,114918442,0.06738352507577733,2.0394586631148983,7271a3bf46bca595cde0bc2970c5133d5d2db77bd44241c9aa9969ca7a3c86ad,c2e2beb894fe6426f937fd331fb3cff2ec9644e2a6c300f7b94fee26b262c067,43da5006d7ab44319544d509699c9e29
case_072,3,problem_3,C,7857361,202307116,213410300,119296620,83010496,13812970,112955700,0.10896201719241828,3.0414573035399544,4519a220946f68ec18245436fe4a802738ad5ba3e8671659ca424b3219649f49,92d0fb56e7459105acce24e79c6da581057c13b9971dfa8d517c093ed02f33c2,fc92716e81aa4fb68d3119f9ede618ac
case_072,4,problem_3,C,5931793,208854510,219957694,163269422,45585088,16893010,115834076,0.1272762817982759,4.0287697160032385,a5e8cdae020ea799d1c5596aa58018f03ca2929313d6fa6a070caaf28f78876c,a9985abea382c053e889e9a9b12b85a19c5ef9cef08b6a7703f07cca2e7c2248,3d65208bd89542d6971ccef2fbaa5a9a
case_072,5,problem_3,C,4827101,241758596,252861780,159638564,82120032,34794776,130611644,0.21035928351511388,4.9507619583679725,1aeadde42b764dc042a4ed47ee0669d6590792afb5a4770921ef3693a16b2c1d,be6529808e5d04c13b93c9a883b5bf275bbd16b5f7314edbe8cc85e76da2bca5,857865febfec484898480ba095238b01
case_072,1,singlecore,,23897828,108613680,119716864,0,108613680,,,,1.0,,5bc747bd546f1d60b49c242d29297398226143897455b3a1eec9d76575a790e8,839303bd65454506b312789ffe3f2248
case_073,2,problem_3,C,4148266,8075648,12116736,8075648,0,914176,8865792,0.09347433447635002,2.430322934932331,619e34dd0bc495efbbeaa65614b1f7fbb4d6f812007318f906e4967f12e581e4,eb22966fd4d6649fab4d3782c9dd20f02e4703a2feed80d8c02f4b3229c596d1,49df9a1696e341b7938e617ddea29aa5
case_073,3,problem_3,C,2854038,7443200,11484288,7443200,0,0,11324544,0.0,3.532407767520965,b636b2b157928352aeb233f179f34c4bcbee67368b5d97bec860d5a90f9f8514,8bbdaf4bf4cee408492d55145d008c74432c49562b20f3b4f9e47f414109f7cc,064bfcb8a94b4cfba809b37609a2ea49
case_073,4,problem_3,C,2110120,16964736,21005824,16964736,0,6204416,11741696,0.34572480100425096,4.777750080564139,d7e68431bc0f9ff82505d1fe83b428e6e76e16df0b47e213724a3d52a86c6ba6,23df7a95f39b3695dffd91988a1bf3b94a8f1eabe383815b779c8eb6962a97d0,0b8ac34954304946a2cacd0ef5e035bc
case_073,5,problem_3,C,1712910,19780608,23821696,19780608,0,9981440,11233408,0.4704931187817136,5.885671751580643,db649e2a8c83aea4b73aed9cdd3062663ee9eecc4ee62927418710cfbdd98c7e,177a4bf4c6efffb5e0dc216603b3a582efb258cace92a483814f09221be609e5,f3a946a80ae74966a00b93778311640e
case_073,1,singlecore,,10081626,141570432,145611520,0,141570432,,,,1.0,,1544f3a320f92b2c64a4baf92f5668ec84327791083d0f924886ad332d0f7994,3c5081b0e971418899450dfd628c0d47
case_074,2,problem_3,C,810704,15769900,19546628,15212844,557056,2502656,10420398,0.19365824827474992,2.075034784582289,47b95467c783e70377e92c808cffd99c8b41995ce070152791b58c2a46a88160,451b906bf3f426bf7e0c7381cd165257457335606a710d9f2faee65a8375884f,68f2b1e0440e47ffa89cb4d08053a112
case_074,3,problem_3,C,553011,17555912,21332640,17498568,57344,4771858,10223852,0.31821487612123733,3.0419629989276884,971ad2759f2d61b5df8e814c12703162ef6872728ccf89b031b5d0e33029045b,3c464abd38ab8094ed506a6d2cf563117954a81bf3bf35f6ec7cde14a2b3ecb1,d9e8a67f6cf94a24bbfdc754fe5e5369
case_074,4,problem_3,C,418141,19128758,22905486,19128758,0,5955618,10461398,0.3627710419481835,4.023138128047716,caded44f047cee4f38b0efd9d1c21913bf09a84f40e4159c4b517eb4535640e1,9b1e6eb06f1c79ff66b3bc2224c8948f875d32dd24b270aa20f5126a4efc4aa6,f2644c6ffc674990b80c7604c9e7f117
case_074,5,problem_3,C,343595,8089600,11866328,6168576,1921024,3493888,8364056,0.2946453449265741,4.895993829945139,545ff9816e4ba26a4c7ffba20eca7221f2c2537f5819d58a9e26c95d9d305a21,f5284b35e8a35c3aaacbbed6dbbb98f3c17c60d99caa45c884a3556c0171679a,dc29d7346fff43d2a07a2409146d14ff
case_074,1,singlecore,,1682239,6070280,9847008,0,6070280,,,,1.0,,722ea68cb7cb8d58ae153ab4d09e1a05405aca191ed2cbdc536c8a519487b81f,beba9bf26dc04ec6bcee23ea560f156b
case_075,2,problem_3,C,580114,5410790,7247980,5410790,0,386054,4346550,0.08157327340297223,2.485389078698325,c1a57e2bc8e133d2f2d0477c93c0ddade5c73b32f003c9786117d0408feb1b76,023157013cf9c7e774f4bbac157479f2c1dbc2d1725818e6fc2c5504581c30d6,80533260c2724734919368f9bf76b1a3
case_075,3,problem_3,C,427958,8903660,10740850,8903660,0,1554362,5231944,0.22904390105603845,3.3690432238677626,d42b7cfb5626d04efff95d817e9426c1e580fd375959719781b95bb227ffcb60,faa1c05dd515374be578166e400e489a40dbedbc19c053742d1e653a36dd7faf,80687cca49014ebda77f2925286e7597
case_075,4,problem_3,C,353836,8691410,10528600,8691410,0,2319634,4656038,0.33253197684753527,4.074794537582383,5c4c6860d06c07b7f9631524bad85da62a593f618915cef109baea9186c0203a,70d58ff0a7b03d728f82ee98199c62786f55cb0bdcfefdc5918de15f58fc7204,ad3f7aff5c594ed594c1acbbf1033c9d
case_075,5,problem_3,C,325768,9606936,11444126,9606936,0,2713750,4766344,0.36279624293491497,4.425876697527075,448c3542a333f1d139025efe7b0057e69cc317ff3a495c8783c32b08aafe8582,e3b5e31b0a91d8e7bda6ee5fc5c5fdfe36213dcc8175d1b34959e043df4cc7af,ea2fbf21f03e40af9d01a2eb4bbe4ce0
case_075,1,singlecore,,1441809,0,1837190,0,0,,,,1.0,,6bc667bdb1bed8bd026ba0d2dfe17e1dbef0ef3fea1edba08cbea22ed96238f5,bcd6ce1c29e045af98092bed4ca9704f
case_076,2,problem_3,C,3108460,88571916,92842590,70198284,18373632,2023424,57512966,0.03398634011904316,1.9897676019636734,4cc21b5d40956222420113ce2eb1f4176bed637357da4f9c55b4d5de0c1c1b6b,3149dc82143083c924a7f9d460a5d10cf2362ca6e52088ece73a1fdf33a0efb9,c7832a75fc0e4f6894556e9f3d58747e
case_076,3,problem_3,C,2111273,25190408,29461082,8149000,17041408,10906624,18552836,0.3702248445830304,2.9295657169868607,c3bb2616a515f04254404622ae99daff32fac0c0db9e64346047f76b2a62df5e,a59878efa0b38395c392a18056dae0c75308b19fd1043d247534e3c646fa5596,ccf1dccd53fb431794e3b7917b639515
case_076,4,problem_3,C,1570307,26377228,30647902,12223500,14153728,11260928,19385350,0.36744847123033997,3.938792223431469,993d74dc9ea42f256de56cbf499a8a14b1079d19e94c87128516950cb65a0bf4,c824e1dff89027647823b4991c7487c6a11450ae3a168bf2dbdb31b244a7c5f8,be27fb1dcb6c48379644d0424f7caf3a
case_076,5,problem_3,C,1268676,28727308,32997982,16297996,12429312,14358528,18637830,0.43515493437184793,4.875250260901916,b49c8c5de4fa60c831a48df6d566d63fdfc1aa7d850e65ca7b3902cf0a55fab4,1a9a063636889a93d4087cfdf06b0adaf15464ecf74df88ce3296865a9276743,65eca57e0a294e4f9562ee2746cd0b1e
case_076,1,singlecore,,6185113,28280832,32551506,0,28280832,,,,1.0,,df8b5b9ba0d2618395e0ecf4cdb07f18e3b05b0fc939b54c636ffe397b8093dd,5d887da22127446b8c1a7ddab694d495
case_077,2,problem_3,C,220773,2818480,4959840,2818480,0,242362,3479504,0.06511841103360519,2.2435714512191254,b0a32b9fec6e25de51469df4ee17c0cdb4743f8e10206e42434a7a3b9bdf5801,b635a6ca6208f6ee6b04e584d66e36289bea3df207f5e5da28e765b828848ed2,78cdff7815f041d7bb188af426d694ed
case_077,3,problem_3,C,153578,3690188,5831548,3690188,0,512084,3784168,0.11919319444017716,3.2252015262602716,7b3f744bd372cb50dec1dbad8971564052782629804246fbec3e55cd382e8fa6,d278b3b31aede766e4a919e038a38cdb2ac8ef00d9917e53dc123a4ece53961a,0534ce0ccee147a6b031d36746d35da5
case_077,4,problem_3,C,126224,398350,2539710,398350,0,87560,2317088,0.03641281385050951,3.9241348713398403,e7d64dbc47c2cdf5c6d31dbaa2ba1cdb9226131acb2735d0716c15676ca660e4,86f41a36a1813d818f3394dbb8b667c1401101ac8539b0f6856c9c3bea7a24de,c97eac6d41cc4ca58bf35a989055d24c
case_077,5,problem_3,C,116593,172032,2313392,172032,0,49152,2264140,0.021247641888702335,4.248282486941755,910b636647b4eaba3a6b17597d2e362eacc8b82e035f52636421f0f5d4ca8ff0,615de6f87b039968f7a9491ac9c19d3b1e4e5e817ca359aa6a6db0e857a0c033,f135bff8a520407bb3405ad1b3535042
case_077,1,singlecore,,495320,0,2141360,0,0,,,,1.0,,23cbd0c00e68d4dd7e40dfa123269a6cf96fd81a5a6f16f2a198a54f05d91992,076a7bdcaa9b48bca55835664ed654ee
case_078,2,problem_3,C,1020602,3070080,5415168,3070080,0,235656,4620408,0.04852819073224735,2.2497927693655315,85bda65e268303a5c9ab0de17e1ad3c81165aaa69c67db1aadb05ac68d052532,ca28d742f7856c924dbcf06424a8bfb6d6feb45bac2760a4375efc92511a4b0b,ccb13e4400cf4927a5a13de63bea717b
case_078,3,problem_3,C,684109,7705344,10050432,7705344,0,3497064,4750872,0.42399262069928767,3.3563993457182995,3336c57f099e2143c172b47611c61b70d0df919e9a2f074ed813018ac712700a,84c6deda386b89daa1e55f5a67a7d268b06bb60c870b8bef0400058adfd6ff72,e612471985a84057b70a370280902a70
case_078,4,problem_3,C,511972,7124352,9469440,7124352,0,2272536,6717672,0.2527790235776525,4.484899564819951,d81c356430992cbfc1d9c0e04fe087e2ed0d31c7bf4715bb6a09df75b93119e2,228e450bb793284e54a26a9d6bdb93ffe32f7c04b6b555d69c3a93d458fe5cff,0c62bb676ede4b11b3ad7b30175664f2
case_078,5,problem_3,C,463111,13507584,15852672,13507584,0,3200952,10096584,0.24071767882410697,4.958083483225404,0fab18be0efabf23df85221baa037e577e6ce839b31951defb15907774d06c55,288480ac8893c871f4be8476bc7182e701844220e1ef8e46f19a1e715dfdd53b,e1ae3e8821864575b97428d09c57878b
case_078,1,singlecore,,2296143,12644568,14989656,0,12644568,,,,1.0,,8df3e10acf61559b740dd33bf8774fc7b9089c48459ed64681cfdbad22a843d7,1b093ba0dbce496ba50ea60c5dfcfb6a
case_079,2,problem_3,C,14876282,37376000,46727168,3649536,33726464,0,43188224,0.0,2.0873663863053955,77209da568836e9cb1e84ea66c610984294941953676c2e388b6aefa0f14048c,b14cfeab6390b349eb728e29ccf0876e3ba06d8e335adb648a56aec9bcb030e2,b156b0da2fd447be8c871c4eb3d4b762
case_079,3,problem_3,C,10175315,39960576,49311744,11624448,28336128,6285312,39487488,0.13731543624161074,3.0517238041279313,0d2f93665ffa248cf127e68063dedb0757fa6815fc67be76143802413d181c34,35939f279547ed63dad4100e350c7cc8dc61dc8b9543b5f458575874b7df2f0c,2974cee4bbea40e3a7b9e6c82995bdc0
case_079,4,problem_3,C,7362092,215199744,224550912,147197952,68001792,141312,113436672,0.001244184788488586,4.217856962396015,4caffcd5fb1db95608c368fbd5f2afd1f3798261577fe64e7047fbd2b48ab8d0,3671684223989589afd3f2b777dcd93233529d140663762516afc66c36ba2812,1d0b1df1b9b64fb1be6b68e47d872293
case_079,5,problem_3,C,6075315,47677440,57028608,23248896,24428544,13203456,40286208,0.24684125890190672,5.11121662004357,1207cb655a5030d426177ce0406f10d85597c8f3ba9ce5bd16ecc5487f83f625,47dbbecd424a1ea51b17e9bfd3d37cc00336849ca1e2f4ee7a65312c52dd35ca,6c55d6684a4f49f4bc0f39d54861e376
case_079,1,singlecore,,31052251,32448512,41799680,0,32448512,,,,1.0,,86d8c0a052609c032d585fee81d05fb89f364f267f0140cbd1b7491219b0b0ac,b52f44e243564d5b89dba7e750e510b9
case_080,2,problem_3,C,145793,3502080,5480448,3502080,0,552960,3379200,0.140625,2.0037861900091225,c8755bad823cb679d57a6503bc85361c6cfa5a4d343fcd24e42f1b16fe8653f8,60f55f5f4759f66f508119776df483125ea162cba9278463805c703724dd0380,153cda21f0644097a05fe7f3d9662609
case_080,3,problem_3,C,100325,3047424,5025792,3047424,0,0,4952064,0.0,2.9119162721156244,366a7cdbc0c3eb5eaf4d149417aef86c699a9423c49686e9c581d53e902e3089,0679b4fce3d8928cd98421310944849d56e505b4698803aed61b186c36df5584,a22fa8e7a4394ec881b7356858364b61
case_080,4,problem_3,C,90515,2699264,4677632,2560000,139264,1785856,2805760,0.38893844781445136,3.227509252610065,ec96f3c6361f592ba4e0d92d61ade5890938512680d3dfb4bfe60425c750a59e,83373028f0f5267c45cfb447d13730a71c63036f8833d9a949d34eefd233ff72,eba12a4c82d24adeb23b8a9d9fc69a80
case_080,5,problem_3,C,77960,2326528,4304896,2031616,294912,1449984,2744320,0.345703125,3.7472806567470496,e2cd44d6a4993a6604bd48db1e12f78923797c9e7d9f5b73a1ef5957949fefa5,b64d1ba7c6e04a808d752f4b97e9a935d68856124cbeaa5bcb3bdbca31ae3c96,6f317968ab274c808710d581ffec5968
case_080,1,singlecore,,292138,548864,2527232,0,548864,,,,1.0,,bf1e0f06d1eb49b3d85b33b3c3af09257a498be92aa7b8c0c84b720806029b3a,06555d648d2346fe9d781ccef0a100da
case_081,2,problem_3,C,76044,176486,1917626,80048,96438,176130,1044998,0.14423549374021397,1.9961469675451056,aff537bacea434e8e46f3a4d191dd0ea29099ba41bb3d916f1ad27a3fba05f0c,f20d56e0fa4fa05bf189cfcc523693261aa0c0bf4c1996fb78d69bea3dc116b6,d8dfe9fb84164932910781e57f846490
case_081,3,problem_3,C,51930,209078,1950218,209078,0,55310,1145256,0.046069937013042184,2.9230695166570384,92d12a072c03071ca2ff5cc6fac2cf57efaacca747c26c1bc85b0c2107fb82f4,42d45238de9fc180547df8317b229d5c46d811989da27f2f63bf4e283bd12a6d,2a1483730cc44fce88f9bd8f9027083d
case_081,4,problem_3,C,39069,26684,1767824,26684,0,26624,1044850,0.024848013110910765,3.8853054851672684,94ccc1bbd85aa3731d03cbbaee7c2e3f1840b7c69ce4d96a1e16fca5f1a45442,edacfa346825a293b16b5afc840d01fadb0fa85744f1d26553890c2353918b7d,d7ac72e1c1224bdfadbf752110958eb0
case_081,5,problem_3,C,30943,0,1741140,0,0,0,1044820,0.0,4.905632937982743,b4d23250d0d780766ac14c514754096fb99c028cf2719b6cbc7e47233b9f61e4,2b8ddafa9e0a6821b9d4146f22fff3e9834ab77ff9af0a51bb4a7096831a14be,6520ad4949f740739a2b3348a846d284
case_081,1,singlecore,,151795,0,1741140,0,0,,,,1.0,,b5e35865e3a8be53e3bffc489176352e620be635edc3dc4a0d0cfa5be8d44aed,4f8fbc9900e84de79535cb1136c4f4b1
case_082,2,problem_3,C,301576,3165414,3757420,3165414,0,147462,2075446,0.06633742826963598,2.3909097540918376,f8014f4622adceb8e07f621f531d3e4c795a2fe9e3b5c6c1048ac8d72752ab31,1994cc950b4a91ec48701476a2835187561a3e1a80b52e38d12806105dfc0f64,72a705e9b7da440f8dbb8e940a74d360
case_082,3,problem_3,C,207806,4483080,5075086,4483080,0,529608,2420294,0.17953409977687396,3.4697795058852967,95e2cd113f4a5cf853a09cf00ef1014c03d0c482923ec3050a7a73820ae633b9,9ada6491952391cbe74e90bff65cda17a5fd02fa8d0886fcb06655e45a75a19f,aaac236581114996bdeea3f47edf3184
case_082,4,problem_3,C,169051,5910542,6502548,5910542,0,896074,2910986,0.23537165161568244,4.265227653193415,c7968571a63e11d9e0b1180c5c5705625ef2ee7a18f001998ffd05c81dcafb9e,eaa3f2d0b0793d35997b82910cb2eea59e97bce0101d8c56f15c5cae957e9e33,5cac17e1b53d48b69ce538b1371db4ac
case_082,5,problem_3,C,147471,5435992,6027998,5435992,0,1218744,2396166,0.3371436633277177,4.889374860141994,080e69426368c78484cb06b64a0c8c71cb8f5bfc74e8a0e01b1d0c5b0d890752,db84b5876ba394ec3543d033920e0fa275c09307c0a90aae9f9a6e782c3fd162,670fd38ddb9c44a49fa7326c48c7e88e
case_082,1,singlecore,,721041,0,592006,0,0,,,,1.0,,007cb97140b6c14655cdd0e5f63870b51a9ee66074c2da51ebabb0a8b90bd1fa,8a90bc31ff7a48d18eded04694b72098
case_083,2,problem_3,C,406214,7885408,9323712,7885408,0,69024,5523232,0.012342782590782682,2.6045212621918497,e0cfa31daaa469b9f1f5f11f483bc7ac7036ec5589767e939a36c426009274a1,ab3532be4de66f93ed0afd9c29ba58ae900a143fb01c52c2883647e9ff051773,f95414735ae942b6af879b2702e2ae11
case_083,3,problem_3,C,288894,10958016,12396320,10958016,0,1485984,6107776,0.19568487811044857,3.662218668438943,2e00d3c12f461c3c86ead6f3595003b846f166a8656398c591829dd492298400,d49fa8e4073680fe890b9309587b3b1f2f3f5d12569682567b646911a47269d6,c9b475e64e21483bb6b7add478580e36
case_083,4,problem_3,C,246812,12017440,13455744,12017440,0,2712448,5876224,0.31581692722693333,4.286635171709642,7030db4f81985d6e4ba2f04f4b240485a358ee12c72048d9554a112fcd88c8c6,9712ca9e48f4c92bba6f5d89175b77dcc54cf774318ca121861ed4a2c6d76e29,f264f0d781664f93816e9df9a1d424b7
case_083,5,problem_3,C,242196,13414784,14853088,13414784,0,1915424,7837120,0.1964024976457425,4.368333911377562,5aff14f521145704667c76f3a0cffe27dd58f007e727935d26afd47df712f648,0212cf8ecf1474a4cb36e1cc76bcd4943543919befc008237220c4f6dd0db50d,7ac033fa70964a559fcd2481d6bc3503
case_083,1,singlecore,,1057993,13934688,15372992,0,13934688,,,,1.0,,e68e0d6222a0c46d90b6e9b92f2f76ae8d4cc128316dd325191b11d8a3f4583d,40e24ebb29c24e809dc0b6cd9a2b19cd
case_084,2,problem_3,C,938708,0,13236330,0,0,0,9927786,0.0,2.6711309587219882,6b1fa8cc35668e22ece6d1196c31ad081f52c796961a83b1003859992e342a1d,c362bf7b81f9c4789e064b52a224c318c84a04e4c7a8bb486e1040166be2986c,9c1d1a2aa29b4e0888b32ac2828c36bd
case_084,3,problem_3,C,625716,0,13236330,0,0,0,9927786,0.0,4.00726847323706,8036526be5b5294184d02d606109020117b90d23b8e5dcc3a0baa4225bf0081f,11621315cd9f32f985207521081dd37b67d97b2a975effc87bc6eebc6ac03ff5,f9397a0ae4a844069265187d9a7b3b47
case_084,4,problem_3,C,470268,0,13236330,0,0,0,9927786,0.0,5.331878843553038,14462470c4cb8a91440a158881f757146c8aef7dc4f5d335d0115971f3f43d6d,36a69ae4b7c50dc17645cec7eab782b91b58f8aa3928737eab0d44f5dd6e08e9,620409086a76412bbbd9c32a7fb4158a
case_084,5,problem_3,C,376464,0,13236330,0,0,0,9927786,0.0,6.660429682519444,6f3700fdbbf5c04910dda640dbdc507e1323fc57c9184a072fc1f34cd607e50a,9d8e863660e048b18b777a7ba5eacf25c5c2646ca5ea14bb1582f1f6d28ac9d6,bcbac32638ae43c984437ef5e9071003
case_084,1,singlecore,,2507412,0,13236330,0,0,,,,1.0,,008664dad8826fca18bad0427f84cd4fc6f944c75b2a01b2bea28932c7dd8111,ee93108941954d72b1997f67ea66436a
case_085,2,problem_3,C,1330762,14101162,15790896,13894822,206340,457098,8476822,0.05116432652184036,2.395544056713372,6647f8569d20c67379ef0f07c3d6930d7627e89c107690c59a9a22b5f9debe5c,0bc45d684a484af6eb4cf3296ace74fffe72e19ed3b60068a5923c4ff5077490,942b744ac3e04484bfb57c97fee53979
case_085,3,problem_3,C,907397,23347404,25037138,23347404,0,2412122,11352344,0.17524268649433986,3.5132351109822935,aa45c33bf23ee1134a2cc38a7cc6cd9f66fdd4f6e50fb7962d2955bdd33ee312,f92ac6ef2b014021de48aa4049330801b3ec45e4b746f5348ba1f60d7762d837,0b105397d6f249d8b31990ce29d3af00
case_085,4,problem_3,C,725313,23485202,25174936,23485202,0,3437026,10734838,0.24252462484822038,4.395204553068813,99adb87ecba8436c907a85febfa4f3385081a51fd503c3a04491d9be0d45b780,7d5ec9919d8af323b6478251311add7ffc3970e6855cd58c8b1e150bd18e7da3,0abe64da8bbf4f7c9f2b6380e336f742
case_085,5,problem_3,C,621337,26944952,28634686,26944952,0,4746248,11538534,0.29145296510570423,5.130708456119626,c18e73e47449c83a77715efd4d363092459976ba313a2189284e5f31b465ee1d,900a9fa921a5118d0dc00044b03ccdcf8b856a84d448dafcddd97c44e623a758,d479774f56614312af6c383b6023e03c
case_085,1,singlecore,,3187899,0,1689734,0,0,,,,1.0,,c10c15fc5560e0b8ee5a2b48cfb34d50b239d46908e7ccb852efe2d208141dea,d4dae98d78f44fb1ac414813265ad9d8
case_086,2,problem_3,C,52122,1224678,1562700,1224678,0,171266,855946,0.16672897123475972,2.2716511262039063,14a980e2b00c5b6b0703c8c99a4522aaceb05ffba1125d74c51ced7ff5db1604,1387b2e0b9b41378a3bb9d332911bd5aa648172d51f8c5931a270dc1a596bc88,ab704b249e594d41be74c3786f5f019f
case_086,3,problem_3,C,38477,1847016,2185038,1847016,0,392648,1017206,0.2785025967227812,3.0772409491384463,08d2c26b5d21cd15020272f7954132acd71348a875d37bd7623019c11a7b1cbf,3896e3014cbba73a64bed6754f669b59063595f475af3d2f75d07d500e19ac70,35b20b044d094b878acc6f1d7ad375ab
case_086,4,problem_3,C,37400,2161394,2499416,2161394,0,555266,1072886,0.3410406399402513,3.165855614973262,4340bcd084f0d905c876dd3961d55e2ade6ebaef92f0a2fab9be11dec6ed68bf,69a58218ba676637473cb2c34cd226fa1dd8925050eb05ae0c543660546df11c,27ccd79d79e8401b9dd700ed3ea37f78
case_086,5,problem_3,C,36972,2161394,2499416,2161394,0,555266,1072886,0.3410406399402513,3.2025045980742184,b1b2dcf6067ad2d94439b0c6e5d9bf65145298f515023b4f37b3f8bfeaf53e6e,a6aeaf5e9a1931bc35771d3d8b6ee9a6c2a38ba7f1d4f76b10f1da84297c2d9f,8bb0cccd9d2b4094a6531dc2565c69a6
case_086,1,singlecore,,118403,0,338022,0,0,,,,1.0,,af45988a9ba16ed240dd638390a0cb1bddfb21cedb7d57ffee55c17e937a560a,80d09e48d23b4a4ba41575b4e0e55f7b
case_087,2,problem_3,C,1867938,22726616,28645714,19242968,3483648,2599818,16488940,0.13619628893613717,2.1275176156810343,3e8ad867f17f780af7f49565d7488df78b8968e8c3495a0ea267fd8bc9ea31a9,3d12970e8d52b3b74f9a5bd187862325812be71933e67265feba2ceb2752873a,4610aa5c4e854a858830665caf8ab292
case_087,3,problem_3,C,1283307,41259332,47178430,41259332,0,4717672,24549106,0.1611954688008362,3.0967422448408684,102c4c07611bd59200b7345a8ec517b95b75c4543b6332243c8d774b3fca0b7f,b608527c79872fe1caff353c5c7ff0f2907d2fb6b4e6eed94daf4f1dc70c98ce,7d145eb35ce34fe3ba1da269605f85b9
case_087,4,problem_3,C,1076038,49515748,55434846,49515748,0,9000932,26609588,0.2527604763985474,3.6932441047620994,bee00903a212a2de5bd95a529bf444cc7fb10c65d72f1d67469f3adba55824af,4e5107f62d176e73c77f1ae4b653736570d2b93c682665a34b45451b668c29ee,4c2c52204258430baf50b7ecbd8e7f02
case_087,5,problem_3,C,881025,50086776,56005874,50086776,0,8043408,28166784,0.22213105083784146,4.510735790698335,e2993ffc0628d966f2c576229ebd5576bea760d141c7a02b0e8baae749e5c446,a4b7fb846dcb4e514ec21b128fe9153a10bcc544c0dbbb0b471554c8f1c5a191,9e3c38753fa24f799412beacc3128a1f
case_087,1,singlecore,,3974071,7902720,13821818,0,7902720,,,,1.0,,eecff098e45dab977d9ee23e7dc7c52f587fadaad508254711e51e7afe53ba3a,41f7fa43196742b9b2046d36333b72fe
case_088,2,problem_3,C,97036,1608586,3438384,1608586,0,442180,2517894,0.14938140060012015,2.51064553361639,a66ae385d06d8a4107db0524d543990ab81592c354ae492419aa49961e79a57e,efa2dc1c98c47032101ff76871d56cd40a4ffcad7b230ac4f8e59cb53efc02fc,bcdffb9672c143bb8f5625b0674d88b2
case_088,3,problem_3,C,79951,2312692,4142490,2312692,0,744008,2775130,0.21141768239836006,3.0471538817525734,ba250af87fe71b159812392f2264ea978c489e66c375e8d71b1f1fab16bb7cae,f4c103690d85a60b85c5b649c3f1197628fefac84600b84b0340199aafeb22a9,677e485826e24859824e08742c291901
case_088,4,problem_3,C,76972,2459810,4289608,2459810,0,724466,2897578,0.20001579218805735,3.165086005300629,647372809c2019ebfd4915c98d38b9701259436a99ed2a8258d32145e8869ff2,9f11f6aeb5c997148051f30f4327372e963c9bb83ad0f7869df7be9b53d24853,431f8465e9f647c9a71b0834fa1c01d1
case_088,5,problem_3,C,76972,2459810,4289608,2459810,0,724466,2897578,0.20001579218805735,3.165086005300629,d6beb53fdf0c571fc777a0f6b99a687fb845d886cf6012dbc061bad06909dce1,b68ca34543717bd57f5152413f5cfac6e499199ad8ac9721168a94852b791c68,4a8b668db3584bd79329be86607f56ce
case_088,1,singlecore,,243623,0,1829798,0,0,,,,1.0,,9458699331cfd074a4d7efaafc609d37e7394bbc005fb38c05ba0e62b374ea12,515c59b80ea9492fb01558e80e1e7040
case_089,2,problem_3,C,294992,1774720,2341120,1774720,0,31944,1377336,0.02266689373297003,2.3495281227965505,bf1ba72bf16850a168b6c70a58b172a3f69b286ed72e2dca5c1a9644619b5421,78b81c95391bf5ffc90cbadaa9077a59f28641d3897a7fc0a1d6887ab1c018ac,ba1a5cba493846c1b89f149b09d228b6
case_089,3,problem_3,C,205971,6182144,6748544,6182144,0,694056,3033688,0.18618660508876145,3.36499798515325,659cc14156e8d8b424298ce77a1fc126c805069191d3d6a5c2a4f35e76f44f6c,98e9da4eea7a6a621e2af3b08c143524f34f00b6cd4afeb752fbfe9e619bbfee,a501f35fb9524c17bc2256932f0f53ec
case_089,4,problem_3,C,150024,1997184,2563584,1997184,0,205912,1553320,0.11704652939464494,4.619874153468778,368da6b4516b4b2ba52c6e90040f14a8da56a05701a09908ad7102630ca12918,2f3c7e24db253c0aedf47c1d71b3d61a50643d45e2dc65e82942a47b29c7c8f8,c619ec6f3d5b404b9b3aa401adda8087
case_089,5,problem_3,C,125351,2556464,3122864,2556464,0,105808,2046304,0.04916472748630183,5.529209978380707,8c4203a70b44a6048ad110f1b74681f4a9ba4d921f10a3a050071f65e2b23f1e,e2ea207c59b32b7a34b9d942fcd2b74075a4fe9fa1e64b934767bea84906e621,37b9abc67f054a02acc017f7fb01666f
case_089,1,singlecore,,693092,0,566400,0,0,,,,1.0,,90669330ac6f2abd378cc775e0a5aa2d22226b2f9288098656db2344d19ea6a6,b32fbbb6abd140278bdc1753a5d98188
case_090,2,problem_3,C,423412,3191856,5420208,3191856,0,231048,4572456,0.04809988708242983,2.783017486514317,7cfe915fab738f7e902b7ef9dec0bcd21d899f83eabd9e8e7fca38ae9e64c8db,dd91201a0d6b2f85b760dec28f648e1357cf9583abb74e77ec9ad3744d6c297d,7f65e60cdf9a4d43bf70b9ee2419372c
case_090,3,problem_3,C,306672,5692032,7920384,5692032,0,721800,6419640,0.10107205269525474,3.842421218761413,b6bfa46d6f08529a837c2e2ad7f6cd937ca6eeb32abb73bd1a530f0c241b45f2,a6ea3fea91e55baec6601ad6be1aa3184db5addbd4530e3f97fb8c1bde9fddb5,74f1e1391d684b44ab9f90ae645f0cdf
case_090,4,problem_3,C,278219,8015856,10244208,8015856,0,1083912,8277480,0.11578534474360223,4.23537932348258,088bd06edb240ec4987827ffe77be989572cb7e1a8fc83558d59b2afe9b30042,5b6a9575a386c5553300486bff5dbcbec8a3aba0f2e619381bc17cf9e881e3c1,c679fa31ab04449d8a26106bba52239d
case_090,5,problem_3,C,266904,10189440,12417792,10189440,0,1906536,9673560,0.16463904962445908,4.414931960555106,7fabea59b9e5a7858e64102485079584bdbe73e52a193984efd6462b3cb8e42e,ab6f8e5c8f658477e065988c68e15036264586221881a5ce311c0580320e9817,20808914d71b4470afa62a046827d9f6
case_090,1,singlecore,,1178363,21233592,23461944,0,21233592,,,,1.0,,7a0dbb9a4347981c536439a817d4d84279fac4c795ac60727f4d14bff78fa160,3f980c31b7b8498db08212eabc39e038
case_091,2,problem_3,C,4533044,90817704,97395360,59676744,31140960,6306624,64424772,0.08916300761263075,2.0266225079659494,96a7451055e71c15a9db56fc2ac22012677d782058fe768b5c2e49e83e4ce7a4,bddda3042798de8277513b970e07ed122e68506e8c92ca9524cf06bd9c81419c,45a706d1b0a24ad6876b6496ce92f1f8
case_091,3,problem_3,C,3120713,44048204,50625860,12956684,31091520,17932160,32651718,0.3545034645228268,2.9438045087773212,bd91cf316101ba1d37fe5e614cc7fadc3f7b655b13daff3f29a2679d50b5563a,761836174f2e0a3c0c4c4fa68e3832055003c98fb08411dec0841a2984a4efac,97a52b77bb1649d6bbcd0145ae415c31
case_091,4,problem_3,C,2339488,47932076,54509732,19437068,28495008,14959392,39508358,0.2746467772213833,3.926828861699654,0230ed8d50f8c0331cded5e65ee9e5030147cefae8aab1264c2cfddf8022c119,1f120ece06d5b9a9306883a0c29ff763e49d5d82e4ae6e041ed879ae687f1dd7,188a913e181f4487a9cbb5e8c959045b
case_091,5,problem_3,C,1869902,54170124,60747780,25915404,28254720,28362752,32343046,0.4672165251826522,4.912968166246146,d9ba7511c7b962cd5fd1517deb7ebd32bc4dfda58c61272805bad2e6e068c201,3aedb2fac7002eebdb67d9d2c00c3654c9b6ef7e2a869be9d674894395e2287e,c57fd273a0f847848724ae1479e84753
case_091,1,singlecore,,9186769,53947008,60524664,0,53947008,,,,1.0,,5c9adb22a1a933410a18c1f76b25d2fee3b147d205ed857e7dc0d1595fd97921,08971c7f194f4cd7acec8f70646262de
case_092,2,problem_3,C,1968658,16249440,19506368,930400,15319040,196608,10880192,0.017749530550339447,2.4461099896477703,1e072c72c469349c55a41ea0e2091a360d6aea070236910bebeb2685b062e314,4130bd702afec9a67d5e6f9313a845eaf3863b30fa4009fa8574c0fb8c22b9ba,7182e1f59a3046f09287afaf69aa15b4
case_092,3,problem_3,C,1400842,49897664,53154592,46555328,3342336,6270336,21702560,0.224157555942724,3.437613949324763,25ea8ccd22aeef0ee1bf4452fc27208520885a1ad238b43568b1a5a9b2839229,eefd4d6041b6ffdda89814969eb9ce186278cc4e84fbae72e39f401b6b21e985,495d6419628a4755ac8762b8b873261c
case_092,4,problem_3,C,1077105,36263712,39520640,34232096,2031616,957056,20664064,0.04426486694491312,4.470830606115467,d9941f9e9416a8d603a7eb6d02ac1fde7832d8a334f83cc4ee71efff953f4c66,1e723db1043f6a17bee3821b408c7805fc552827378d29bfe595b4f1db1ff112,6430fafc39bd43b893fe0b5015bf6b9e
case_092,5,problem_3,C,1020971,49740160,52997088,49740160,0,8468480,20356064,0.29379406661212054,4.716641314983481,6811356db2667ba406cf7c2c7221d38171ca42ead9a261ca86c6276e2e88df4c,4f2a4442a8ba9349d529eeb9ec98e85f8b7b3832d67729e728123aff0930e207,85671a21f79f4c65be10ab9e5d8ee4a6
case_092,1,singlecore,,4815554,66000096,69257024,0,66000096,,,,1.0,,e9d2672723547eeb3a01f7e3908daf395a5c7f2d34715cadf1e3f684033d464a,10f236f72fcb48d1aedea835b992999a
case_093,2,problem_3,C,37326,12288,727040,12288,0,6144,577536,0.010526315789473684,1.9880244333708408,5bf787a96794d13dc62ef430af14e5a81f9a18ca884f5977b5e152632ddc976c,716e4efa26b5147f1ef1b7d4e57795facb5db730c7e3d974181be5af3f996d64,5e2aec2e578843c98418556c8613ce26
case_093,3,problem_3,C,25103,16384,731136,16384,0,0,589824,0.0,2.956021192686133,43e90ae4faf67af336d71e8f9998fad765fe578bd3796774b2135792da36e2d8,c5d137504e19edf6b9ef80808e95086fbaeefa9062e61dd0b9aa2d7ea0adaf21,b9d0867d4d4f43ad8e121221743454d7
case_093,4,problem_3,C,19814,24576,739328,24576,0,0,598016,0.0,3.7450792369031998,e7e5143245028212432d38ec357c0628a6ac19d56abfc157620058502b5eab58,652761de7d67cd1890eca4a27a5b292c89f732bbf546b67276546cd1d46c9bb8,3912cc06b4f2457890d7f172e1fe2f63
case_093,5,problem_3,C,15876,32768,747520,32768,0,0,606208,0.0,4.674036281179139,a6b3d96d8c78c787c59ca0c961722cbc7d2e1e4b84037a19db168fda0c52d216,02e8a18708dfd79a12aa028e18e84756604b68f634d9c7665d2c6981bb35df31,8596c4f473d846d49da155d9d8b02f6f
case_093,1,singlecore,,74205,0,714752,0,0,,,,1.0,,e5bc5f140ecd7e5668029528edb533f0732a25b8b5e2a92e841d9036e597d6c9,c39ed6feb879428495e11139ab8d4b4c
case_094,2,problem_3,C,38245,727596,1254288,727596,0,107552,791334,0.11965032273280483,2.4811609360700744,2afe6ee655912a0fd13dc3ca284a57a11f2fe9e704983906e8dc075ad6871161,f2dbd087a6c56a2e06bbf69c0a4a576c3d618dfa7d9dbf5602afa2560d8999fc,0d1260a24c27438fba36a2a07bc5a0c3
case_094,3,problem_3,C,28592,244552,771244,244552,0,180032,503588,0.2633509844650537,3.318830442081701,1283e2dd9950b8d1b2b6d4704bc82a6182bd498297c3facb64de7e249e4c3b62,357adda0ed41570b2b71f580ece984741a6a3bae6922f8f8cca29a1b5a8f3271,bc9610b3e6ee4a42ab51acd820f3a113
case_094,4,problem_3,C,25042,170496,697188,170496,0,73728,568096,0.11487261305279953,3.7893139525596995,88c5126c12bcd210c5865715edff84ebf3b7374b6349f72749c297db99c3f215,9565f91cb93f982388d5142cee04de86794016df4ef9e36e30b3291f137523e0,ceb4a1248a5042eaa9187d3da008ada5
case_094,5,problem_3,C,18487,485672,1012364,485672,0,176928,640292,0.21649984092410857,5.132904202953426,b12c07ed2f34484d1c0ef8e26398f2ad1685c0531930565572c67442fadcb239,a86ecf2f356e40b1f89c77c730bf705767b9e2b4c144cad743de8e8978fa5506,0718575c31b5463f85068ee5980ecded
case_094,1,singlecore,,94892,0,526692,0,0,,,,1.0,,3fd89d913910479038716b2d60ce299a502b4f4a5c92532f41ff6148c0750872,f26d8e39dc1d449db4138dffcb1bc576
case_095,2,problem_3,C,776550,0,11355036,0,0,0,8516508,0.0,2.6847633764728607,b61334eea3938aa376b71a2a4ad451526d8691786370b57106dca7874fde8add,19170214689368e034afc8b7edb75e3eb553b4430a2298f557a2b50d8e5c1a43,d9d6f80d6f1a4ebb9ed34c5ba49810e0
case_095,3,problem_3,C,517443,0,11355036,0,0,0,8516508,0.0,4.029145239185765,898b1cca073c3d7b988edf29ca9320caeefa99d6cfb4d3f0a1eb06fc4426e6b3,e5ec1685706299829bb3df34f77e0d1bbeb346406d32f0477bfaf2853fa267eb,7ecc07cb62614be6967c73fa4d39de05
case_095,4,problem_3,C,390094,0,11355036,0,0,0,8516508,0.0,5.344488764246567,9bf4aa1a701ae44c0894405362b875f1c2927b896d17da6ee9fdab05771aa320,cf99c4155f2f3bd620d2b60611a702798fc34bedb7c731fdc854507a260a5e6f,9028441338024ae7ab7d739ec87b27c3
case_095,5,problem_3,C,314316,0,11355036,0,0,0,8516508,0.0,6.6329840033596765,d7beb8d2d5e2a8e3156440b88bdf8b48fb3d22c7960b53fa63e28adbe924b99f,81111588d7737e6eb0f349a759bdaba2266b64450c73e26c6e9430aa37e6f174,493175f440f442a5827588620d856869
case_095,1,singlecore,,2084853,0,11355036,0,0,,,,1.0,,0ebb2e5ba5249c6ec7f9dd7e675b6c391cb892ab875c8f71109255b6674529a4,48f3960a81a54a10b3a5b7ad7673617b
case_096,2,problem_3,C,28134,615360,834918,615360,0,111424,471444,0.19116506653307438,2.9926068102651597,346be3ebfdec5325770bdff248526019b3249f85a2150e05d2c3512bbaa442f7,0df2316a92d0d92faa09d6b6e400ccd8296537793bb634311ee9b1e2f56824c6,f0d1a6eee9a646dfa21264aed0e1f604
case_096,3,problem_3,C,24411,765592,985150,765592,0,206338,497054,0.29334709521859786,3.4490188849289254,90f06ad76c2c5e66d57ec721fd845472bfc6a206b7571e21b2711772b5116fd6,c84eb0b97ec9120651284c3dbffaf47f6a2b3f61a4423da320ed44f5104f8ad1,b096a905d2c84a3eb59e0740f657d76f
case_096,4,problem_3,C,22082,678936,898494,678936,0,271756,446804,0.37819527944778447,3.8127886966760256,eaefe45d1b4d79ea260f6e69b9832ae8602952d3a1cb2b9ac7bf8e784d6d0909,9afa6f5b287aff6247005304f6dc480b77a0d51e3b926dfd96a42ccb7e816b04,04b8c47daa1d4630b76fdbd83534ab09
case_096,5,problem_3,C,22082,678936,898494,678936,0,271756,446804,0.37819527944778447,3.8127886966760256,8fab4c4378b083c8205df70cfd144514fb4a23892523a7040c6994d0031edcb9,d86424a24f945b4e5ea41c88787b4d60db7da3e9e021e1bf31bcc7ff8f3f5fbd,79f0c3515f82493898aff579b6f26983
case_096,1,singlecore,,84194,0,219558,0,0,,,,1.0,,647f5dd499918164211ccbddad68c7a5b6bdad647636ef0e148a4cad7c289209,03071f15b79940a3bee4049fb01a3882
case_097,2,problem_3,C,5152906,4816896,9863168,4816896,0,55296,7841792,0.007002074688796681,2.2301025867733664,8496dfa3ff73a0179031a2bcc30d36eea97a89a90ff9d74b2d1b4a5373d2b330,6b274f4d3c0e5cbe5807266a06ae53bb6268d82931ae217624fe925dc7a22d67,344e1d607e254c848a5c1d567ceac36d
case_097,3,problem_3,C,3437689,87703552,92749824,87703552,0,6105088,46266368,0.11657281401532926,3.342800643106459,67625d5b99ed2987908b57fc3923ce336703a1383eae3972130d0e04f563b0b8,25027fbfde11e7c591e741abf9aaa8b6172e9f9589c90c90cb07683577ca1f4f,8e280071e6e14f18b75374941c8cdc22
case_097,4,problem_3,C,2577788,7667712,12713984,7667712,0,0,11927552,0.0,4.4578952962772735,f7ae9cbd4f9b9ad8426ebd8cb54e517823aa3988b459ac4d935f9d7889848f8b,0d462a5abe47fee9c0511ae9312b26d9523a21d3bf5bcac4b2174253db26af1c,150188b0174047ab8bd30e70e94810df
case_097,5,problem_3,C,2063819,96616448,101662720,96616448,0,12926976,48160768,0.21161324929596353,5.568079855840071,24a1677e7ec1bd1a1066206446959028e5cfa5cf6bddad77b8db726707907d65,be4f3ec301ff0d8097a2e48c6fa235f31906c6a223494420d422e8175141ab7c,e573026124694f2aa933947d947f8526
case_097,1,singlecore,,11491509,10584064,15630336,0,10584064,,,,1.0,,4291785ed9b4ae44ec672a43aa6f00106508c756fa33104ec40533cc7cde28c1,200a7d0c9edb4915855bdbf2dbffb741
case_098,2,problem_3,C,84555,592072,1290066,592072,0,176132,905882,0.16278162759446735,2.0983974927561944,8bb2c3154c47defa0a27596cca32dff10af3ec7f5038adacf8dc6a44fc1d9949,d26027c6d0f5759974d2a7ad3d428127ce9d1fe5e663aed7dd3c2524741d664b,dc6c1e4ece734f8f96d30d0a56ba2db5
case_098,3,problem_3,C,63060,1116114,1814108,1116114,0,524310,999948,0.343977200710116,2.8136695210910245,efc30b07a83cfcd259e555911417f8bb4eacb3644bdf5e60530ca1b320cf36be,2c245df81a3114950413df97d8026243edfe46089848365f918a6100b4700a23,ce58edc83b14480caa7a71db09f8df3b
case_098,4,problem_3,C,50169,1191404,1889398,1191404,0,573478,1019148,0.36008328383437166,3.5366461360601167,50dee965f8cd0d4452a91d18ed750c818ac471a8cae320ff69caa9405250f746,71e3ae2d484668e233174c76bb9021842ae95cc692b16fc030f2ee300bcb8cd4,2d329a8c9eec4d2a81350f03df64d9b6
case_098,5,problem_3,C,45950,1322640,2020634,1322640,0,606776,1065804,0.3627784620167645,3.8613710554951033,733c6c905d620b33d3494cc2e880c433d460d5a6bbddc3c8224d10246e0068e1,81d63509a5469d223dba5e30e5e913b1c1265c8c01075f9ee6e7dd5ec712566b,06ff3692f15844b5a7d0aef615776c2b
case_098,1,singlecore,,177430,0,697994,0,0,,,,1.0,,2929d292cf59fa790ce4dbae11aadf43003dfc746be82be90b7e9d4faa896e58,7a49be2385334fc89460d1775f65ad93
case_099,2,problem_3,C,799332,6909952,9443988,6174336,735616,1104128,5497088,0.16726130458388272,2.0304441708826872,a2527a9059197e0ebeccd7090e2e327f63e49e35acf5585b1ee475fc5138521b,f7ca2b74a81b20a1c4b005fe6fb640a7fb8e6ed1969414609f72a51b90e6cfc6,a74b986e09d24c23846a4863067c7023
case_099,3,problem_3,C,533588,9437576,11971612,8998152,439424,3846400,5391236,0.4163835855840174,3.0416707272277486,79bdead2017dba3a92e4b4f1a8143b948f902ff8535d66328a76768360421e92,5600f068b976d7ac3aadfa87973709ed5c3731c525db0355bd45de6ce37ea8b7,b66d19e56fd94614a2db017195f27cb6
case_099,4,problem_3,C,402536,10056448,12590484,10056448,0,3314816,6106240,0.35185185185185186,4.031935031897768,4c14afca1d3bde8a87f59591f156dd374556db874cdb7852b794086542611dd6,789652cd656ebc158e868819a42364a3ad15a5131cf23af3bd5e9a546846e713,7dd796c228a54340adf81e2ed250d0fb
case_099,5,problem_3,C,328759,14095364,16629400,11678724,2416640,6467584,7598850,0.4597884581124114,4.936743937048111,c16e5c464b480743512fdca55783aecc0c3890cc39ff8deae8ccf58b30283769,b11c6cd2fbe2ac97e83f4b988ef46eb05fffadb1151775aa1dff112217b6eadd,b7e2a3462b1243dab609df0dc3065cbc
case_099,1,singlecore,,1622999,5484544,8018580,0,5484544,,,,1.0,,8962a02f79e7a660a79ccc46acbb2a2411e715d70161d8b7000acab019e15e3e,b66066f782454fb3ab53685e336bd6f7
case_100,2,problem_3,C,54114,726736,1181334,726736,0,136448,733454,0.15685445027140987,2.7945263702553866,573c5dd8382a0b0ad4e62339b77f5043a21d8c368b20954fc53020ba874d8c3d,9b4a69f9439e9ff86f869f57595394907eafc92802285945bbb24d4200040c83,b4dcbfe6a2c641eeb220faf872940298
case_100,3,problem_3,C,38604,1004866,1459464,1004866,0,407444,754038,0.3507966546188404,3.917288363900114,c89fbe167b6061958d6534ff8c2dde114d9f13ebb8df0b916e7cf62a4c3d000e,9cdddecdaf5727b885989f2f63684744f6eb8beb7334ed9b9d3d69454d8571a6,0239934da5934b5da89af82e9ef3dc07
case_100,4,problem_3,C,37044,1049164,1503762,1049164,0,234804,865948,0.2133123537363548,4.082253536335169,e9c243fba6dd3f5d00dc273d88bb5459a36280d7c75a9a0488ef1165f37e5a34,de4495a15466e8f0d84ce5139c31b9e56b80762fedafbe31562b404e5776d5f2,62c4844465234bbe8b3a13381d260904
case_100,5,problem_3,C,33971,1439850,1894448,1439850,0,527810,927454,0.3626902060382171,4.4515321892202175,a12bf4305daff742d54178490e930b265ba874c2eb42677ddae0edd11f3db2e9,c71cd8d26be373c2fc1997382619177e59137f8cc2e5a6cb33aefce051886b9a,e7d4d3620c364d3f9bb32b0a1bd4eff3
case_100,1,singlecore,,151223,0,454598,0,0,,,,1.0,,d77033915c56d3c2baa4d05643a3596256d00c4a2599c8dfb5493bb20c04526d,6dbcfadd780343208a577759ec1cccf7
