case,N,kind,plan_scene,makespan,added_copy_bytes,scheduled_copy_bytes,partition_added,spill_added,cache_hit_bytes,cache_miss_bytes,cache_hit_rate,speedup,plan_sha256,fingerprint,record_id
case_001,2,problem_2,B,116868,1152,1640704,1152,0,,,,1.9946435294520313,8abd33f9588cf2db2e4db267744ecb98cb0bf34ecc2413578fc889728b672ffe,ec291b1d63800cc94059c1c79ede2623cc0eec70ad4c1708bb4d5b6519c3b7b0,f2062864e9024aa896869195fc24df3c
case_001,3,problem_2,B,78545,2304,1641856,2304,0,,,,2.9678528232223567,6d6cffe48a71edc53effe10d454190930096c6ae6452d6526a7148d258612a74,8a3d911746060311f20354578697d72b246b360bc950ced9b27097ffd7cf5f9f,bf61d3a8b96d48d88e38c95bc670cc4d
case_001,4,problem_2,B,58984,3456,1643008,3456,0,,,,3.952088702020887,1d00a2193c4c02d534cc20d45bc282915d590734686d70f1a99d05bb79412d71,abd57737f3d028de054f0ca61e665d35e18e7342935b096f931c6174cb78567a,441e3b89f4664afbb76c387ebead78f8
case_001,5,problem_2,B,47502,4608,1644160,4608,0,,,,4.9073723211654245,b3dae29d0f436a750631fa72c2dee3456e91d22cc0a15ad9028aacf81002b61a,4903809c65c9f5f701f801e65bc1143df787ee5c688d7691603f2290be56167a,acbf9fda10ed47ccae17c2d4e36b4be5
case_001,1,singlecore,,233110,0,1639552,0,0,,,,1.0,,520d1acb06adc82f4f98502064f671a6230a68f78e6b2e9ce89f577cccf9b0d6,9681effbf7e949859f2c6910fd2c9b0c
case_002,2,problem_2,B,131800,319488,1543680,319488,0,,,,1.987443095599393,d78f623b400d176895af84ab8310d127e5c258e2fe3e873e5cf0940420d75e4b,c43ccf22c733248d4d67b3ccf7dfecfe3ca1e990796f4058f179764bb2058ff0,e3f0c5e41e624b4399b8a71ac9758385
case_002,3,problem_2,B,88703,494592,1718784,494592,0,,,,2.9530568300959383,0d01b4ebe932c5ff4818f4fc6cb54044a3e50a3cc34080055fb3ad97273b2f24,21bb632ae3edbf6faff03926dcefad40afe5840888727933df69c666627eb87b,ea1e28942c164f7ab3cbf34825157e02
case_002,4,problem_2,B,66822,466944,1691136,466944,0,,,,3.920041303762234,cdd7f2a3244b23f9fe3289c598d2ed732054414989db4fe77a24d6c8e05c7878,27359eeda888096516264b92a63d3d8c59fee08a52130bba4a6f0ca7262fe9de,73162fa3cd8c405abc19adecbce3dbd0
case_002,5,problem_2,B,54257,552960,1777152,552960,0,,,,4.827856313471073,1c0e276a3623d8895a4aac686ab82bb389f24fda0cca91cd09545ea4d584e412,deb9fa9d2e32ea156ec5ec19a8bfe1fcc9621ce65fa55e47d9affeb1da2e953c,a2ae12f038a24d598018be5d8e2ffd3a
case_002,1,singlecore,,261945,0,1224192,0,0,,,,1.0,,5053746c21bf3bf1e8d9eed9d4fdbe446286f6210179b09a6260b69b3b3b5b52,351b170a8f714e8dbd81b2f2144e0eb6
case_003,2,problem_2,B,251040,5650562,6934826,5650562,0,,,,2.3988687061822818,213b944a41fcda5405955fdf75bea911a17ba208e6db35f4d09ad1e75c97dfdf,50a1802f8b4afe8b9d7b48e9c66195d5af2c54bc44df3e3a45f665a3cf5ffaa9,e515a29c365e44b78412ebaba422459d
case_003,3,problem_2,B,183001,4621744,5906008,4621744,0,,,,3.290757974000142,8402430fcb9a2f945f0306fcff3d162200190d95a0bfc7c056e2a427ea98340a,c712bb6c45769e77dea960f4f020582b8b69894323b4485bd15db3f5b60bb3a7,923c33294aac4fe39b975aa687920ce0
case_003,4,problem_2,B,153560,5912946,7197210,5912946,0,,,,3.9216723104975255,35f80d93e8ba86f6f50007715350cb9e263662b8c5c53449973e5ff88b69f499,76db3f47ecd2ae8517fb47c28916ee9d510e3e97ce15c6b9f294964488fcedd0,d8ad6a01eadd441b8744b7d19d70ff63
case_003,5,problem_2,B,153560,5912946,7197210,5912946,0,,,,3.9216723104975255,8bbe4f34f51e7b4f6c852d3c2ff4cd474719ea17e88ef8bf57475fea812b4645,9cb1632d27f380f611d4eba12cbe27f8a3a3a6448f5968afcd1b1c18e15730f1,9f9fee701f9f4349b3e56c91998dc5b3
case_003,1,singlecore,,602212,0,1284264,0,0,,,,1.0,,1a6231ba7f825675f72925bc053334abef2e8c518d65d1dc1cc484c405d6d9c7,abe688af79094b4eb2c75a24100b19bc
case_004,2,problem_2,B,194802,2663424,3456000,1815552,847872,,,,2.014132298436361,c601806a8adb2e63954ecb6ab59eeddb1ddaba47ed76038b10d5114115deaf85,b9907788c8d35510af251b3037bdec85204abb7faf888965e6eaa02941c321a4,0dbd49ec57fd45c8ba22e4fa40bc4b6e
case_004,3,problem_2,B,130926,1474560,2267136,221184,1253376,,,,2.9967844431205415,19667243f83e08f491133f07cbf5ac2adfd47767294662016fe6eaa26d9f61e3,4cf7be078f728e9b8cc2708343516a4f2ab239e0538aeaebee581973a352a7d6,b61a92c22cd3416eb58c866630ec9cc6
case_004,4,problem_2,B,101034,2383872,3176448,2052096,331776,,,,3.8834154838965103,8c8a31c53918601c773dcb9308c3e2d5d6383b1c579bfb42a685b7a09c7ad48f,878def799dfe661fe65122ecebe7cf33285259eb47dc458e4ae304b9b1a87a43,f2a9a205f6044aed949e1c2cec900dda
case_004,5,problem_2,B,82564,2267136,3059712,2193408,73728,,,,4.752155903299259,cfcb14b7d0059e2d327caf14ce772d824d7b10d5ca37ea94251547f056f13051,290d31460e67d1fb2dd086da30cc67efc1d086e907ea5ba0ca633b986632ecf1,678a74f1f652487c96253373999b4fe3
case_004,1,singlecore,,392357,0,792576,0,0,,,,1.0,,6ff3b4ebe7faf62a60fba679baf9dd0a0bc72e3680d0f343501db783317edad1,e3f69ba25a164f05b85e823db3686e90
case_005,2,problem_2,B,40963,1250596,1584010,1250596,0,,,,2.3342528623391843,38339885fed3ba981a2c5d13741578282383cb2eb886b3db819abb9c494d9a2a,5fe72c7624a70ffe301ae5ae479d456ca8156cfc829df2e96221061a5412b210,f3b72acbc8234adfa08bd3ccf7b13635
case_005,3,problem_2,B,34938,1544776,1878190,1544776,0,,,,2.736790886713607,ed14e3d4924f6d4a3f7cb7b0963139277622eaa8500168a72e454624ece0db4e,b750cfd16b90084799bb69c23cbacaaa7ebfc48dd09deb60f8119ae830ec20bf,cdce0970d2b04091a8a3555e265a9719
case_005,4,problem_2,B,34938,1544776,1878190,1544776,0,,,,2.736790886713607,e9d94c160c6b2f9e6632b0ac4a2b59ee254d1065d39bdf424e5adbc0d8f7a8c0,d7e17e1a3bbb075d7c538d4788a57bfff2eefaec2c813b8ab72983b16a5cda37,bae4e546d23c4211afa07ac6d72ea246
case_005,5,problem_2,B,34691,1544776,1878190,1544776,0,,,,2.7562768441382492,b2b2fa5bba9291897103ab37965acbaf783d626ce1dcd85ae3609d3d71f41691,596356dbe1963441543d27068d16dc6b4cd719e46555987328eaa53bc42775dd,a11da5222732462c8b91b0859bb11d21
case_005,1,singlecore,,95618,0,333414,0,0,,,,1.0,,9c99043161efaa9c86fbfca49942438b27a2ecbe4eb427332506b4b080c5d48d,8bbbc63eff7e4e99897d52743afd168a
case_006,2,problem_2,B,35558,521346,1064694,521346,0,,,,2.3296304629056754,ea46ec3cc4f96c89cd72eddfe55b085557eb395f65c670cdeecc69fea66f1efc,7352cc9748d76f9cb7efc02f2996b54fee64b9198cd7562a120ecb9c992e4663,6f351f640adb4087bbed5d8cc6e44705
case_006,3,problem_2,B,28458,62852,606200,62852,0,,,,2.9108510787827675,2e4eb954b2c458181ce98ddfc3e10b6d8e35b4b60dba35a800216cee11161197,97fe6369e5c518179a03fb7d3a700f6e72bca88425a6ceb56579fa2660e0b181,48c295b4ed8f4a8aa760f2cd62fd42c3
case_006,4,problem_2,B,24699,129292,672640,129292,0,,,,3.353860480181384,5a13fed5ba5b3de64bcea77e515a95cef6b4e1ea76bea64b684c07791de9244e,48ef5ee75e751a2f725b1306fb06c6d870a26a780dcaeb8f38491a2c4a040894,a9ff2bc5d4a841808f8837e9192b6cb3
case_006,5,problem_2,B,20119,218164,761512,218164,0,,,,4.117351757045578,88f0c4334ea8dae95bb5e1bf44cf46833fd7baa5907768e60b1b38046fa4af90,2e83749880bbd43c93b11c8b6713678f6ddd3ae2a5581926154de24af8cb9d4b,e0992070b801457198afa6d5852b021b
case_006,1,singlecore,,82837,16400,559748,0,16400,,,,1.0,,116957489330ab7f683a48cf93736de197bf11d0cea60b26404a534d157b915c,60fbe38ea83e4bac825e6bef61ce73f7
case_007,2,problem_2,B,490226,7183872,8916480,4290048,2893824,,,,2.065500401855471,9bd26ad72b750e4810d3f3261b450326f2542382e8a35ea7b8d2aaeb5608e030,12b3ec80d76e3cee2978a6aac74239cbd799253a1f8c8254dcd80e1754fd61a8,8d5950773a854c2785bf7f4194545b9f
case_007,3,problem_2,B,326994,5363712,7096320,55296,5308416,,,,3.096576695596861,1bd92840cfe9c8535250592d201ad476ea76fd020f587f2f43bc6c024b8a3e40,e860ef602e489e148f5d5cc0ba1a059081c081c64d8b2b84c8e7812332a9917b,f1a49489c4204550b6db72b6e63ae62e
case_007,4,problem_2,B,245978,6730752,8463360,4353024,2377728,,,,4.116473830993016,11916cdcf8bf2c72906fea0f221f02bb4633b50113adf9922ee688daa003c8be,4cc7f2c44100e86b31862b425020d85a7ef456a2003bd7b970505911057bf3d9,7ceacfd778f543c6805a0611a8846382
case_007,5,problem_2,B,196870,4405248,6137856,110592,4294656,,,,5.14330268705237,d1491dc51ccc29901737aa7ccbeb13909b312b9bcdce1d65acf0c2a6c61f1473,9c1676c9b53e6fff4ae91b34e6f3ddb3eb972971def65827cae8756fbb4bc600,73bb1346cfe2473dbbeb56f4f99221eb
case_007,1,singlecore,,1012562,0,1732608,0,0,,,,1.0,,9eb3586dbf3b69b0908422176d108f89b153e6cef076f2ec36c3010bf6ac803c,f3c2e27e3ce945d0b66eb1fe6b4d9143
case_008,2,problem_2,B,181734,0,2654424,0,0,,,,2.683069761299482,a86adbef47fcc653712aa2b7ae3d9923ed557fa3637626314e39d9b82319d10a,ed087d1eb4695bb6fdb8c56890f5d57d3250f1406f88ec25a2ab134117e25d33,7ed525c57a454700b2858ec2b919b5a2
case_008,3,problem_2,B,121671,0,2654424,0,0,,,,4.007569593411741,d0bd087fe3500f37e9bb68e5a19020f8eb9915de186f5764094ea06c6eb0e5dd,8ca8571ad35676fccda3a49c54f417f65036941e72f445625f829d8cd801e31b,115022b6c657439e94cb1b220b0118c9
case_008,4,problem_2,B,92952,0,2654424,0,0,,,,5.245772011360702,8fbf6960e78778e7b6034b32c1167ba4439b55231eaaf819c59b5172b73fe1ae,632392a01ccf375e9d7f0c4c110290c8f69b6167f70d0d8c4c0b0bcec5eaa249,d0e693c1a06e4099b6b8703cdde8cea1
case_008,5,problem_2,B,75127,0,2654424,0,0,,,,6.490409573122846,a1dfa7c8f14630b5e3ccd68a50cf9933608a3d596191300b4afe2232ba2f2b6b,dbf3589922ccbb92da599794e72d6e423ad5efcea5e8a0f9f844d99159964a5f,d236c3e5a3694a63a08e30f56d0fe408
case_008,1,singlecore,,487605,0,2654424,0,0,,,,1.0,,4f67a38b0098322676a12380dabaca3075c628bdd6937910f2e68f98a13ee576,c9519f880fb34e4e8c477b43bc7002a4
case_009,2,problem_2,B,61442,868254,1363586,868254,0,,,,2.494401223918492,b5e01b8a5c9820819c36b8c60f0611ba0c68f00d8cb930bb89dafd22df5db81b,e50c217974f572d997df333215d31d04e7c56d5cdfd002b504a61254b45d9bfc,1e0fea66bff74dff84b177f42f063f79
case_009,3,problem_2,B,45531,1219500,1714832,1219500,0,,,,3.3660802530144296,33dafef14923d155300bfb39defd7dca8dcd6c365aae9bf9f18f61ca300e87ba,82ecaefd67b9c0c24a22b33c59958c2e25465c486efbcaab36373773909aa543,cd1e7a34dcb345b69fe56e3af1ecaafb
case_009,4,problem_2,B,45351,1377964,1873296,1377964,0,,,,3.3794403651518157,1f859656b49257d7329c35a76aecd0c14a4583fd1fa85028d93dcb4332d8f2f4,fe8828fbf5d6df7e5f7607bed35d6eb8e04fe751209d35d5be86f61726fd5534,07cbb24ca596427d979a3b2d66c64f7a
case_009,5,problem_2,B,45351,1377964,1873296,1377964,0,,,,3.3794403651518157,b87b724bd46206e5a3b596475f3591c857453f671146813d7f62938e3d83462c,a07888c9ed9e4842aec490384967ff2dcf3ff0b08ae928b4afd5d47f1530607e,45a7fdfe58e945aaa2a5154a5cae6f18
case_009,1,singlecore,,153261,0,495332,0,0,,,,1.0,,a9287630ea40c1c8ebab16ac3a6ce16c0ad93e3a5e058703fac70c718f2737f8,b9bf21bc1a7744498f86e4821430ddca
case_010,2,problem_2,B,30088,313660,697810,313660,0,,,,2.8904879021536827,99eac0233d8001c897f78110a85898d37f08869c5c0773699cc2a3e20eab7f81,7738863c4517f30e18183a4d63d04d9f2c663b62274c6bd9923482494229ed96,dfed1eb091ad45dea2d49e0471477cca
case_010,3,problem_2,B,24187,671104,1055254,671104,0,,,,3.5956919006077643,30fe874c883cc5d1975f38db0dbacb977ee1bc500cc5c7c7aac95105fbd250d0,d6323c9566060af31a52e48f3c26a3d7da4ab732828fe6d051e701a3f2b9109c,dfee484853d94b85b5c0100e14add8bd
case_010,4,problem_2,B,22631,679052,1063202,679052,0,,,,3.8429145861870886,61daa3ab79b040ce9f77f5a160af4f4faad6e7fbef7058956cbbfd61eba810a6,7019b3e6d177a3d58e374bc78115ae197e9f4b2e4bd8c8825da5d1391cdbb552,4953a43979ad470b943c55b65d6fce6f
case_010,5,problem_2,B,22138,354812,738962,354812,0,,,,3.9284939922305537,e6a3a2d138cadddba62fbc836d8f7fc3bbddd32e4e7d7076be2553b124532286,472ebf994924e502e28d64fbcb086730262845bfe633d565407b22c4a4ec176d,4cd85ac87e2a4d6ea102c6db1fdcec0c
case_010,1,singlecore,,86969,0,384150,0,0,,,,1.0,,34b26def2638e746a28a8e896f1d46b7c26890570a2b58f18782796562dac7c1,9cc480fb4a54432a808acd399e9e43bb
case_011,2,problem_2,B,92646,180224,786432,180224,0,,,,1.9935777043801135,988b68d63bc1e83b968806ebb7f8cb78a435e48d18b2bad38b622f193d9d187b,200508b6d377aa4b821c27ba6c0f546934dbaaecf791108daad3215ff15bb6a2,f9c9861b28244ca9959a273297ab6072
case_011,3,problem_2,B,62289,944128,1550336,944128,0,,,,2.9651623882226397,904e5e3a4fe9ddcf4fb6e27fe7791e6d1b78bb7c4fb04fcc2eec5c43a0410989,b5aa0a289af7c610608ba80be49b776dbc7a7124c9720367846ebfd59eee06e3,e4f65d38bca3421fabafdcd4c2a62ab1
case_011,4,problem_2,B,46880,540672,1146880,540672,0,,,,3.9397824232081913,5f8ce167ea40400e93c2fde07a3bcf01a15088875ef8fbe5c1f4a3beb7fe11fe,56c13cd132d3e590ae909d48e6050435d3f421ab672f9653f5437b3d418f2895,9c68b73d552f45699c4d5e4df685b83b
case_011,5,problem_2,B,41770,1490944,2097152,1490944,0,,,,4.4217620301651905,7ce2652aff8077a5134aab74d9a049c92eb02f416a61e214496d49c0c0b36b3b,c1ffa3105cdd9b0cf501213e3e90c9ec5a028fbc1fcc024905cbce79762c7b13,0c87a78824754372b7bf06ba0778bb39
case_011,1,singlecore,,184697,0,606208,0,0,,,,1.0,,fb6ccbc79500794d75728ea33e7a1e88dee3567c55089c1422fd84e8d79ccbf0,2a9e1957aecd4fd49af81672100241a7
case_012,2,problem_2,B,19570,313204,868102,313204,0,,,,3.019315278487481,424b774bdf6ee2ade75c6bb9515485ed1cf143f7cd782bff84383a6f40c8b896,12e462d71a516f2c73ce1d3224e01c533c1a6cacfa1af5755dd8d6dd465d7f12,505da4678b054bbdac380b80f2f73d82
case_012,3,problem_2,B,17597,422014,976912,422014,0,,,,3.357845087230778,ce57419aa120c3330ab476bfb88a1de811ec4b6ecd7253a78bed59b6039d7fd8,79ca745a66815ad010aca05bd35b226bf150b83033da9bd29500a5e00ad7ac80,f21fed54c43747c0beff9ced9a2f333d
case_012,4,problem_2,B,15019,31838,586736,31838,0,,,,3.934216658898728,ca84cb1a210d3ea56aa1aa4325a33952e3a58bf255d0c5a484083b96ff25abcd,5424303b31be1f6320ba505aa6bc444443d78295d0286b04181a5b7b84b2d461,acd8c324222f4b0b980e1ea275ea4408
case_012,5,problem_2,B,12343,40320,595218,40320,0,,,,4.787166815198898,3f9d37f7179cd9b4417091090a5a1478c86c7b3499c09bea19a23869223a9960,d7617197adb49f970a5e3bf92f942ea82498f1b8f94bead98c334afa4cb8434c,c1a9b37b974046169f52ee7058214127
case_012,1,singlecore,,59088,0,554898,0,0,,,,1.0,,a0a376df8fb23c7e1154170178c77ea9d14e09602626cd6a9f2224dadef72d76,5ad93474d7c94d148a6d42a04602f51b
case_013,2,problem_2,B,132198,8192,2535424,8192,0,,,,1.9966187083011846,34d63d4efe4dd31db73f154cc8ad55c03a4479caab08e71297306f14b563f95d,27ad1e449bc5e39a2e880e8ab281fb88c07181707adbd3e6e61bd8033c3133d8,6c373dc880a847dd9c6fb012b8864d28
case_013,3,problem_2,B,88351,16384,2543616,16384,0,,,,2.98750438591527,5e1f96ff8ea907c2937811566d1bdcf4531f198207d565e5febe2e27bd445a44,52d9877d9c8b7da529629b7b37f530a763a8e325daea09344cd42ffe36034044,b5796bae30dd4adeab512c8c676eed9b
case_013,4,problem_2,B,68403,32768,2560000,32768,0,,,,3.858734266040963,548a6a0bf5f449d72226d413cf03c5b3c248eb0e7ae1d6eb53ff375a4f59169c,b8a5b4be480fc2baa351166b2387292269d041a682ce0f15939b1027f17de29c,762a46967a114655bd31154ef96345c9
case_013,5,problem_2,B,54141,65536,2592768,65536,0,,,,4.8752147171275,3f4f06d3b90bdfe5f3e70403df922e1d6cbe3a0bca2ddcbac829e41e71527204,e1d0fcf81dcdf48745d1e9c25689942999695c4d43a3d249b6283bcf08ca7705,8a6b0be0a9cf490283187e6714ee3c2e
case_013,1,singlecore,,263949,0,2527232,0,0,,,,1.0,,ea62fb99fcd750b9f00e86794a5ad07278cee30d75eaf9deb5c1f151e8a13502,b342bb7cd16f4b81a92bad5f56504618
case_014,2,problem_2,B,8725424,152286568,162219308,101985640,50300928,,,,2.0283972446496583,f40f257a0364ed4b31bb9d38d8b0697fb7cbaf74380ce3ef38140d55d0bdc3a7,4e824092eba2887f327f3c76c653df4251f7b7525125f124725e99556c6116e8,2be44d54c2a944c9855adb363f6c844e
case_014,3,problem_2,B,5911729,192569544,202502284,132215496,60354048,,,,2.9938155148857466,57ee9333f743d592ba73ea77d99cdd08895246ca907b73626261ea9e6f2b6bb6,ad85b0cf70a8180232be87d308f70b1a1edd180a0c50dc7f11a83f560f9cbc38,99d58aa4398d4f08bac13a8660e6bc9a
case_014,4,problem_2,B,4514821,198857104,208789844,175594384,23262720,,,,3.920116877280406,fca1c2be7e2a074cd4777e5551d86068b17b9f05043d586cb017347e654ac1bb,6d05c3f16e0e963362383a179a5b4e46606e24024679c1ae6c856468dc394167,38f0b62b75154e00883124e8a09679f4
case_014,5,problem_2,B,3662601,128566492,138499232,126985084,1581408,,,,4.832256093415581,87a1571f54cba23d8c0543d2098f3ce1e5677eb9ec64cfffa6049acdb09ea525,592adba43de0f13006d0a612b5f1e8f6a3b4ad16a262cc23227b3c29b721fa2d,28deb547bebd45ad8d85dffb516c301c
case_014,1,singlecore,,17698626,71010720,80943460,0,71010720,,,,1.0,,7e7080b738c855b739aa3440fa998833fa83f3aefcd87ce6a12c56e2ad4badd5,d9ff576fd08d45599f1436bbd5605d68
case_015,2,problem_2,B,55723,1237890,2122504,1205122,32768,,,,3.182922671069397,0bfb32dbd2a89008b2962688f63b4033e63a7d5b4cd0cd397df179d05110e935,d536632a9bf7b9e7382cbdfbc0e73a0bd9d5995bca146c1393706643c8b6404d,38f3cb79993142fcadaf5dca8f84ebad
case_015,3,problem_2,B,52450,1984124,2868738,1984124,0,,,,3.3815443279313633,5ef173033b6e7bdbc5782ae879dad9f890346f40248f733d48e1164fd8589a11,54165e4bf9e0c395004d841bb8a14df1f3eee7cbe94b831f757829b5423d6937,7d42864821b643c0bc316f6a1603eaf2
case_015,4,problem_2,B,48747,215040,1099654,215040,0,,,,3.6384187744886867,e92ef78346f7d49ac1233ba54881b282b1b6316a3bc625b3e89efca86aef3451,24960818fad4b0de659b81ed643ae7ceffaa1ff3384c8d9d4a3a5b429f8f4884,f65ee7d85fc2477db7688e77098af1d3
case_015,5,problem_2,B,37250,404736,1289350,404736,0,,,,4.761395973154363,865359fc86654c79514f5c64d5ad68c255d32d8e507a02cdf90304112690c9a1,2d12ad1cc77068d298d90eceec96ac0421009de6bcf4e4073463a1cd3501cf83,cfa9f22057474d9cb556a63396d2f5e4
case_015,1,singlecore,,177362,180256,1064870,0,180256,,,,1.0,,0b0f83d8ffd09a95f0886aecd4ce3ece9842b6865b9fd658779cc906ee20cab4,acc0bcdaac2d465e83ed5f089244bfe8
case_016,2,problem_2,B,4740188,120600876,120994094,1063212,119537664,,,,1.6276829104668422,a70870dcbe17fec80e9776c5a924a6b8d1da0d3456fccd2ae266c164aec31b70,cb6752f6d3b4b2a428ff56f67f9a598e162961603fd43ba119dad8be7c07752b,323e4a1f78714fd7a14d9b7b4649dac1
case_016,3,problem_2,B,3595015,120210100,120603318,100287156,19922944,,,,2.1461726863448414,53fa3997eef91faa5f1bb41b6fbc2e070624ab9e1f6b6ba7b98f15763cacf190,907f9a5de0a5b930fc1d8a214721194df7b71d016baf670323b9bf604c14ff42,a074892224e34f83b641e9af3b2f8da7
case_016,4,problem_2,B,2246650,409064,802282,409064,0,,,,3.434234526962366,88a96d4e923df496c04805b3916a3a14d0fc4483bae6e6253528391d552fab0f,2cae37ce9ef65ec7730b82dde4186a01f0ded298429460ea02e2ea217bbf2b8d,17b7f654660e465c8ff5fc8484c8ae2a
case_016,5,problem_2,B,2087322,214892,608110,214892,0,,,,3.696374109983989,433f1360bca9e863f92f1518f85303e28163009501041a2afec399650176057b,3ce19ee13d250d162941ce8180e5c49de895cc260d86ba9298c3190a25f5dd37,e950cbf2b9b144a18d8cc564c0ba6005
case_016,1,singlecore,,7715523,0,393218,0,0,,,,1.0,,96a312306f798fb7b8d1ca089f2a8d88cc40c3c5f94edb012d39f70a843e6b71,0a678ec6a8744385ab02cf71c95ea6ab
case_017,2,problem_2,B,58782,838806,1482668,656534,182272,,,,2.7697254261508624,df659846cbb8dd84db67274eaafd4ca5be5fb9b759806f85dcce3e83328d5887,0ba1bbbb11c9cf997d6047653e40c75768c64cbff61266b9b1bedb52daaf349a,8177025283f245268f2998d36639a048
case_017,3,problem_2,B,46225,1034316,1678178,1034316,0,,,,3.522120064899946,86ab552b665a93724313bea59698e26959a7a12453a30f53dabfa28a1bab0c63,ca77d75820269ece2a86e44f440d93c136a55834bf98c76d90a22311d05734af,3ac311f9af524cce8a316da2622efdc5
case_017,4,problem_2,B,38718,303972,947834,303972,0,,,,4.205020920502092,69cd721e31f6acba86c45806c987c2e4d5ffced53714eca3a6a46f0a5f41333a,9e3d023585ed6aec0164826b7e230764ae2a21e5d0a71e8a3ed11da9f9a02d8e,b947523c884249c98004876cfedc76fc
case_017,5,problem_2,B,33607,332420,976282,332420,0,,,,4.8445264379444755,18936fd9ea9b668aab0dfbc60212572e5e4edfe0ea141a05bf157f706de810c8,86249e4abe42a92ed0e14e54ff99b475ee278163e103e553c6b8a3bf187b9785,a09c589c51e34f56a17d61e186ea597b
case_017,1,singlecore,,162810,22528,666390,0,22528,,,,1.0,,705e6338d261ec3204b455f43638004eabb5e2bfc20706578957501f255f5bee,bc5e0e1b3ea0468ea5797c46507f4adf
case_018,2,problem_2,B,488552,5343192,6936040,5343192,0,,,,2.055803681082055,feae037b36acd99a057b885d097a651d50fb9d962940a99d7d34891dd7f8ed51,e3162f692c75f1cb0453977a2581898367378fbd8cec489dc67046f15e72fd96,f20b2cc2149a4468bd157fe7441ad700
case_018,3,problem_2,B,334945,10083916,11676764,10083916,0,,,,2.998602755676305,ab3e79aa54cb19e5ef2d39c946e3a302586d8afd1f8cc4414d6f6b15fd14b633,c5b6c2fb43b2dff7d51c35ced920458d2d63c18aa53a79491ddfa51abffb6593,2bf8ea2c83314f10975151e7b4c559b9
case_018,4,problem_2,B,256302,2485504,4078352,2362624,122880,,,,3.9186857691317276,6d0e878fe516f3e7885f31dc27670a6967b4073990299e31608602d9312cda2a,9502344b22f173f7557bfc1f3e67675d7b7b913be5ad7aa0ad1b925d0b5bca72,af8151b54b5441bc95359d7c7db4cf5f
case_018,5,problem_2,B,200216,7388160,8981008,7388160,0,,,,5.016417269349103,a640f5e66f80893e6f1a71c700bee9c0250be459cd95ac13ae071ebfe58dc303,456f60599394dcd63450390576fb1ed24a245f12e063aab6a5b4830d45b5da03,c76d28d764a1463b80f8800cd86715f2
case_018,1,singlecore,,1004367,1970176,3563024,0,1970176,,,,1.0,,b27c3b604746cd396f3283226c1002a831621cfbfd15e83cc57068b13f9d2498,2fbd592b82b04d47963f17ca3965e708
case_019,2,problem_2,B,25494,951088,1138072,951088,0,,,,3.182866556836903,763169688fe4d36275f8749dbefe35e13f7998e297a48da1b29877ccb6d37d6a,2febb47a41ec8dd27869c42d22632ba89473f7ab02c5eb01bed1fb423bb3e3f4,f7e69d9898f7403db56e5071f3e827d3
case_019,3,problem_2,B,20993,955736,1142720,955736,0,,,,3.865288429476492,dee5cd7e994414842603f4cc6962c4dddff353dd95b3d4ce0b6b1ba5b3ab165b,2a4abd98bdb2cd511a1ff39cd4b2b45042913dd7c4f6eacad067ed0ff4b521ab,d106f74674704300b03574977dec87d0
case_019,4,problem_2,B,19614,902992,1089976,902992,0,,,,4.137044967880086,28121997624700043403b66e35bd943a43c30251f15ffc6e4ecfac3fff935a10,47ae6d9452877bb0c9411b1559ec7ff0b4a05d455634cb94e6bb76884d73d015,b12378f37b8347fabf971b7cdff83083
case_019,5,problem_2,B,17012,67108,254092,67108,0,,,,4.769809546202681,b65c7657c6995db646dc4af822df5ca6ab7076f55e870f1aae946af2be3b3b62,3e3dc8940080f571d68a2be33e551cb071c9a95cb438916e33c1ea2f791a01d3,8e41d503978a4bd0b4eacd951c4221d5
case_019,1,singlecore,,81144,0,186984,0,0,,,,1.0,,08dad03000db002c5be791bbc9ec61c685e01e1b8db755b21026be3e3c0392d4,dfd38527431c42c5ac320f4897371e9a
case_020,2,problem_2,B,266580,0,2359296,0,0,,,,1.9984469952734638,de39ddcee4a96267f30460c4b7f8879818e32dc28d46fc82190adc6e13b9e6a4,bea3ffb07f2402bd0b1cb0dd11b7afb4dd5ab5b70103d7056fdfba12c2f6445b,d6d17f3eb0964449b8d6ee3a56acb147
case_020,3,problem_2,B,177950,0,2359296,0,0,,,,2.993796010115201,0f86dd345ffce6bc85b70d6bee18980cb452278fc5770ff45390a3c8dcbb0d2b,d469bf4e83061af90a6b2599fdab7779b84e59bfa082bc8c6ab41807bbcda573,efa9f120202d4b7cbdffc5b3d30d712e
case_020,4,problem_2,B,133704,0,2359296,0,0,,,,3.984518039849219,b18f889f98c71d39b5c626aab01e0b2ce9dea9b33dff28f59f8543ed9fcf8ea9,35d2e366a67ba8287207b32840b2ca5300a52ed126722385244a7bc368c043d2,0f3e962c7cd94cd6883137b9bc93623a
case_020,5,problem_2,B,107650,0,2359296,0,0,,,,4.948871342313051,28f435228d04344466817ca793733c88f95639b9d5db7cdf3ba44e2ce512c41d,82124cb169721d1fc844dafdb5ad9d5dad87aeab02c5e4aee044ba4688454b5b,60a32b1c27d348f4adf535f92459aa8b
case_020,1,singlecore,,532746,0,2359296,0,0,,,,1.0,,739e85af809b8498ce5a66d8363d363d980dc71748f5da02bf40116198e45f3f,370f3ca612054ab9b492945f580fe820
case_021,2,problem_2,B,3101445,42233856,45572096,25620480,16613376,,,,2.1177022323465353,8204fe8e6c3959793de538e2523664e9c78d4d9ec1561a3baf7e6cba53db0a2e,61e0984d0802dd5042f881e2afe7a06d66c4c906b90d371dac5f162610c1f428,8e5753e23903407bb9a3b3832d496c04
case_021,3,problem_2,B,2070722,40591360,43929600,28352512,12238848,,,,3.171810122266533,711273f6a3eae3bfcaba95b8175069ece79ec89103b51a9e94fe7ad3ad5fd923,b0ddb8515c493ee71fe994aa37907dd0c881f7823562d2bf1224a4f64bd569c8,45a09b4e94894d6b99a2ad845fabe1e2
case_021,4,problem_2,B,1550324,4608000,7946240,4608000,0,,,,4.236493145948847,a2817431d583a99337e8bcebe1c20ff6a438f38e3865b70742480ba1e5ccc6ab,3636a8e8a488ad02317099203215de9da702616b19ae15b4116f1c8592c6f0d5,be339a1a8ca84f8f9dc99326e80ae707
case_021,5,problem_2,B,1241213,53329920,56668160,53329920,0,,,,5.291547059207405,4da64b38d883841dccce398c493afc5e35310a888f1483a496b6ad8d7ffaf39b,bdd445fbe771f9953c6b853720295a296255fe022420cc681fe2848a58498569,ed9cad4899f9474da4dc3e67b9e709e7
case_021,1,singlecore,,6567937,4501504,7839744,0,4501504,,,,1.0,,26eb02ad528ae16b0e5d490e18fc150754f0a32428dcacfccf0f8b4ed95a9d9f,968d8aff95ec45febcd9cf1d78e57c5c
case_022,2,problem_2,B,28594,21292,234978,21292,0,,,,1.985731272294887,cee32a67d9f21e352ed8f2ce47558ebbe9995343ce31ba78f25ffaf01b42996d,612dd2163a329fe8924c008c50ac850f59c398b4c4bd97e08cf83a7f04b0325e,9e704e55b5b149ef98537e1961bcee22
case_022,3,problem_2,B,19135,0,213686,0,0,,,,2.967337339952966,df72b359be2fb99f7d96fd91dacc5e3a521b076cd73ea7c23db932580812f088,ec52b7b967f2419c1f9e654d9eb3f8eba19ca0748901492addebea666f06f3e8,f87571bc2a7e4a0bb7ecb345f5b437fd
case_022,4,problem_2,B,14440,6912,220598,6912,0,,,,3.9321329639889195,6ea39fba33fd539a346279a4d9ff77cacdb757842081be6251d4cdbde01b07e7,c5a0caa10f2c56572978705e550e54dfe9fcb02c1d0ac937dd7bd97b59fe182b,75be4745d48e4c508d24ebfbe3e2f3f3
case_022,5,problem_2,B,11793,20736,234422,20736,0,,,,4.8147205969643005,217128abc07558ebd8f4432027a69444211c4de00c79a3cbe7125af3a0fae2f4,dab5dd3de5a071ed15d65f08e3e94a5249005b33cc9150b5e03c61542755d28e,3905e977520542c28ed5ade7bce8d127
case_022,1,singlecore,,56780,0,213686,0,0,,,,1.0,,600b20f33309748c037e4049e8aa6842a2f5426e2f71db8201e6631d4b0c3774,ee5d337163b5492892a7b65aef2517b8
case_023,2,problem_2,B,42439,579758,1023202,579758,0,,,,2.8891821202196093,7912e595cce5222601eee8b2f93b57d4b179a5add55449899423dcba0279dbd7,ef07fda449fca65a87cc2bcc52496721f5e982d2cf90f2d5e34726dc05126ffd,bee5aec338f541c696ddfc14564ba446
case_023,3,problem_2,B,33624,712374,1155818,712374,0,,,,3.6466214608612897,c382f324ba4ec768e77de1b4441417aae5f2ab392b0b4a972273f4398ed3f2c8,63b82ccfe6291404bd83605c9661d2d64c47e356709863445ab9285bd0e87555,7dc372860f754ac0992e1983dd3930fc
case_023,4,problem_2,B,28158,739058,1182502,739058,0,,,,4.354499609347255,563f5cce3cbb6f830224ff94e1c551e1b989add2fcfc4958ceb85198535fdfbf,adedff7613b99f2c557fd2879b662470074b35a4e5934b888e9b3ac728536d21,12a379a794534f49b68a9b9cdc38f69f
case_023,5,problem_2,B,24838,292144,735588,292144,0,,,,4.936548836460262,d9d247aa1b21ce256aa86f968833e6684ff2f6505f95dac886a15523906f7661,08d68908f879f6fd7d992310719a58faaf620f36c8de28900511a74a2a715a11,f9e93b5ffa2e45f889a32a6a58782abb
case_023,1,singlecore,,122614,0,443444,0,0,,,,1.0,,8ac876158577d809a8fae6a258cf37418f735d74901016aaa97d5981dcad9faa,378518982f824732970bd262b941c925
case_024,2,problem_2,B,1577576,40375020,40768238,1053420,39321600,,,,1.6197907422526712,15479a0c4d894a560ba5a34add70506cb76a3a15cc4808f24bf3522ac27fbcbd,ba752987b3bc41c9d16d809d7c345f2ddad1c6fb42d221c7b1c82bc7b12ce4bb,ef0a6b1c75d746b78b4ff99349536b01
case_024,3,problem_2,B,1195363,39982612,40375830,33429012,6553600,,,,2.1377129792372696,f6391c208d212fb10d0dff64d48423ff8d53db3d9c1812d8aa335196e5dc7c8a,c8564e2ecd7273c65e9a2e63f9e465d76206aae862706b3077106bfe7d729f52,fa88d280bea04718a0006cab6ad3c96d
case_024,4,problem_2,B,750310,398456,791674,398456,0,,,,3.40571630392771,07ce6728ddcc575daf2395d8fcc8ad55e6a8be1918d6acc50c177a5cf9e527b4,6f09c524b97e37416309893a413e0b7d3c35e6b634aff3d36aeb8a31e57022c3,5a149f358a594f2abf37257a3e090a6b
case_024,5,problem_2,B,694206,202652,595870,202652,0,,,,3.6809578136749033,9a5c1100b1e08e02a8c85876ff18fbfd00fd912876c90dc5a69d46c4141450a2,a30d2eb48e8f8f7d7d3ba9dc1da0dec0d0e3c445f23871965a4269ec8f00582c,dc982ea8bb3547188e7524f43c69d084
case_024,1,singlecore,,2555343,0,393218,0,0,,,,1.0,,17b5cd77fa85ed7762d511b0d0a45ca865c3e0f4573d378d50e9c26b5497c7d6,98606ac706e64150b80b5f3bf0e551fc
case_025,2,problem_2,B,2392506,15378432,23596032,15378432,0,,,,2.032607650722715,726fbbd68ac84e4f5cfe4ad73077143a1934e83a3f7ee88dcf740c05ae5948b4,a51d5362dbd1c98ae3e15050c8eaf859ecb417d2310a280d170392a485c39e67,31bee98b340e41c4a028c05cb30b18ad
case_025,3,problem_2,B,1571102,20453376,28670976,20453376,0,,,,3.0952961679127133,31fd4f2903b935182349ab52c8620646db3c892681d337c68d1480a4c51224cb,813fdbf96081cae85b3165d6b707ed7fa2122752a8b8b888ded30cb9e0272f4a,3f14f34de0964fe8b205644caf5a4050
case_025,4,problem_2,B,1197688,37960704,46178304,20557824,17402880,,,,4.060344597257383,b573a20e682287aa5dfd25d91983df153f373363fdc029c3c892612f1cf15a72,617e06077e1397031c6a75580b37651a0e9b3b12c40a94ee7796f8e94cca63f3,eabed612659d487d8078abd5c5507d9f
case_025,5,problem_2,B,970670,20539392,28756992,20539392,0,,,,5.009968372361358,c79737faedca9bba83120c2324c64cb15a5765749c03265808334fbe521daafe,28e1afb0028f1ecd1fa5459f61ad8b5b58ddd1a995d3af1af9d123c869a7a28e,864ef0bc1f3048d180961f4330953497
case_025,1,singlecore,,4863026,0,8217600,0,0,,,,1.0,,e079194bfbd59fde53f529ac8000c905692e6b38ddf9953dbb39232fd236c155,3ea235220ab64a57864a19c68a1d1560
case_026,2,problem_2,B,40228,742996,1271850,742996,0,,,,2.4660186934473503,69b46200c7267c2a22129b73b1111baf6d837817872299b10f79c80243219007,210e85e41c08742d1f0ec2d8eb2842945abe219fcbdc18cc9a312e6321d8eed0,37400d2c216b426b96a6f900bc0e52db
case_026,3,problem_2,B,35665,1121324,1650178,1121324,0,,,,2.781522501051451,82d77ecd5b9446232885891d8b9348c68ee4e3b8acfdb904d287dd84394ee367,2db5a53e46bf379a6611c26f06d5dfe29187c97f937079bcb2772bda585b3790,ec70bfcf1d9e40f78566ee900bc4eb90
case_026,4,problem_2,B,35665,1121324,1650178,1121324,0,,,,2.781522501051451,f673855f1f3c5b1e0e3c70a24fd19bceecd7ffacd42120af6cf6f4a278e06a62,1366681608bc1890e305c5fb420eab0324f7b52c190af5d93738cc905b86cce2,50d87c1246ed46d182d5dfa50f03a971
case_026,5,problem_2,B,35665,1121324,1650178,1121324,0,,,,2.781522501051451,a76424b76918089e30ea5ccae357111a2d7362b142288e1494142bba68ae6b5f,d3bec51251f1e3f32b4c06c2697cb96ba6b7f0f0f36c9c05c137082806e7b0cf,f01a9c870a164e368af9b57a80f8a377
case_026,1,singlecore,,99203,0,528854,0,0,,,,1.0,,cef8c88afedfc7c47504652aa9473f4e17ab918a6ff5c9bfb5719aee756240c7,20e19e0ab1274d2e8c88d6f792bf0a6b
case_027,2,problem_2,B,1115722,1105920,3145728,1105920,0,,,,2.118764351693343,688881b0e6b1153f5a9ffbbfc809aeeb07ad7e619de6940057b97b43454e0018,f2c95b34358917d346e989c4c8a0d3c0f57d1ef98b51eb77c8d204f4d5c8b33a,70635610f1a045d5855aabfff373e1fd
case_027,3,problem_2,B,744579,19513344,21553152,19513344,0,,,,3.174884062000137,1beb15e9f5e7cb4e391587f9fefd8d383e46aa3d3488561ae26e3c0c7fd78db3,bf280fc236ecf2768434317eae7071ed08fb5cddc188f2228239a0dca3883fbb,f24ff900c61441e88d4ca9c8cc05be82
case_027,4,problem_2,B,559196,1843200,3883008,1843200,0,,,,4.227412213249022,f95653d07b5130771e2885b414805753a7816707e0e2e3f150f63b6e860875f1,063233de81874de2c5b114a8e0fc5377858b83984b78d5b09a795148ac002697,9fe94c2b68d94fa3bb5c918f22169e82
case_027,5,problem_2,B,448117,22831104,24870912,22831104,0,,,,5.2753008700852675,fda8847ea91f2d7e8113c232fa0961a58ab5196260c5dcc1625bbca42697bd30,9671e5cb8d689d83bfda69446dbc0239f4569305b40db9456033a1062465583d,951c0ec2b5d34851ade35b84c6fd0ea2
case_027,1,singlecore,,2363952,1400832,3440640,0,1400832,,,,1.0,,d02dcd8bb4006c6d9b323a52ad669b15d1a47c0a236e672f956bb9ad41940b7e,b5dca69f3d0941b0b98dc67939d01cae
case_028,2,problem_2,B,19906945,76297776,82206384,54606384,21691392,,,,2.2020475768632504,b2359ba28097d0d801e0c5bdf2a25f7ab3d4503e90dd48b90fa172ea3e8a1227,2578dc960c9e7b1300eef6206e91e703555ce9531f1b96d37f2d5e8a24c406d0,9cc242d8bd7449ee9963afea588b7c10
case_028,3,problem_2,B,13305375,44254896,50163504,20637360,23617536,,,,3.2946113882547468,2206b1686ad9e687d9df5b749c5c13819995976ea8ba74128a79663077d1b681,382c66e50edf54827c946965f471b271b79adca75a9376d400a1371dd31580a9,04454a6ec1124c56b952af2a63e6bcf9
case_028,4,problem_2,B,9819181,92486880,98395488,84389088,8097792,,,,4.464327523853568,dfb60ba3c1448a971f2b3a5ea6ee36e570c19fdfeeb9c9eeb5f63e289367c4a2,5d5018954031b2aefccb62a9450e29635fc00c7c07743efbf2ab684492145963,9cccc015d3ee488bb429a3296e9f30c6
case_028,5,problem_2,B,7859106,86751744,92660352,81836544,4915200,,,,5.577738740258752,9468b3ad238a6e7619b97939ea472ec23a39c1ddddf7ed833121acffead59cae,ac8d84e37e1adcdb1bf138086bc83c9e4d6bcaf7dea581b3ba7f127fcfc1869d,c4c7006267824813a4f1a4bdd00656b3
case_028,1,singlecore,,43836040,277412256,283320864,0,277412256,,,,1.0,,115324e723c44685fa2f17dc9dbcd51ac21f5225e87321d0b5529a0dff861de8,657bd61681864e6a8cdfcf639dddb91f
case_029,2,problem_2,B,18865,18464,448628,18464,0,,,,1.9907235621521335,a858444ea978cfa864758d60242f82f9baa29d22cee90a0186ba592b49e13d39,b4c30262b7e7c6f917dc226dd316beac0f135bd7fccfb2bd69f009347106d690,5ff88e58e0c54c0d8fa6ff3bae79445f
case_029,3,problem_2,B,12743,0,430164,0,0,,,,2.9471082162756024,909c1d56ad8ed3952068613f0620b051d1588201cc24f19434c9cf734ec32843,10b8906f11f5ed7a39ffb81165e329e5927a4dd54a0dc7a9455f0baf94c034f0,610d4a4da8384433a6cd8cda5186630a
case_029,4,problem_2,B,10342,22568,452732,22568,0,,,,3.6313092245213694,45fb7f4b5c043117382468bc2bd607c4d8bc682db33e01be5f8bafa4e38d2854,a68e03e52ec6e74c1722d25510315a9091d6562c7a0adacfd4e0013868bb9424,7beaab9ba6cf46e198f4cec4fccdbcad
case_029,5,problem_2,B,8546,26672,456836,26672,0,,,,4.394453545518371,a92fdcdf4e2b2380dfb26693260daac47c51455a175890eb0b9f0cf850d6c71f,e7723b85f03772c0a2226c61fcb00ae612fa4aea22f65ae4e510bfa68ea424f7,07159702ba3a4f26babbafbc2573b63c
case_029,1,singlecore,,37555,0,430164,0,0,,,,1.0,,cb9c02093531475615b60786c4d05487583d05a1ce41f024af863edcbfcf0bab,6de908247d22419b95990663d7f7308d
case_030,2,problem_2,B,1388906,1441796,3835856,1441796,0,,,,2.021759571922074,24f5481509178d12d7b48c96f75a5e98dacde55e26648ad2658b264467cc101f,f2108ae5ec460b0b307d2c00d8b2f07775fd9a925d39dae498e8af7deb9515af,b68a72c3dc5d470482b08f4e46a2fc19
case_030,3,problem_2,B,946968,3075072,5469132,1362944,1712128,,,,2.9652892177982784,fe1ba39e0b49738edfc8d8bbb66f63d323593e5324473ecc19fdd9f3f1f2acb1,ddd0f347a7c6a17745b4058194c4e640368e59f2b32f7a4e11d99a0663bea1b5,fcb3518b5dab4c1891ba6c1d7a6f3dde
case_030,4,problem_2,B,710459,4273152,6667212,3097600,1175552,,,,3.9524223072689626,b298d70d28d914a572d6d443db6156d59c05050343477cb060dccced73f02e38,90e16280257ad1a5f6203a9628755a45bb2191f110a9e674a9d758d1b894ed54,1a1290f6a80941108555a7aacc9641a0
case_030,5,problem_2,B,558778,21241856,23635916,19845120,1396736,,,,5.025312378082172,b812d5648bed1183b893eeaefc23217e67bdd22ef248a85e1a2553888f5c1ff4,33bce7d14198d86a571ec2b1cc8feed1242ed2cd85ad6dd9a62752b1fa35b6e5,eb05548bc63f4beba629502468ff02b5
case_030,1,singlecore,,2808034,5519360,7913420,0,5519360,,,,1.0,,e0d87c4d5304fe6bde6804c63b4cb8ee2f55339228886b4137c5cc1d8ecf064d,42f27e4d5cb24e84acd872eabac30aa3
case_031,2,problem_2,B,680375,8338554,10523594,8338554,0,,,,2.078808010288444,4a5c7122c8c152fcf611aa645c7a8000b0a20108fe6e50f6153985f65ae30c99,3f3aa3a71f671f925cc0191e71861ffc1a056c7e8101aa7041322398c8ae249a,1f25d03718d64b27b8abe4e0f9069a86
case_031,3,problem_2,B,455943,3159640,5344680,3159640,0,,,,3.1020741627791195,217a9e6b460c1b08f88b00c6a22648cac8fb8c636291f2b0c082195f1f21b324,56658ca7efa741da30a3ec56399092add13a79a391f0b010c0ebccf3bb50141c,fae89fac7edf46a09b5426b43e33423b
case_031,4,problem_2,B,356334,15675786,17860826,15675786,0,,,,3.9692226955609065,a0544615613053a17d4249337cc5fc4c6ab46097f94c88478e821447b341d903,d50a1b18c6a572e1fde6b0d0306c6ee82c9706ebf75fcfb4d829260d014cfbea,5a26e34f0d1e4fbc8e42bbe6d8f7c36a
case_031,5,problem_2,B,298199,4182016,6367056,3850240,331776,,,,4.7430373676638755,4a3540594bdba216980444d1261b9c5dc76c9b26198629ebfdff9291df3f1b10,faf03bef0f9ccd50ec3918d3183b11aec88d31bc7d4c2d4a3f174702f7005c85,d7d6be23bca64de4bf133690c6e98432
case_031,1,singlecore,,1414369,3491328,5676368,0,3491328,,,,1.0,,0c1d7a3186cceef1624841022d782c04677ccfeb3bdf3a989c04eeb4623cadc7,ffec98a31641478b874f000f528327a1
case_032,2,problem_2,B,17623,20520,313608,20520,0,,,,2.351642739601657,09d34e27ec1bd526ba89451a6b1075c806915da43b44bf5ab7d4729a3d0f1734,5fa67a62be334b1298afd72ad8c4452ea84313b12333b623ee11c339c4d17787,306a3ee64ee54e3cb2cd97673fb71213
case_032,3,problem_2,B,11850,6144,299232,6144,0,,,,3.4972995780590717,26e4225644cb2db3ad4a63ad603b05b0508f44c626e598dc1277902785972f90,c4105c9eb42117eeed62ca37d261d01ac2b584f8a3734ccf00155100bfbd9eb1,0c440106e6294632a5992cd1597dd567
case_032,4,problem_2,B,10732,12360,305448,12360,0,,,,3.8616287737607156,a57308946c2c3448038f8c1ca5283f98ff1a5ffe7c7dbf366fe089a1088a52e5,a0e5b5153f7dc8d0e501dc74d288cf1c325f51767f714dac7c6c2ca511ae03bc,e33d8a41f00f46d0a380c7fa6d7edf8a
case_032,5,problem_2,B,9699,18440,311528,18440,0,,,,4.272914733477678,7c7fb32735f754ef102704ac35cc49d6c7b058db1090e385cdb52da5c5d7153e,9dd5b5ac9c411774344c10ba2764af5e1287286199f411c7ebfd0bd36e4d2b51,c422a6f74b654f37b17a5d8dd0d8ca01
case_032,1,singlecore,,41443,0,293088,0,0,,,,1.0,,7684099403626cc7392afa1d223d47ccb6beac7013638883ed208c8a52e9c532,53cf3e225de446bcb38cf53b3cd5d99a
case_033,2,problem_2,B,879186,12068986,15041896,10216570,1852416,,,,2.0179984667635744,e230b5a313e4afaa9a51309d346f1db8a8a319456c8667596e1a066e0514fc53,81774f010ba4e0cad40307f8db9f86bacea928918ba00027c8b85ee9c734bb41,a610d3d23a204fefa3878ec952d2de1f
case_033,3,problem_2,B,579210,13804672,16777582,13804672,0,,,,3.0631308161116,354a15d2a736f9323221ba52d1ca2146e8b8005c604483ce87ecd7e971045431,3a05054f74aedfa8ba9f3a822e70d14099f36aebe4fe71ea7928b2b50535aa0a,89bf6187f82f4d8db55cd55ed5bd5400
case_033,4,problem_2,B,440743,14561948,17534858,14439068,122880,,,,4.025466087946944,55814be5861e39ed5cc768da82082cdf1a65dc6f8215ab070fadaa5776609a09,fb5bebecf36b71f74884e3822040aeec2278aa5a77811871adb9b58baf351b19,5d22a8e1c0fa49508c63c4ace4a85194
case_033,5,problem_2,B,352556,11745914,14718824,11745914,0,,,,5.032380671439431,9d62c3ab2f0a406274c280178b29f841f246005f0407c489306d1de0bd7b23d6,2b7df1f4f9bedc40b30696af931d47a9213f2048f25fe483fc4e6fce5652558d,82e2c85322bc49dd95d36f1252fa04d3
case_033,1,singlecore,,1774196,4592640,7565550,0,4592640,,,,1.0,,ffd79866607c1b4bf1e6ed15bdd471bb9bdc86f7198ffd329fd9caf69b313554,c5619d58faa943d29e6d73d2a1b9ab11
case_034,2,problem_2,B,382559,7150216,9430602,7101064,49152,,,,2.203571213851981,6f40dfa5b0d0e0c5d50e3451caa4732c3443848cfffe773d5e7f3c7cc1331f5b,a91c4cdef4091502e5751be73d65da97a18e06de36b07a085713fda6dcd196bd,46e7a55dea4746cf9063af52e5926a97
case_034,3,problem_2,B,276847,1295880,3576266,1099264,196616,,,,3.044988748297796,8a74280716a3a15ae092cc42cf9f72cedac74ce5f8217c901ae602cc764250e8,ac94d0fb86afb2255a4c97b745754d24b38229224fd11f3fa6799e9aedfca347,a06654440a24445e993e40800380fa09
case_034,4,problem_2,B,213132,1270280,3550666,1073664,196616,,,,3.955276542236736,48bdc10b8ec1e856b7e3d853c81652b4b06b287855519752cd81208975f89741,158933730147d1de02187e6bccae3e9886dba26993018fe61ebbb23b04744334,f9cc45bd462540fdbecb8ec90c4a3156
case_034,5,problem_2,B,170159,2055176,4335562,1858560,196616,,,,4.95416639731075,3f84578ddbf5eff47a371492fc4d66e6b310e77254d8d71f44240debc9ac1adf,c933b686da19a99cdc27e246045a043e056be31619b7eebae667d5807eec1087,e3c796d5020c4776959252e38f7e7bf0
case_034,1,singlecore,,842996,1079832,3360218,0,1079832,,,,1.0,,c6501a0c4e40c6945c977d02ac2527026e11f6feaa16b26b59721d93ccba2453,c633cb2d43c54e00a9e350e7e6117fde
case_035,2,problem_2,B,77420,2209694,2620548,2176862,32832,,,,2.190273831051408,6338866ca7c90807a1fbd1a356a3f2db498e1e5ec52b841bf7582ca5a1828af4,2f892b80280ad0d8241d905fc6cd5e07520cac32c7dda0327c6e4890d4f9542d,7ca527ca624a474eb78decf84d5b4ab3
case_035,3,problem_2,B,59840,1279534,1690388,1279534,0,,,,2.833739973262032,972ca37422fcdf56491b182447f18333cc71336f259f4dcd14ee0ee1528a6bf3,36bf4f5f0e2fc605a30913078c2ff7c7342b2b7c3037f9406def3c486e570d20,a73f11f29a13463faf2c17fa4d80b00d
case_035,4,problem_2,B,55101,1267328,1678182,1267328,0,,,,3.077457759387307,88ebb14f8a7532eaecb5516ef5bb17e13b12753790e7329ec8666f62b315471e,f990b8db162310ac9926059e4bdfb0acfd1e469857268b6b82c53e7b0ffe402c,f468d2bb025a443fa53a6044ba56ce64
case_035,5,problem_2,B,53309,1487738,1898592,1487738,0,,,,3.180907539064698,14abb7cb90ccd99a98b506434ba39c8cc9375c2641d088a8adfdbfaf69068410,51b1837d8541f8a572d3b5d1198359ee635e96fe2532a1d0cbcb48c3484ef8f1,4967cd8875cd4ce495c3f4f0a79281fb
case_035,1,singlecore,,169571,0,410854,0,0,,,,1.0,,aa15256299bd3eb3eae088961b08714fd68b70b4c6131fdb993b15704f0f4fda,14a83c40adb545dc8d0902ad3978b35e
case_036,2,problem_2,B,466068,1152,6555904,1152,0,,,,1.998656848356892,31393bf1b4cb3b577862e1407849bda6449bb1ef414288360430d72e4ce215c2,9a8babf9f01ff7953616fc6f3c96f55d39ced09d687beeab1a3d0b0c2305c84c,d5f0ebf388be4958bbbd24e3a935f535
case_036,3,problem_2,B,311345,2304,6557056,2304,0,,,,2.991890025534375,bb9ff6074cd75fa68f2201ac948f2f322f0d072f811c68faeb1f97356a2d5296,b2cda0ad023ef306e87fe24a14c7e1dfda047b2761076e24235511b4b4b30a48,ef366bb6ddfc4271a11682e56eab68f9
case_036,4,problem_2,B,233584,3456,6558208,3456,0,,,,3.987901568600589,2ba7bc0a8e97555b89fc968882c3fb15402e99652e9b3263a45845d6c4cb1a62,eae45e850ba46dc3a9541ee8eaf2b5afc434a43ae356c95feb992564f841ac01,e5dbca58fc0d4983ba2fd093da4f85d6
case_036,5,problem_2,B,187182,4608,6559360,4608,0,,,,4.976493466252097,b0981b5f9e9c1fd35de73d9ce60110c533569ad04ffa16e608b1e16653cd1691,9e85070a5e6449880048555f0a63261762d1520b56dbda4526f886776ddeaf5b,b296d2febede4fdc8113aaacbbc104c2
case_036,1,singlecore,,931510,0,6554752,0,0,,,,1.0,,99ebf88e2c3f00410a9724c12bc7396d0353463950053aae5a3d46ee30ccd97d,652c15ccbb7145b49fed3c867ceae60f
case_037,2,problem_2,B,105374,204800,819200,204800,0,,,,1.992910964754114,4bcffbe841e2834b83c405ec4a9cee41de06f24192c981d7e32959db116bbea2,38669fef9dec745fff215292317b94c1e503e846102e241631156f61bd30c691,c83fc7589d2a451082ed47488eb863b1
case_037,3,problem_2,B,72563,946176,1560576,946176,0,,,,2.894050686989237,e07f7b40ccd4720f02a9721443092cb4c55a216492e41c74f4a2eaad91b0750c,5f47291e2cd4adee7dc46dd20842f285f53d7c5abe0a6bcf9633c072a93913df,47d912416b554f529757fedcf15b56c0
case_037,4,problem_2,B,53320,614400,1228800,614400,0,,,,3.938503375843961,f33945abc5f740a45b94766066983f66416f9f943e920ddb187cb72281670d41,e11f89cefe1eb6f4efdf9784685d87e31d250f7d44ce0569683ce9d0fe95457d,d97f090cc5684dcf89933a8dc343c288
case_037,5,problem_2,B,43013,1146880,1761280,1146880,0,,,,4.882268151489085,5e23bc5629c51f9deca9e8169dcbb64e51bd1ad8b7e4fe98ae5b0b79f4b4bb5d,630fec2ede02205a178b4833478e0a980f28636c217a754cc6601f63712ff27a,3c1431e242cd4fde95012d358a6b91f0
case_037,1,singlecore,,210001,0,614400,0,0,,,,1.0,,c95c65e91a008ce4beb4d233d22ae86cb65965409a354fae0b52573e93d4f515,fcd70cbcd8d5485f8ea2bed5d3c2245b
case_038,2,problem_2,B,664682,8080896,10883846,7462400,618496,,,,2.052944114629251,8aff86c3216145db3a1e1c846b7912d403cafd8677364d6db669eb9e894f2276,6571127d7ec3d271fdd78c23c35566490edb6029219dd42f464e01418f5fc3e8,85c69a3916534d098d9f0620be0c3bb5
case_038,3,problem_2,B,447985,7214092,10017042,7214092,0,,,,3.045983682489369,22f3851b47c243cb89b9c321c4dea3cafa20f2780a374865a7563b411c7b57e1,e34cadc719ceebcdd121730448e0405f2192f79dfde61b0fbed6b79486b008ab,8176f42f2c864972974b2484a7c500c8
case_038,4,problem_2,B,347423,5598720,8401670,4399104,1199616,,,,3.9276472772384095,b6c37af93b148e2b2d848791e6dcbc31e34c00a042f46f4a963f0793886e4b66,531250e2f798aabbddd51f0dd7226221d377db1f1a0afe3a62d98c98c2bfb247,9272da7996484d3aaf2600fa5a7ec84a
case_038,5,problem_2,B,272932,12612608,15415558,12612608,0,,,,4.999615288789882,a2d4ed84a40b9b66d2eebe9b838742e90c9667ddd0c8a713e5ccc797587d1d4b,c6c944d499ec655585e880c406ff841cc9a49928fa06855a55ffc4a1302b2d1c,7ac245115db8463bab0e7411f0f0c3c0
case_038,1,singlecore,,1364555,5627904,8430854,0,5627904,,,,1.0,,62945954c623c47978cdd855f11e6d27697306c7901ff1981fa791251b631ae4,a40294aad1264f5d95aba937ba02c620
case_039,2,problem_2,B,690850,16326656,20815872,11337728,4988928,,,,2.0775305782731417,bb78595cf4e86dd47e3317f4d3aea843ede62b6f819016af1bf9fecb165df1e5,0e7e2bc1a26448734600677b2397884f0eeb096a373b0108d161ce340e746fb0,2b58d3c224e14a31bb7e4ddee2027290
case_039,3,problem_2,B,488559,10338304,14827520,4587520,5750784,,,,2.937745492356092,2a4901be3224dad6f8263511a978cddccbba9404d6b208170fe18f80f6736db8,dcd1e464869feb5b19e8255be1af716ade4395b99e8678be51876bca6faf6d65,cef8de0f67094d0ea95fdc0c8843f3c4
case_039,4,problem_2,B,406288,11620352,16109568,6430720,5189632,,,,3.532622179340763,ff61a25920eb0c98e65e055564476ab13167c7a853f9450634d5650e5aa769e4,98a62946586185b2edc26387e01efba6b23df45a6b20d8055c3a72465cef3fa7,49b5e7a2bae94ddcbdb907b91bea1415
case_039,5,problem_2,B,304375,8237056,12726272,4358144,3878912,,,,4.715439835728953,aa4c92a573ab0e0640c95f3453334f3737953e582bf885359f722d76e4bfd1d7,71db2f123f3567d3c82bd55aa26ae2e0f58f461ee30cfaf6f6aa3bc1767dfe44,163543d9cb90499ea8a38e69e9122a20
case_039,1,singlecore,,1435262,7929856,12419072,0,7929856,,,,1.0,,130798c8317e914e5156b287944ec79eb2e9267ec30400dbd0d3156f15fb7007,3c7a3c7695a94565abdeea1863715dd8
case_040,2,problem_2,B,102004,1502422,2413660,1502422,0,,,,2.484745696247206,a135201342193965400de135ec6ccdb996b39eb3884c50b9d3e0b1cdcc754549,0ff2ecccc9ac52831b24bad22a6ab51ac2305ca2149b3057749cfa7bb5f4ffc4,dc3489f626ee4df7a0478a4452760ed1
case_040,3,problem_2,B,82363,2387208,3298446,2387208,0,,,,3.0772798465330307,a9bc1950909802c6a155a9dde46bfdd462cb7c2ce2a9559116827a2630105a77,4e3040b4aa92da0b2822350512779ffef2e20bb9c0dff33d15c03654b1bd4b71,31da0e75e85c48e590f28a5a38d9b4e0
case_040,4,problem_2,B,79507,2803726,3714964,2803726,0,,,,3.187819940382608,5fa0f684832c54eb65fdb14a6863031a11c9f20c273a23e1da690e121c802ecd,039925b6646f0a1f9f1b5fda53b21a529b9cf04ff8f2943a9bdf31fde29c0b8c,a5da7fe9c4304b938162e34893fa40de
case_040,5,problem_2,B,78145,3157924,4069162,3157924,0,,,,3.2433808944910103,2c443d4cc17a2c07aa5e0d843e16fb9723f41a3c934c39735b9702d9d5bb3518,969a3a213040a5effa5e425e6f9602e03178f7e954a56e35b32285e87a48db8e,f515358fc1084c0f8bc32d3feb27aa03
case_040,1,singlecore,,253454,0,911238,0,0,,,,1.0,,40c13f1a48ff1442b3c4cbfa3137b7bbbf83a5876525d50d05d972e2fe7ca65e,a3caf9536a9d407d93797a8fa61898ce
case_041,2,problem_2,B,2956423,17218680,22168660,2178168,15040512,,,,2.0308179851124146,bb863bc06e6f0e0fe77a841943011a63e39f40ff25a625354eeff4d46fa5c7d0,6958060771d8721a3fdc820e7f13cfe10f54ff2249def1af7a74cea9c9c8b462,78c4778ecdbf4e608ea9bd01f25760d3
case_041,3,problem_2,B,2010816,64191536,69141516,50657328,13534208,,,,2.9858311252745153,88edffa4d2dbed9969c4d2ddc2dcec04f0d9a0ef2b5634e568f01c9f3b6050f4,37d116172d761620bf0e0d62a9112a487dd5befd77526cd7957a00b4ae34f728,149cf8dc1e4a4131ab6284543dd288df
case_041,4,problem_2,B,1508939,53664812,58614792,49970220,3694592,,,,3.97892625215466,230a3d305e4d844a3f1ef78146c901c6938724160551b81f2bcce8a6ed35f0c7,b92435be4b68ef7ffc7f87701236399033440a7c566ecfc9bbbd0d252c4a1409,d1bd76ce41e14402a5b60206694d527a
case_041,5,problem_2,B,1217690,27719700,32669680,17195028,10524672,,,,4.93061206054086,4cba9521079eb0605bdb56445f996adcce2c48135d323815361211a55ca2f750,08df81db4ab062085e51b840309ad3914561c6a97edda3cb9e27ad81e96e3e10,2c31dc78c0c84b9fa553cc8a09248d8d
case_041,1,singlecore,,6003957,30898176,35848156,0,30898176,,,,1.0,,e30f6e63e9f8d933a5365109a09edfdd2474807159e25589275810e73b0febf0,69de8ac7f36c4bbab870c376c2c1c063
case_042,2,problem_2,B,801811,4107688,6496652,1914280,2193408,,,,2.103662833261205,a86c36d7d21563282a0e1192c3c2697e26fb8766d730d604244ceb8dcfb8f9b7,f32013ded6ca090c3ac18d79e809c27b06193d41ed6de3c6a6dfff13b6bac11b,7a5909e306e94a5186b48886f9bdd0eb
case_042,3,problem_2,B,539057,19558892,21947856,19558892,0,,,,3.1290568529858622,aae38f985a51228196a6ce1f447321a905a8507ec8cbfc73803af3ea0408d17d,5a2d1514b0f174660a8d84aa0b3e4de99bcd30b21fad69797d13a0a9686cbe92,bfa7f5bcdeb94d95abd1635d1aba8ba5
case_042,4,problem_2,B,411946,9987344,12376308,9987344,0,,,,4.094565792603885,33c08eef53e964bab0821b4685ecaebcd1c1b93551f98f7c448f4e96453ad7af,fae1ab4e4c8e88235b8602dac2b174b877cca1676d92418da052afc92e4f44a3,5b59b5d09154411480f007e0ac0f2297
case_042,5,problem_2,B,335668,12002504,14391468,12002504,0,,,,5.025024726813399,fbb35315e481db2cda8b08a1c5740e8b81b6b1c48d168c93f0e39384b8f4dc04,f513900ac91f0b4303b4b7c936da78b6f8435d7376507c677a575944eeae8af1,a53e8ebc102c4c4e8702f6ffa2a0c362
case_042,1,singlecore,,1686740,6629376,9018340,0,6629376,,,,1.0,,d32bd66f76abdc56d89b906a8158bf6abfc44741f171c184f5da201e0471687b,889b64b7e2ae4cc08f0ef21553295332
case_043,2,problem_2,B,274679,5494106,6925228,5494106,0,,,,2.4670833955271427,7b325d885fa6626e8fa0d7fb7dbc787bb3a775a633a716f566bf2c80eeebed74,abb5efff536e061eccdd3695f5646eb30f82bb76bd0523db3c3ad9b76db13ee2,b666ce221bae4a478d712bbe12d4f642
case_043,3,problem_2,B,197790,7556216,8987338,7556216,0,,,,3.4261388341169927,f9000cac62217c394272f657bb1a2e7d2540bcf855ad13049277d34ade3f3003,9247db3d4a5b4a5f7686dde426fd024507ca19e5d5e68fd00d00b3b6b6cf356b,4e48e38626d44df3b9dc9d714caa56bf
case_043,4,problem_2,B,189916,9339606,10770728,9339606,0,,,,3.5681880410286655,a7ed06814f6929a59789109af28e23159010f3f58ac9f87688e2e4cd186655f8,c3a8d75a6c4933e7fa08abf2b91523afe688be95a50affa637c4dd8af8df54c8,04a8ba0247534e4f8067bad53965fd63
case_043,5,problem_2,B,187251,8860426,10291548,8860426,0,,,,3.618971327255929,9bfa236b3a819b685611f15c1d0d98d891871361cbfba612139ed8404d92106c,e47f07f09a49370dae1b3e6c41bbf5cc3de5c52131212c02d8bc9ea72b5b9a85,24a2fd03955c41cd9fbe27c676160872
case_043,1,singlecore,,677656,49160,1480282,0,49160,,,,1.0,,5736b7217ea7ad86d1a13b5b28641ea28a22658283689bfa3fa901ccfd1ef927,a966ac2ad3c64bd8b1314da65d4185ec
case_044,2,problem_2,B,43795,930400,1905856,930400,0,,,,3.525676447083,d2526e98a37403a3ec2b55a942817b5c6d657cb1c88a7795a8cbd97d49e3d85a,26cd4fbf223e8053288d0802aa9b1a5944df049facc8c4248ce54e46bce3ef36,1d6a8844c7904e85be99eb30cc757435
case_044,3,problem_2,B,43795,930400,1905856,930400,0,,,,3.525676447083,d5a5682a952e17b740bad4b8a4e5f3541937d24a3313f73d338af46a345cf180,2368774f0c4dae1809da552dabb91930d9c57ab52f3f06820403bdfaae6820c4,b0a086e64bd34a3d86a550f8cfe1506b
case_044,4,problem_2,B,43795,930400,1905856,930400,0,,,,3.525676447083,0c077b11fb02ba6d67b30f8d1d896d1d5b7510cdf984533b538466e972821368,149228bba27d16d46bf1e7cc782aa4c17eba3dfa95e0aacea96e348c08a7c5b9,cd6dd37ad8bb415b9e13795f1c1ddba4
case_044,5,problem_2,B,43795,930400,1905856,930400,0,,,,3.525676447083,1b1f545d37062ab7575ebc4820cfe1cff10a549c6e6dd4a93e91ce382a5f90b2,cded2b65eb62dde6cb523fa069ac56735c2a8ac100a4b0203d03bc6f4e9c56c7,db43a12a75e344b08de81e0b1cba400c
case_044,1,singlecore,,154407,4438112,5413568,0,4438112,,,,1.0,,c8ee18830603685e88713976d818e73a623210a94956cfe328017ca3127b1652,95892449a3174fc48fce7f4af9579a76
case_045,2,problem_2,B,63059,0,557056,0,0,,,,1.99200748505368,c7bfa93f03c9a6dd63b8047cccbe2df138a637e5efe4ee7c72fbaf9d70de2d30,adc3462a032600c75ae37b4776f84660265301113c7ef4deced11be2ccc43252,628009c4ded7461ea8e7d7ff6d252ced
case_045,3,problem_2,B,42304,0,557056,0,0,,,,2.9693173222390317,988e44f6564978d656038ddca4366e6831759880e4e5ddad6f2495614ac1a4f9,c97d15b76752e61ae5e7a26f2ec056e414e84e5007e585e6d307ad9f823e178b,388126e7828e49b09e2a6a8180b8c7d0
case_045,4,problem_2,B,32037,90112,647168,90112,0,,,,3.92090395480226,c66cedf5b71ee75e968da8ef21661edb22096f3ff72933a4489e192604faa19a,1aae8654c0aa0ad75ec3d4e9a362578e4bd99792c974228c2a0169f17a541a92,10ff8bf512344393ac3b6f1404c94a0f
case_045,5,problem_2,B,26164,0,557056,0,0,,,,4.801024308209754,5955603877b52a48f4b4f129d874ae894db64da695b86a3379c882ca65b88b6a,eddef8a61be1bd83eec377122f0d85eb44eee08c89bb6f3fd689d4806c6bcf81,af35cf9a30e74e64b855ab105f7312fd
case_045,1,singlecore,,125614,0,557056,0,0,,,,1.0,,460768a5e18d7db930f9a526fffb93b82d2483eee12d1cee1b01b6a17b90ddc9,e08543ec0adb44ad9660ead72b34618e
case_046,2,problem_2,B,105322,930400,1991872,930400,0,,,,2.6248552059398795,2a320c7474178f0799a22c9bf7cdf9568f2f51b2ec27b58b1b75117586288582,e8efc90b944224ab8be687d78e0cf43755e97e1553a6bf873dddff9ae8184b86,7866818812f747ca9ac5c2a410f3a315
case_046,3,problem_2,B,94901,2419904,3481376,2419904,0,,,,2.913088376307942,96cc4dde07001f2d41d20102e90d10d04fa288b6c3b886d4c6c3b6941f09070a,9184707d5bbc5911eea9208298aa50be951d8c524e7b919c553fa45a0a2f947e,e2a4c979175447a78b3d2ce624332efd
case_046,4,problem_2,B,77846,2791200,3852672,2791200,0,,,,3.5513064255067697,c37646b5112064f20e475889d23a7f84eed6807c487b917b40efc442a4f87b6d,7e266b45d6de8a121ff4fd273e20c72d36902d8fc7ee1a5604ba16be6e02a214,b99a118c3cc54b5cacbd7de0e3e965d2
case_046,5,problem_2,B,77846,2791200,3852672,2791200,0,,,,3.5513064255067697,067a7b3c1572b9f2e355770e5e90f1ba97fbd76af4200c238feed06c824f2f5f,2539613ceba4b3b8c6f0cf06e6118360b2a71deff029ff5640bb55698072597e,4a4dbd25fd9b49ed944500d031129273
case_046,1,singlecore,,276455,3176288,4237760,0,3176288,,,,1.0,,22c0c606b5e15bbf22e6134d7e96706c1db12a2540b7fe61bdf27852773e5b04,1de036abe94b447e9a2efd8dd1068c02
case_047,2,problem_2,B,144012,1433862,1897804,1433862,0,,,,2.2672277310224147,ac6a80fc470e28f89c5bc7234eb0499ecbfe847901523893631a03158ebd35dd,a8e2c90971440122fe9fc5792aab42035cc481ce1717e3b9d1b3c9fb2d7ec56e,4087074f04a64dc8a18b54b8f0503ad6
case_047,3,problem_2,B,100256,2223116,2687058,2223116,0,,,,3.2567427385892116,2f05929a31a193faa5a08c473fdd5ed107a6317cf2047e1c7235d54cb012461b,feec688164c4d612018dd97cf0455f4159fa97bfd83b96eab660159cc23e8093,645b6d1f155d44cba6ec32b1030213cb
case_047,4,problem_2,B,88656,2629682,3093624,2629682,0,,,,3.682864103952355,6cd7238473755b68f8922e03773bbcd1f0f1b0b47eda61be84c831624e10fc31,184de9d120087644e77c341ec2d336721088962060cbd644591b1494229706a2,108b0e1152c7444fbda5a754d27ee9be
case_047,5,problem_2,B,80051,2851480,3315422,2851480,0,,,,4.078749797004409,2d921ad07f14d19713742efb507cab5426a465dee1789a642ca0223ef89fbb63,703be4d16127bd8263ee33203753802e91194f94b71d12814039fd644227ae08,a43f72a50f58448290d1a8bca99152b0
case_047,1,singlecore,,326508,0,463942,0,0,,,,1.0,,10e79bf15dd67b820d6bf1a93eb88e9a6bb45cf40766c61136a922e75fc65816,6bed142666f047c2896de629988d7450
case_048,2,problem_2,B,103832,576326,991116,576326,0,,,,2.140187995993528,f3da549d99d21b9a5b06540271bb6f4bb5275bc98f2157dac64de12cfd11f429,bddf7598c22c5598be355e5ec88a2af31101b2ed8d3929d8714eb6b074518907,6b85f8acfe964a92932895ea3863bea0
case_048,3,problem_2,B,95721,780332,1195122,780332,0,,,,2.3215386383343257,7a211409f1ab3a96e3b3ed4ef78412882397ebc848e885725a571a0ad5abe826,6bd3f8893f04bebb7d1aea7f0ee329e11fba44d6dd63f0bb8565280aff0c9be1,171c4119556a493ba1ee22e1a8ee5677
case_048,4,problem_2,B,95721,780332,1195122,780332,0,,,,2.3215386383343257,9b037ef60411a5e4eb0295961b40d0b34f943a720346b1e6c2c51d009998da3e,e522b070a6340873449625ac8789b26879a07618684e6ceef6ed5d76a8c436c5,fc9ed78167fa40d58697419082149182
case_048,5,problem_2,B,95555,780332,1195122,780332,0,,,,2.3255716603003505,0bd360a37d7ad71e8514d1e4b2c94e9d7dfae3a60c4ec16606a59dd19026ed16,f128f4ffd8a36d524afdf8e95512eded526addb411c61acc62e1e32e76d5387c,866b8c3c77fa49be9d4d06ff3821de7d
case_048,1,singlecore,,222220,0,414790,0,0,,,,1.0,,4d46dc38028f63d182bde03c48d0fa1e5ad67160b274e68e47dfedf1fa4426cc,03f0b7d8eca944fdb1d3dccc95f22546
case_049,2,problem_2,B,84229,1536054,1688594,1536054,0,,,,2.330266297830913,dc17c1dde11a83ea5c53e816655175407536316fc656ef150822ea9be9a98f8e,2c4646691f383a52f4768c3130f07d752f338b37edb24402d6cb7b4428c0a878,f34bab9f9fd5453492f1471dd44f7ab6
case_049,3,problem_2,B,59198,1957600,2110140,1957600,0,,,,3.315584985979256,c4cee0232d5b17762421e0c35cc05c0a726a7c7f30d92419c7b4dff4ae76ee74,0e0772045cd47cb05a1187c5d4b1c7abf33c297b7e8eee989270230ed6c8ec73,0fc445afd78048f5b5a7b33839b5efc6
case_049,4,problem_2,B,49897,2181754,2334294,2181754,0,,,,3.9336232639236828,7ec523cfc6f48b8238199d6b6c05226ddc5ca755b03f90bb5b118128ad0ec738,bca2807a052a8eeb3539287b208eee04fa45777f83a4cea0ea10d3b17151bac1,5b1a86c90d01473694dabe47b0298968
case_049,5,problem_2,B,48732,2114240,2266780,2114240,0,,,,4.027661495526553,b0a795c851c202ba4f3cc40ddd64f5fffecb7cefdbaacb1ae9a4dc2492c1a3d8,2a9b890b0137d02bba986251976068ddf4f4b890dcdeeaebb0b8a436a65b2c9a,6db49936e11f4ab795c105bf5e115574
case_049,1,singlecore,,196276,0,152540,0,0,,,,1.0,,30ea66ec46a3f4c470e018b58f7ed3724236d77f5fab302acd07193e38dcf431,57978dbf938f40e188fbc7337cf36d41
case_050,2,problem_2,B,68075,1069618,1388994,1069618,0,,,,2.1988982739625413,9d7c3e8efb27590e07d9ffa1c0a8afabb185229e5c071f0083e8ace346746dd0,73462b86b7aaa49d0586f16deca84a718128f920571d654242c87ca574f6c9cd,1cee396cf36142d2838beafc7df990cd
case_050,3,problem_2,B,47701,1609532,1928908,1609532,0,,,,3.138089348231693,39cbc39c622080da1589cf3a92b71d5a604aabe8f834d763bc16a36064250455,31b756821b2eca2d811527223fa439bd417d6fcebf06c1717d9458a23a74e048,5f20ba138e93410694e7a0063d5a8a21
case_050,4,problem_2,B,41602,1747284,2066660,1747284,0,,,,3.598144319984616,06e6b01a15e2ebc0d96354c2e9b4cea7bd4952a42ec6542c5bb7039f5ac52392,7c7a825415bb076315d325bdeb38c0f7e839dbeac85ff1330d6d888b98559b1c,4b43cd402e54408c9728be382f3c3cf5
case_050,5,problem_2,B,41602,1747284,2066660,1747284,0,,,,3.598144319984616,4026d67d262c23fdd3c677ca67d3ead2ddfbb263fb8e2897f069ff46cb8a914d,8a7cb93d4df0e6c7a1e724f7440f3849f1f4db134d809380ec116d563a348434,f1e4c6065745421a91caf872a587455e
case_050,1,singlecore,,149690,0,319376,0,0,,,,1.0,,f19b6677268a51738254ff888c4c50fa27a720d3b95a9d0d0825f1c950cfa6c4,bbae90a7c144457196bcecef8008e328
case_051,2,problem_2,B,383845,10093692,10486910,1049724,9043968,,,,1.583003556122914,8e72a314f39d9d9a5434b20c9dc2a28dbdb8dfe394cc9171531d1ac1a5471828,210861ce040734f3c7443734bc454a87a958b4829bb5ca595b344ea89a9a52e8,8989efc5d8964a50a50730ca2bab1ab2
case_051,3,problem_2,B,289612,9700668,10093886,8193340,1507328,,,,2.098076046572656,4d3c1daed620dc4f876ea4d436a88939005c49167a52235eae977eb7f693bf75,276c395b8dca005a5d34cfa124d4ca9de78284dc962e11e02d601e47ddd74b6e,fae6009be11f48d29e15c61b74594b10
case_051,4,problem_2,B,185515,394452,787670,394452,0,,,,3.275357787779964,ca0445504a5fec50f2c19e0aaae8360934dccbda133ce37bd6daeb37ff6e0e44,e6614da9c8eda2ac5ad25fb32692629eca2dc3ec86f1c94e19b3f664e6daf3ca,2266d8d775d24104ab35511ef7de4612
case_051,5,problem_2,B,182974,197936,591154,197936,0,,,,3.320843398515636,7fd1a2f3d3480ca33a65da65a3a48e23ed005df44660f5a9eba00e5e3a4a8f94,7b7eee7400f97f0031e9a3c0125630fc92805a8c8e224c7f2fb2726e3572a452,748c6979ddcf430a8694c0b5a6600ad2
case_051,1,singlecore,,607628,0,393218,0,0,,,,1.0,,4bb3cf66d6fac7a2f95510675f8a73987a32c42519da9df463012eded63c7020,e31d7fd9a7d44279adb84c89cd77c1f7
case_052,2,problem_2,B,73024,1097746,1907950,1097746,0,,,,2.4690649649430325,ae143aca90f0d9ac8b639a784139a5ab60c3465f6a5616292e0af7dc61104e9c,1304c552ff46a16599f0335d500d59da2aa549c51440526eb0340380069196fb,af79ede2f0a14dd2abe30ba9a71a4111
case_052,3,problem_2,B,51901,1401542,2211746,1401542,0,,,,3.4739407718541067,30734da76b6549a309a68b5098e359cd96636dd73c0acf5aed46269313831b3a,091f9464cb123547076bf235b74c01a808510f324fce8407fc0ca3fec8f8e7c8,57ad0da5d4e04a4fb0a494c484e10337
case_052,4,problem_2,B,45736,1560214,2370418,1560214,0,,,,3.942211824383418,0262bdb69d28b90119ee4a5eacb9fbc391ddefb53dbc979b38470dd00b887dad,4633476e7a06ad9f56cfee1827e04f6be23e3622a4dfbb5f825fe273deca1e33,3dd8ac855c384abaa75a704f8d4d91e3
case_052,5,problem_2,B,36288,318008,1128212,318008,0,,,,4.96861221340388,448fabd467763764f16d6c13414add682afe8babe987065b3eb1ad6b8d2cca83,e38730772b4b3afa9d3ce4210ecb054080f9a339573118e166d573787d8a393b,bf5c0455d1b748948839b6861c4ba3bc
case_052,1,singlecore,,180301,0,810204,0,0,,,,1.0,,a5ef7b2e7fa840b8bf307c83eb23ee3024fcbbf22aabdfc8b25f841a1f171429,1c7f6daf76084318bc133d9a06e81dbe
case_053,2,problem_2,B,615029,7895974,10891262,7895974,0,,,,2.394498470803816,1a0ef5bd76a97b61b9ae8f17d5cdcf573958f81d290536f684df377ac4574d48,266d3ef2361f5d21ae90b5d5deb706fe571fec5094afd0648f1e657f86ecbd49,72ea78079c6e479ca2feac1d14187f97
case_053,3,problem_2,B,440951,11711062,14706350,11711062,0,,,,3.33979512462836,e27c4cdc39bfb22e58d0ea2327c495727654c9cd0b8999870c6ea82b5bc7ad56,da346260c2a2dd1978299117be1762216d69e2bbbba6cde8a824e5ffeb9c8508,e80779d9f94e49a88c3764de97f7b750
case_053,4,problem_2,B,380969,14539058,17534346,14539058,0,,,,3.8656321117991226,de25c6c0d5443bca3c556faa322dc7f2297b1d1a5548fb63c876370e3ad438e2,cc70415144a2fe7d873ed41d23b0530cb460aab1bf4a1b2fb0659d4bb590ff5c,9bff9978fc8d4e258e06504948274e40
case_053,5,problem_2,B,368951,17089512,20084800,17089512,0,,,,3.9915490132836067,16eac45211bcc2333fa451cba9eff6dcf2dad0ee70d1ffb854fa28adfeaf9376,a8e094b25be9d7fc85e3e6416d01e78411f3e2a6023203101baa2bcc71f2aff9,2e7eece848e24911bdde0a138749bacd
case_053,1,singlecore,,1472686,5405536,8400824,0,5405536,,,,1.0,,e82d11f837e9f9e7019387c1d9ea46d9aae1f8e62c0f08bdc2324b74cef5c5a7,c2e31e2ee1d3480c80c9be11572e6f19
case_054,2,problem_2,B,350072,7300330,8906606,7300330,0,,,,2.3282381910007084,c7b8afe4af75caf5a03af248d9d0110d36793750cca0cadb2ff5696929c7183d,7e22210b6ee386d0de1ada32701ded9059107a2ede4b2976166451df3c3d8add,c1d84a09eb09455280c2f6e90827d674
case_054,3,problem_2,B,256188,6715116,8321392,6715116,0,,,,3.1814565865692384,5ad93802d419317288f6edc4524654949fdf1fa15893732d00d45070a6029653,fcba026d820e2db1f667d6ea9d2990df4015902107d3665431fa13703b3ee10b,8bb2094bc8594fc2a87a34e733e8e3ed
case_054,4,problem_2,B,211496,7756950,9363226,7756950,0,,,,3.8537419147407044,3a5d0f7757acf38aab79462a99818403c68e6b6d22e0602670c8d4d97223ba8c,cef5b63c90de7b873edad648bb3188830df19849d2491100c746c92ea318fc8f,43f4b52d1bfe4c5f940060618744f101
case_054,5,problem_2,B,197307,8194340,9800616,8194340,0,,,,4.130877262337373,1b113da96fea0f3a551b372921a5b517d5e9525242ab661f44f68677614efde0,c1d3d706ec84a0df66d2161d0615065092f84a290fc5c451b46770123f4061fc,1439a8c721294452b0e0e57245004896
case_054,1,singlecore,,815051,0,1606276,0,0,,,,1.0,,0c091b5c9fe6e1a104a279e9e30b3d211b507a47e43020802c2544d29b60815b,e4b159c998684ba29c53f84824c7c657
case_055,2,problem_2,B,40644,853436,1479246,853436,0,,,,2.9238017911622873,4877e0f96e2cd03dd20ed27b761e157740e898d17c79f6ee458d0d424757ed76,734fc1693dd3d7e5f84c91f9f6a930c484b19c0442d11f7abc5f5db84c2304dc,9339a77b2fb448bc825010ac125fd19f
case_055,3,problem_2,B,35794,1140962,1766772,1140962,0,,,,3.319969827345365,f06d603813588505b94f62e3dc5892ed7213fa3fb76a07a4bebb7e4e83411975,356684b59a8779edd3b1fd2827e1464bfd0348e84fb216cbe9baa8c480061b03,02daaf6259ec4ead80839f592b8e39b3
case_055,4,problem_2,B,31949,204938,830748,204938,0,,,,3.71952173776957,b976c8715ae5f720d654c8004215029d33aeee59462e8556512e0dfe2f82304f,c03c6ecf6dd1f2ad9eda81213e6a83b0adbe043078e3596211bf6305702aa641,1ada0bfdd05541b4a76c56d20c1f8a0b
case_055,5,problem_2,B,24680,199688,825498,199688,0,,,,4.815032414910859,6b4c0da74e7ac020372c8c742313afddff544eb33250c196fe6aeed0d367b9f5,b3240fa23074890efd7d9ac8765b86c6ab8bade8f5763899836745fd873a12d9,86dbaedf4bcd432a9a0833d7fc0943ca
case_055,1,singlecore,,118835,69632,695442,0,69632,,,,1.0,,d73a78af3e2c65d5d555e94b6c9eb7f0da4b5d37f6aa291c2d3f29e7c26f4d44,043e7fe1af8d4932a4afff65fc37ba34
case_056,2,problem_2,B,124382,2659604,2881204,2659604,0,,,,2.2293016674438424,93a73fa292ed7cc8253aa3493e906322f729e43afe0481419f19bff8498f0ad2,8c22ca9e4e90caa9e984885c0d7093439037ae37c8e29e787bb67eae15da359c,8c1468461527468990a36d865d40ff82
case_056,3,problem_2,B,85144,3097618,3319218,3097618,0,,,,3.2566593065864886,3a81d9ad7eb37bcad1aadf18012a6a7df7e767d03f2784f340bf2f976f4819c6,14f79067a7cec5c2d55f7e9daf9e7dc9f805722b600e636cb8f09fad848670a1,a0c1e00962794f1bb19f4e8fa3cf734e
case_056,4,problem_2,B,73408,3418248,3639848,3418248,0,,,,3.7773130993897124,49884cb3caee9b389b2ddf2ef449c7846ec516da9bd71bf93c221d51f89bdbe5,5d2379e95335a2302468ec4901df502eaf13fda74acf12629968ff5500a66696,dfca4ba26aa74ec890e469697d0d9fb7
case_056,5,problem_2,B,73408,3418248,3639848,3418248,0,,,,3.7773130993897124,7dc71affbe7984eb30eab7179fb584e02c8f666d88de358658918dda154614ac,9b195a311433303a0ba714db6d4f018299c0754a62722265c4bcc255d7e865ba,d2af6773ccc948359961005859aabbe3
case_056,1,singlecore,,277285,0,221600,0,0,,,,1.0,,6649f1e67c03769f3244a468a4d10a1820521d2b962afcc81bfff84feb7edbbe,4f0bba2f6c7b4622a3a132188c4d5e60
case_057,2,problem_2,B,29953,0,342460,0,0,,,,1.9939905852502253,464b1eb17a503313e0daf0ce1b2c1c65cacd8ad0fc2674ae99e6792544e41792,d59655a8516c061f64bd6fb02fdeee69ee94724cdfee797de0daba1f15b2d715,b3c67dc6bd7f461fb17b8bcb3d8bb214
case_057,3,problem_2,B,20715,4096,346556,4096,0,,,,2.88322471638909,3e4697117c15ec85a25a2d90a1db1badb579395cefd5cf8e68b45a770d51d789,f24520373862d553469a9625d95992c410c4a02561b62ab8df846a13c0569d4d,2a114c247612406592b48dd6a17fc890
case_057,4,problem_2,B,16485,13824,356284,13824,0,,,,3.6230512587200487,3d0cdd3cd5504bbf325ab4cb05996a64027f1627d4d53bac43e933948dab504a,65ea42009a6eb7869915d7733acc2199b1088d146653bb94bd9e00e77b96436a,c31e73d3765240069fddb72b0b7f7702
case_057,5,problem_2,B,14028,0,342460,0,0,,,,4.257627601938979,bc5d5ae1d81deb9da27e2939ddec11fcea1c0eb6f5b205c0f8b2c8ae1464bb85,6dc7d00c01f89da27f879c5c640775a835c595a8e573ec8b7e70fe80ee435aa7,ef29cc0419b84967b160140d11a5dcdb
case_057,1,singlecore,,59726,94216,436676,0,94216,,,,1.0,,5c2ad40366688fe3adb5f3a0290b32aa57f9af8d7650a7799b6bd3c172964f2f,5065384299724a8bbe1f71bed0e0a654
case_058,2,problem_2,B,2184684,66596864,74264576,42135552,24461312,,,,2.077974205880576,351833f04b634ac075155f1e29d161b0f126fb8200d9b6425d19b852aaa701ab,eb67d38b97190d71af75ec159cb05e149360745e81c0c6a590dd700bb975fecc,a43a8435ce0d4b1d920cbf002441de7d
case_058,3,problem_2,B,1459887,22265856,29933568,9191424,13074432,,,,3.1096358827772286,ef8fcd482c6486ecdb6d79bed6333edbfd8dd2fec565ef0b868be89cf0a1f50a,b4f24efe5b1ea3246f31c6c5555e76eb3a178f97d11cb01e7b481880f43df736,fcf5caed640e4c9f9aad998c4e6b1de7
case_058,4,problem_2,B,1154519,42622976,50290688,19869696,22753280,,,,3.9321284448328697,d32eac5502d5d92b8c85e7242a16113138702872dc8c0e93143fdf87a0815581,17b43c3f9a28c02045ab4a899e6ee4fe03c8519d6d38360e8dda7304cd6f1589,d321be64c5804b3a964c654998a315a4
case_058,5,problem_2,B,879159,18382848,26050560,18382848,0,,,,5.163704176377652,675fbabb24548f704071e150b45ad52b63e03a1ab8e7f3c3950767567d3c3749,2315207a1e73c3a97fcd18e1443341936347d65713087593e925d7dc6329f5ab,89ffb6d30a2f4d6d8db6de23933f14e4
case_058,1,singlecore,,4539717,28696576,36364288,0,28696576,,,,1.0,,559761eb52e2dd585417532dee6147f96580e1f33902b7faba0423f16ff97612,134c9b1bd12741baa52dae05ed6cc9fc
case_059,2,problem_2,B,369318,360448,1703936,360448,0,,,,2.2459587672412393,8eaba9e69d08d1955b9d2a7b234642268e4937a1a768ef9c1117afdab050e589,f7ea2454619058d6aa55ec4e69f0bded805434b12312a7657ab2452dd51376ca,b2e73042145340e780a37fa6a51f0910
case_059,3,problem_2,B,247379,12828672,14172160,12828672,0,,,,3.3530453272104745,0cfddfd41a947e7f0630ffa1d774bbe2721e9c09f4c113aa21855d5836a48914,7c0b48d7521366785b6d366cccf0b4c7d10f9891206b909a18d0750b9facc3cf,dd48d41f8f494db7b03f46b81350e7e7
case_059,4,problem_2,B,185216,1081344,2424832,1081344,0,,,,4.478408992743607,ff06bf874298ab20679fea9ab0c26c581cc67ac216f1faaff03b35c12c97c9c8,8115a038ae54fb592275d70ece7e26c37335904812345474feeed134f5318eff,638bb532245e4628a51de851191bab06
case_059,5,problem_2,B,159755,5181440,6524928,5181440,0,,,,5.192156740008137,16c4735af8a52619f05bdc3af8087d4b2b80f0f7eb564a5b1a20312f3f13697f,76be6f3755e27e8533b1ebf668e294d192262aae3b2344094058f1f2d65702a4,a04129adbd304b1899eb115dc72d4c8e
case_059,1,singlecore,,829473,1691648,3035136,0,1691648,,,,1.0,,480770a7b5208045bb116d1c0e616b004e5e0567a8031a2ddab8f467972b77e5,86e9437c39494fec955ebf450076daf4
case_060,2,problem_2,B,376833,8776014,10875020,8736078,39936,,,,2.3585752840117507,b88e6e6cb1ed280110930d322fb1870ccff2a9e2be5a8ad1321f910581f69b77,175f9e087982918234f1f7bf463ca77abebf440491d677a906e467c5d87ff369,cfb9f80efb4c4d0ebe99ec60c97d57b9
case_060,3,problem_2,B,294425,1824900,3923906,1177728,647172,,,,3.018728029209476,5fd49a2d2629a393defdca939df0a85222513a0c7e98509f6371334d98656664,8e526a781f30ae381fb9acd9bc32a709660c27ea02562ab8a484a69dc28a8aa3,857c0ca1336b45d48f304f9e1cc059e2
case_060,4,problem_2,B,226245,2412548,4511554,1937408,475140,,,,3.9284359875356363,a5e3c074222d1b7cac21b2c6de1abdcd5a7696594e1e56ab55ebb283ddccc5c2,d0b4d510a8b358c9b0288057c24055dd1d91a907dd0117a149188d802f25b576,c723dd433e604d1aa0191acfda9d0989
case_060,5,problem_2,B,190588,3975300,6074306,2283648,1691652,,,,4.663404831363989,a87d9bd98dffc918b0c12d3dd744574132f2782d7a5a74e0621053a22ef834d4,8e05446e12cd73babc32757b54e3bd093d3b320c07f0ada3d32b1fa85fe0063f,df4f4e77cf8d44a38d261009d25c0b31
case_060,1,singlecore,,888789,2068520,4167526,0,2068520,,,,1.0,,b5c4063f68d91969c6b2de7d7bad2a4f8ff755e19cf374abf5e7ff33d1ff111d,c5aaaaf85fc845f39670c28dac845f43
case_061,2,problem_2,B,37451,541718,1085906,541718,0,,,,2.0611198632880297,c06ac65eb1d085e52cb683901dd1dce73847204806d3ae9ceb12ea218fda2bbe,331d7b93d726a747d053be5d873f55ff10ab9651391aa66a6afee7766e24a77d,c0ec862fb24c44c5848ca4be4d64bd27
case_061,3,problem_2,B,27143,681048,1225236,681048,0,,,,2.843863979663265,cdfcab50e0f78fa176e8bd40215d6e6b6cf663d2959c0b7fe3ed85fc8f6880de,80e047405ac6b672e6621e7f1be0a7d80ff49d09f136e15304d2e4e95c065cbf,3ea91fa5f9694bc5bbae505ec771b208
case_061,4,problem_2,B,22111,38400,582588,38400,0,,,,3.491067794310524,f22351f8465adeb2f932d3e2d1d1d0596fbc3263ff33a1852bfd057fd1ef1986,c8ded7e9a4bb49f746363ec0fa5b1f389a7d9f92b29603496d04a295bb8cae5c,6f7add6f61014c1896cab2f84957d351
case_061,5,problem_2,B,18871,71168,615356,71168,0,,,,4.0904562556303325,80aeec6ca6593ec0af6a86b170119b0e0f6f8624842d583feda314c2b6be87c2,dd5745d5ae04c28f69c70a07eb8f6c52a858bad3adb87347ec885962ed3646c2,a9ae2e2b6a354b4c9281f89748570de5
case_061,1,singlecore,,77191,0,544188,0,0,,,,1.0,,82d6f17c29c522807455d97670ae5aa0e25798f6d887549a75c515abe487ece0,0f770e9c5e4f45c98e149e74a33736d4
case_062,2,problem_2,B,1427992,3357696,16759296,3357696,0,,,,1.9991771662586344,cd6a30982bf9f766177b49b9e5938cf142db6e7fd8326faaea3e75a0cb2f8c54,2f547b783f8fa199de08717caebff56eb8a21b06f1199bdcd5ff3a17329c378e,b1197c6322e44c2a90aa3eaedd906470
case_062,3,problem_2,B,952703,5569536,18971136,5569536,0,,,,2.996536171293677,02f6c7a711f5aa8dc34706be5434d6401001125eb7633369e0811a719189b0fe,f1570ffbe03885c1e02dad3826e5d3c6b03412b46c70887c86b62e0a41b4a954,85c03476577e40189d21a93269bdd9c7
case_062,4,problem_2,B,715302,5028864,18430464,5028864,0,,,,3.9910541281864162,b8dea3e61287b29f825302d7213eefce31c832cca4730fff66ebd9a02bec31a9,8904f4b090b5dabc90aa0b5dfd17199559db3e5b380fc4f4b36ce5cb0d479f33,567ca20719ca4f44b40740f3d32a7ab9
case_062,5,problem_2,B,572833,6122496,19524096,6122496,0,,,,4.983667142081549,990ef66e39797917680a0a82af6053670467250f2eff0f8fea5c38b986d140a0,2f75187213e9c3258f423c5ae9cace14290f3ec83aaf8cfffc716382064afb3a,12f91f2f4e04409fa25c56ad0ac128bf
case_062,1,singlecore,,2854809,0,13401600,0,0,,,,1.0,,f1cf79eedf5c61bcfb56fd60030d684f5c67b13542d9297bfcebfcce429e5989,fbbb32a528844121a460ecf345023343
case_063,2,problem_2,B,535972,1271808,6292992,1271808,0,,,,1.9971136551909427,cd277d16e58f55da337897e0a1e3d9fd2ed7fa1df290b7f8bad9427679c5783c,7ddab41df2c7710063377f275f0ab0ded8bac1292df7276d4b6a5583264af4ea,6d1c31eaab9144808d9289a581847197
case_063,3,problem_2,B,358151,2073600,7094784,2073600,0,,,,2.9886751677365133,30e5a899b7ce872a6fc4863a572a89a10023420f1def348e28bb4f3e027a04aa,ba1bc93948c1a648a81685c79effe8929c42fe349be1eb2916fee4e184787e7b,7dd5245630eb4d518d52e34e837c311f
case_063,4,problem_2,B,269310,1886208,6907392,1886208,0,,,,3.974590620474546,8dde5f6d26a990545c1975ff3f07edeaddbcd9ff9973d2851f8e07d0b2bb4bb1,af2535a4a1bbed023cfe65310893c5bdac21d1206ed1bc7078e9585ef3e30f6a,b944b307c9984a39a33177d0e65a4b4f
case_063,5,problem_2,B,215955,2291712,7312896,2291712,0,,,,4.956574286309648,1984b8456c0d236349a9f1a28d4c08e99dfb7cc29eb0a21ea6c73a2c256f6c9f,11a0f72a937fc2cdd9a3438a9e9801f717c4d9962614f0947af5b98ce2ccf79a,c3c30a0d471c4ca38c57e2bb4ec7fcda
case_063,1,singlecore,,1070397,0,5021184,0,0,,,,1.0,,30df766aa24c6a6d5cafabeddadda8499bdd0664bc4acd0103f3f71d6e88abde,186742ce0cf74b2f9a510f350e802b3c
case_064,2,problem_2,B,9814,79686,117100,79686,0,,,,1.947829631139189,9ed9106b270556b85b7078a02c4a450ca2ca0b728ec376f0f6ec7e05bd541cad,a3958e3ad686310bcfff5a93912ead353dc4040cf088cde6d2474d8dfcf12588,ef45360d85204d3ca781ccc6f8c3e871
case_064,3,problem_2,B,9485,102216,139630,102216,0,,,,2.015392725355825,5bb753b7afed11c3312121c6af15e6486c54895d4596b7682b9028e52d60b485,fb6b844f858586faa3667767a6f8f32cffcff27372640b2144d0f6d3d4feaf54,fa4b375730d94eeaa353e6c09ad48c5f
case_064,4,problem_2,B,9485,102216,139630,102216,0,,,,2.015392725355825,4408166c840ece309af5bff20e84da296762775f878e4ee6b7068493f978ccaa,e068504cbf794ba735c065422ed6a1646658e091d96b7cf3c576ad925ea73e78,e04b0ef2f287444094ea3bb0ac6e67cf
case_064,5,problem_2,B,8621,121682,159096,121682,0,,,,2.2173761744577196,9ca95766563bfdd16f847ab3eb3a101f42c8e50b73c26670239dcb21883401c4,8c597a4c0abe13ae1cd80a9cdef874f848264a03eabfea9d4dde9be2bc92ae6e,9f6a2fe28e424d98830deba1f652f23d
case_064,1,singlecore,,19116,0,37414,0,0,,,,1.0,,240a17364d216e42c3c18c2736a1ae7b00db97b452d272ee1f91ff90372febf6,8edba030b1ee4ed7a583b75f3de2d91b
case_065,2,problem_2,B,17481,257800,574002,257800,0,,,,3.0357531033693723,a11dfa5c474b9e5e6c28240276fb219139e86fae10cbcd82c382c638062bf1e8,5e0e17a3547a1476a8a66b387152a10d2ca930d20acce06c1ecf7b16d1b9bd04,90989f4e8d544183bc9c6e984e056451
case_065,3,problem_2,B,13519,339688,655890,339688,0,,,,3.925438272061543,a361ed842d5d51e780c65f9036428810ce31245db8382e0db56750e851619d42,afa4bd81c2c7bd00ef7a925c81c038a7e56bf53e2dc3088d11e0315394f74822,c2cc35ee09b64d59b770d799cbee9a5d
case_065,4,problem_2,B,13519,339688,655890,339688,0,,,,3.925438272061543,8e7885f733d70f1cacca3bce0726b9df680fc5ee3e65e60755b1b64f96de1f32,3f0cc4e7030058a4e7cd057fc9d1dc5f191512458a9cc4b487f4948804af5775,4004cafea3d54659ba71f23707e01a32
case_065,5,problem_2,B,11027,55296,371498,55296,0,,,,4.812551011154439,3c7916a8c7b16e0ead05a25a7af625eb768362e87b8d12b3c7bd5e41a6474fba,198706de77ff2ba5c9c4c8e5400b4bcfe5f9c74e9c66aeb132538a7cbeaaeb93,e821cafb73ee42eda18310ffca9aa411
case_065,1,singlecore,,53068,0,316202,0,0,,,,1.0,,17abf89c9c04f442242e29c89d1b1377018ac19161af064a997b63b7d599c3fb,545ceaf0ad014d25a7251bf9f9f1a2ed
case_066,2,problem_2,B,149162,2842576,3949610,2842576,0,,,,2.407248494924981,e2fb10cb49298af7cb3e1994ebefca2e513e1b59f998255463cd98d6fa3580e3,a4454f47506df301c6e99d6e5528d35e132c23e6560a0c9d767ab337d7d2fde8,71cfd818668943beb64ead4e526f5938
case_066,3,problem_2,B,111674,2851806,3958840,2851806,0,,,,3.215341082078192,ec4d94d7f361a195d278bfae0110624b44b82126b85f3690eba1438d3ffc6347,b981fcdad66f24c6ec9ad3eee3fec91b0ebbcb596c69b5b9a09cb884094f0604,f043e3756f7842adb9c93dc6ec9b06d0
case_066,4,problem_2,B,95752,3420774,4527808,3420774,0,,,,3.75,f1778c6e48d64fa3dcf8dff834db488e7a03d7d6c3404ef4a4696e4ed367b813,a093fe0c2d439e1fa454916b776fee35f40f9d22e4f08ff8c3c9deb4f3e8b2a4,33e70b5c7a594817bed386750495b3f3
case_066,5,problem_2,B,95752,3420774,4527808,3420774,0,,,,3.75,96d7f37414f45c58b9da83c5eedf75df70b5a009862858cbeef3e4378a633fcb,1839e2ec324a67ea15e52781e2fe037a6621bae4b0d54488dd46469f0862a8f8,49eeaf2dc2e24bcd8f6ee96ae9ccb177
case_066,1,singlecore,,359070,0,1107034,0,0,,,,1.0,,ef7a553ea29bb2c6199d2216012d108afefb2cf29ec15310d53d90bf82f3b74d,279d7d879dd44fb095d16fdf62587b1b
case_067,2,problem_2,B,29822289,44960128,51008256,35162496,9797632,,,,2.140507524422421,f4032fef346446525af9240c9366cdb3c1755c3b7c99f7ae4aef80ecbc0b817c,ce191f9f98c626b3d1a80b302eb5a17d004e561b1cedead59416ec464caf4c8a,b8613f9c198d4a90a3a127e3966c8e57
case_067,3,problem_2,B,19739836,50023168,56071296,46058240,3964928,,,,3.233807717551453,00a1991fcbc17590001cd0b0bba547e679f34ab5341a08e5ee10e22fcf34634f,9118c0b371d81418b268c0e61ada71d26219f090870046414f04bf1e4c407b10,57b4af7d79e241a5adcc1e47124b80f8
case_067,4,problem_2,B,14823580,55934080,61982208,53353600,2580480,,,,4.306303470551648,b2187e16d7f2ca669d2a22b56848cb40c58b82cdcdfbde48803c589ba290aadf,8eee56e66c627e744477f59e273fabbb2bb3b676648b171b684d6a002a095e4a,954ecc98a5344fffbf26d39dfb203871
case_067,5,problem_2,B,11879305,61924864,67972992,61924864,0,,,,5.373616890887135,10b274eb0e926d480c831512c29b9af477159a7d85b723b272fe6fe5a2b9c4dc,ae924561f89977dbe1e2a2a3e343380737f063a97290ef5775bfa8d5443a02ac,fa5ba7ec4bda495c835ee7f1a8c66b53
case_067,1,singlecore,,63834834,264449408,270497536,0,264449408,,,,1.0,,77ddbe14ee5a68aa72557b21b0d5f649f08ccdba4dd55afff6b8e6a3d93adc9e,7454194de13e4d32a7ae27bf02c6929d
case_068,2,problem_2,B,147911,2255574,5026824,2255574,0,,,,2.4480599820162126,31a797b414e29fa8fdb45f17f556299200f8daf421840263b0cd5b78f24b5f6b,646e0d10ee397045f8c73c2a9c79c0b9c3ff30466c2eb23fec3a4e6c91236463,7dd353b222814c08bb79f374cf6482db
case_068,3,problem_2,B,124955,3397204,6168454,3397204,0,,,,2.897803209155296,8535b648a10513de07d09c03c028ad7ad12f51d16d80f98bf6f1f34cbe678ca7,185fc555b8bb1f9a8471ed2a92ff62bd7f5da0bbc71cb0579710c8f730f84a3a,fd02f83907f74149a3b5af7dc664e7bb
case_068,4,problem_2,B,124955,3397204,6168454,3397204,0,,,,2.897803209155296,f751fad65de26d8dd52d6d3708e550062fbc466f7c80944b3ee2f1d970eda5d7,43b9d4d5382da82ec5ec7f72b8f1f994682a61d06d7baf3a4c845f4506be93f6,16a703c028cb499a80d4bb3989cd18d7
case_068,5,problem_2,B,124955,3397204,6168454,3397204,0,,,,2.897803209155296,5d97345886d41270d1dcfc44b7a20f362d61a1b9ca2eb64f8a55cfc481e3bdc1,aa3cbc65594baeea0f061a56e5cb2905238459674556cca0178112cc7f0994c2,14f5a1de9c1343b6853c08120149cd2c
case_068,1,singlecore,,362095,0,2771250,0,0,,,,1.0,,009d361b15a9f18337cb71dd4979a35c8931af842e80e1d7d26fe1816ae798c0,b3eb51b4615b4107a8a18a705ce5d1bb
case_069,2,problem_2,B,11734,253156,379210,253156,0,,,,2.1428327935912734,bec6958d1d5d65028d72d71cc33bea7ba9c7eb1e183511c5d918306c2e3c86b7,cb38870e0f5a5161b10dd398d2bcc47e104542a63aae3ee9ba9553403a988932,9451b8dfd0eb4566beaa3b3e50349d74
case_069,3,problem_2,B,10509,343082,469136,343082,0,,,,2.392615853078314,efcab2b2e754385ec77d1a700051c97eb5c024d553f8f0a0ecd78298408c2417,7cd4f00e18cba2566a82e1fb85b544a4a7e89104abfc90726ef19b29901ea137,0fa9293872c240a39b3eedfbc3dc48c0
case_069,4,problem_2,B,10509,343082,469136,343082,0,,,,2.392615853078314,1b6172977e3f5ef38759e716e05f07d249b898eddfcf5c8b2895e35392c2ea13,2e71201aed794cf36d217193cdea20e700955f2f537806587cc7100848ce5285,56fd3f0c5c6340ad93a13b899271f856
case_069,5,problem_2,B,10509,343082,469136,343082,0,,,,2.392615853078314,de8cf476324702ed7e7736ceda5bcf5d876ff7ab05fa4d747fae745966efe44c,187901f1f6581528538871b59d43b758a42310ac3aa75bfe2526f8254bc30bcf,b5879a740e40466993fb2e5b131b7145
case_069,1,singlecore,,25144,0,126054,0,0,,,,1.0,,5a60aaeda0ab24464e90f758e2bc4a36b3547054a59f9c707eba5d8dfd4da6d8,7c0f18642dcc4322bb8e059d9798d030
case_070,2,problem_2,B,47799,742102,1162066,742102,0,,,,2.45402623485847,492c61a5ff373955f4a006ffadd65925d5d78f0914d5ae0443139179f75fe5c3,0194c1a248ec85c9590affe0bff885e5e9955e1a685a092661033648806c3852,7e7c10c98a2847d28a60b97e1279750b
case_070,3,problem_2,B,34549,921450,1341414,921450,0,,,,3.3951778633245535,ecd0960b4d36ece721dfbb92d9f8ca46cb3441ed1872d7c199fbbd0dab6271c5,3efbd92da411f03e4ebf5b93264674e7692863174a291d6d8580487c3963ba47,892df5e04989462988e73865e90c13dd
case_070,4,problem_2,B,30051,1161162,1581126,1161162,0,,,,3.903364280722771,372f47566942c9b99ba8a1815269fc2dae144b973a5cec54f8f31cb1aa1ebe10,7d17b72d2200b4e9f54202fba73b32454dd1a4365452a4192500b99b2d300824,d2bb77e2a4d344478059b89ef0d0e69c
case_070,5,problem_2,B,25376,476808,896772,476808,0,,,,4.622477931904162,887431c5b41d32d9fc3ee83a76d0b59a02a79aeab66a56978708fbf01f87f674,f3df1b386627a574735812fb2710be9d085faafa59508bf763f2377bdd0d711f,afe332a2fec9475bb3c1190fe7197b93
case_070,1,singlecore,,117300,0,419964,0,0,,,,1.0,,1708562d4730dad4dca3463b5418b6c7a4dd4ad78cc8784767729b98aecf0f40,e57e28f91cdb487595739e14938ba7dd
case_071,2,problem_2,B,9192,197158,318604,197158,0,,,,2.058202785030461,aadc34329667a9b305048e1a47ce6acec77133b76184764d4c9d36c0a48a1ef4,cd2c8b6e3ec02418ed7f2182316cbef584da87010d56afde609c8d66c99ca81c,4904e397e94c4fd9a4dd258a973062b5
case_071,3,problem_2,B,8509,217066,338512,217066,0,,,,2.2234105065225056,c59fa65b1f8b800a72c2fa97bdcf3c3d4cc4d31fabcc3bde4bf2173e2f470004,ab12b551be8f69231d1c83f2262fbefc525af6b8db55e1c3dacbdb32448898d4,f16afe5f5e5e4e51a8c3a70556ca0c39
case_071,4,problem_2,B,8509,217066,338512,217066,0,,,,2.2234105065225056,e8e94f2a3cf08eda24affb585d44c987301d763c8b35a496a417419e8c1b9365,ea59f523cd168ac08eee85b8d77116839994d5068ca3501203a11aef566de69e,96aca1fd51b640cdad0931f765c84c56
case_071,5,problem_2,B,8509,217066,338512,217066,0,,,,2.2234105065225056,ce9a0c1dbcf558879928c6c121dca2c7150dcbf000a2f7beb205f525007ad175,1520fe939cc7882e0c8d5c1da4b5b50548b9ed50dec546b46e47d08685cd52b8,be18d4ab7bcd4921832c9410f785b212
case_071,1,singlecore,,18919,0,121446,0,0,,,,1.0,,d4b25d17bafdc52e6eaf11a41bcdb5e2045ad99c36fd98229dcaae7e6e01b422,cff4c9ea667048c589b7516639e1cbb7
case_072,2,problem_2,B,11723320,199556710,210659894,131531750,68024960,,,,2.0384863673430393,7271a3bf46bca595cde0bc2970c5133d5d2db77bd44241c9aa9969ca7a3c86ad,435aebf04f87b17c2ea1e54cb4c43b0847befb69dd3e8565f3ccce0c0742a598,9de86cb8018741b28545db33cdee6634
case_072,3,problem_2,B,7879647,202307116,213410300,119296620,83010496,,,,3.0328551520137896,4519a220946f68ec18245436fe4a802738ad5ba3e8671659ca424b3219649f49,79027ce606c7848645eca1c7442d500a9c0cb2279de50a341b3068937b60d8ea,bf45b145d66c48e0a50b758e6a80611e
case_072,4,problem_2,B,5945017,208854510,219957694,163269422,45585088,,,,4.019808185577939,a5e8cdae020ea799d1c5596aa58018f03ca2929313d6fa6a070caaf28f78876c,49835a32bf20f1d8cdd760387412cc64b0f4957a9bce08ba3a6a70d2791670ec,ac5532bd5bdb43d0b3d22b2f1ab70081
case_072,5,problem_2,B,4892983,78521836,89625020,36591908,41929928,,,,4.884101988500675,231264074d02e70e99137e3b9a99b2e4850c21a3b5e22e34f9796215e5d23baf,290a38c7a78f5cbe39512938a0730a5cc2ab2268ea701fb27e951e711071409b,a30c4883da36455d9e9f1ed34221c843
case_072,1,singlecore,,23897828,108613680,119716864,0,108613680,,,,1.0,,5bc747bd546f1d60b49c242d29297398226143897455b3a1eec9d76575a790e8,839303bd65454506b312789ffe3f2248
case_073,2,problem_2,B,4151236,8075648,12116736,8075648,0,,,,2.428584161440111,619e34dd0bc495efbbeaa65614b1f7fbb4d6f812007318f906e4967f12e581e4,62248b54145515d975ea1a7c486a21d4d4db6f9c3401d3ad386daeced775f26b,c09ed527f9a44a50884cd7ffcfe71d21
case_073,3,problem_2,B,2854038,7443200,11484288,7443200,0,,,,3.532407767520965,b636b2b157928352aeb233f179f34c4bcbee67368b5d97bec860d5a90f9f8514,9c851cd96735dcfda21070ee986b4dd6060df6b8c413277f77f13254b7bbcc27,92851d0b21af44a5a681145361ce36cf
case_073,4,problem_2,B,2140770,16964736,21005824,16964736,0,,,,4.709345702714444,d7e68431bc0f9ff82505d1fe83b428e6e76e16df0b47e213724a3d52a86c6ba6,93a93d058a91fd15362a23586351d1fbceaccbc0605c3a5455abffce8b5a2743,ca0c4cb32bd947e2ba3d016c9f8d5248
case_073,5,problem_2,B,1726346,19780608,23821696,19780608,0,,,,5.839864082866355,db649e2a8c83aea4b73aed9cdd3062663ee9eecc4ee62927418710cfbdd98c7e,c691cfb5e885ac85d4468d5d9cba50d19f487edf5803aff9523bc67e338cb39f,4fea5d34ca4b4977a107b4d7cf4713e9
case_073,1,singlecore,,10081626,141570432,145611520,0,141570432,,,,1.0,,1544f3a320f92b2c64a4baf92f5668ec84327791083d0f924886ad332d0f7994,3c5081b0e971418899450dfd628c0d47
case_074,2,problem_2,B,816880,15769900,19546628,15212844,557056,,,,2.059346538047204,47b95467c783e70377e92c808cffd99c8b41995ce070152791b58c2a46a88160,28612209852fe154d07f39111f347882ddac8197786fb3c4d9be872a1d758917,18603499b61f4f2592da78475adb1f74
case_074,3,problem_2,B,565290,17555912,21332640,17498568,57344,,,,2.975886713014559,971ad2759f2d61b5df8e814c12703162ef6872728ccf89b031b5d0e33029045b,42fbad74ea26f197f326c7072f12d847b748b3c55052711ef83580cd9e0ae7ef,ca6ab9d516de4b8197b66b60f03ad250
case_074,4,problem_2,B,433758,19128758,22905486,19128758,0,,,,3.878289276509021,caded44f047cee4f38b0efd9d1c21913bf09a84f40e4159c4b517eb4535640e1,98ea2971275576249b0c4fd8e4db73a7e16e7165d1bdc9d63352f32d519d4a0d,6ac72e6c1601450b99a333836605aeac
case_074,5,problem_2,B,344307,8089600,11866328,6168576,1921024,,,,4.885869296877496,545ff9816e4ba26a4c7ffba20eca7221f2c2537f5819d58a9e26c95d9d305a21,8c9953294898370ade5dcecf528c197448a10a722ff8f3799cb5af3f0e474bbc,1428d831d0a841998a990425251302f1
case_074,1,singlecore,,1682239,6070280,9847008,0,6070280,,,,1.0,,722ea68cb7cb8d58ae153ab4d09e1a05405aca191ed2cbdc536c8a519487b81f,beba9bf26dc04ec6bcee23ea560f156b
case_075,2,problem_2,B,580162,5410790,7247980,5410790,0,,,,2.4851834487608633,c1a57e2bc8e133d2f2d0477c93c0ddade5c73b32f003c9786117d0408feb1b76,7df35153255154c394044e0f1451de16485c27dca7b8c146f6461b30199827df,662d6d6dd416461bb61e71fc5e83d866
case_075,3,problem_2,B,429327,8903660,10740850,8903660,0,,,,3.3583003165419365,d42b7cfb5626d04efff95d817e9426c1e580fd375959719781b95bb227ffcb60,7fab609a505d6de2e758e212df050b552ddf107cf4398334bc2b92ffcd61c272,91fd8f40349048f29c5172197d20c70c
case_075,4,problem_2,B,355992,8691410,10528600,8691410,0,,,,4.050116294748197,5c4c6860d06c07b7f9631524bad85da62a593f618915cef109baea9186c0203a,9dd9523daff56767c8c7f510168af1a0d7b4a7ca9ebc35921db3cac2c88cb584,5638b435585b4f10924429764e092ff9
case_075,5,problem_2,B,330415,9606936,11444126,9606936,0,,,,4.36363058577849,448c3542a333f1d139025efe7b0057e69cc317ff3a495c8783c32b08aafe8582,df926c463d6670dbe20e28fee5dcff533ea0547f8bbeb7a03e0e52bb0fcf5f4d,3c856bfcd4e9406493a33bf2d8849822
case_075,1,singlecore,,1441809,0,1837190,0,0,,,,1.0,,6bc667bdb1bed8bd026ba0d2dfe17e1dbef0ef3fea1edba08cbea22ed96238f5,bcd6ce1c29e045af98092bed4ca9704f
case_076,2,problem_2,B,3108904,88571916,92842590,70198284,18373632,,,,1.9894834321034036,4cc21b5d40956222420113ce2eb1f4176bed637357da4f9c55b4d5de0c1c1b6b,57baf09cf0c30d91c144122fdb142a1e8e1a57a5e0ac6ff044261280de1f162d,e8511e8050df4e7cbd6a36cb6cc5d888
case_076,3,problem_2,B,2114960,25190408,29461082,8149000,17041408,,,,2.9244586186027157,c3bb2616a515f04254404622ae99daff32fac0c0db9e64346047f76b2a62df5e,27974e1f743227c1589a8a8dd42a5f83c2271e405d16eace66094a3c682c06a4,93419a97357f40149e2f971cf2762e18
case_076,4,problem_2,B,1581422,26377228,30647902,12223500,14153728,,,,3.9111084833776184,993d74dc9ea42f256de56cbf499a8a14b1079d19e94c87128516950cb65a0bf4,27b9fdcb11866fb4a4dbd7b9fbca89d5cd712c664ac6fe435ebcae3f29b5d5aa,9f050c928db04d33a33611d45ab25600
case_076,5,problem_2,B,1276942,28727308,32997982,16297996,12429312,,,,4.843691412765811,b49c8c5de4fa60c831a48df6d566d63fdfc1aa7d850e65ca7b3902cf0a55fab4,999ac2896676d868f1d6f4cfbf202637667f53d3f74a92c7fca21a220a99c735,d8c15dd5c5804aaaaf508cb250f973f6
case_076,1,singlecore,,6185113,28280832,32551506,0,28280832,,,,1.0,,df8b5b9ba0d2618395e0ecf4cdb07f18e3b05b0fc939b54c636ffe397b8093dd,5d887da22127446b8c1a7ddab694d495
case_077,2,problem_2,B,220782,2818480,4959840,2818480,0,,,,2.2434799938400776,b0a32b9fec6e25de51469df4ee17c0cdb4743f8e10206e42434a7a3b9bdf5801,3fea3d1d92d7eda5b9cfe063322c35413fde6124e4fc41bdfc427aaa35bd6274,0cdde2fb9e02435e9aa368a20edc53f3
case_077,3,problem_2,B,156091,3690188,5831548,3690188,0,,,,3.173277126804236,7b3f744bd372cb50dec1dbad8971564052782629804246fbec3e55cd382e8fa6,88907e3386da532c677b3eb4eff5e02b9e23c5e3f8b28d82ed2f58daf31e2932,41981bad78da4d2f9b341d1242cc3b2c
case_077,4,problem_2,B,126794,398350,2539710,398350,0,,,,3.9064939981387132,e7d64dbc47c2cdf5c6d31dbaa2ba1cdb9226131acb2735d0716c15676ca660e4,9d5aaea6d3796d6715a8a2e8d67859694211a0ec9e562a6488fa9782cce62f47,006c511d721d42799c363b44f75e6a92
case_077,5,problem_2,B,116609,172032,2313392,172032,0,,,,4.247699577219597,910b636647b4eaba3a6b17597d2e362eacc8b82e035f52636421f0f5d4ca8ff0,4e1ef40dd87ffa35cacc87071d41db2dca4caa66f39142f1769796df8d096d83,52029ea08e764175b44384614b74d7f8
case_077,1,singlecore,,495320,0,2141360,0,0,,,,1.0,,23cbd0c00e68d4dd7e40dfa123269a6cf96fd81a5a6f16f2a198a54f05d91992,076a7bdcaa9b48bca55835664ed654ee
case_078,2,problem_2,B,1020602,3070080,5415168,3070080,0,,,,2.2497927693655315,85bda65e268303a5c9ab0de17e1ad3c81165aaa69c67db1aadb05ac68d052532,0554cc3506252d00369067f6cf7ef31a9e9647ef511ae6a3e57eeae7182aa853,184959445e2340ec99953d767407444a
case_078,3,problem_2,B,685213,7705344,10050432,7705344,0,,,,3.350991589476557,3336c57f099e2143c172b47611c61b70d0df919e9a2f074ed813018ac712700a,dc7765b2b6e8fdfce5cb14e4a4054bd3c143cd48a09dcb05f56b50466c75b099,e9c4729c8c96405ab3ca91c806a32d0a
case_078,4,problem_2,B,515221,7124352,9469440,7124352,0,,,,4.45661764563168,d81c356430992cbfc1d9c0e04fe087e2ed0d31c7bf4715bb6a09df75b93119e2,db1c5911a08f6c5d89ba40b0e662c250b80c24c2d2588f965924c1f130167c11,d9d911594df1476e95d0c59baea841a9
case_078,5,problem_2,B,471806,13320192,15665280,13320192,0,,,,4.866710046078261,6700a75d5956ef6f7c69a945a0922ff62b02661653d6bc33fefde60e31176716,63d25bc16b8c7717a84c0d16d902a78460b70ef24b7af2824c47f193a93e3407,cede5fe0d5594051a12f0cfeaafb5c17
case_078,1,singlecore,,2296143,12644568,14989656,0,12644568,,,,1.0,,8df3e10acf61559b740dd33bf8774fc7b9089c48459ed64681cfdbad22a843d7,1b093ba0dbce496ba50ea60c5dfcfb6a
case_079,2,problem_2,B,14876282,37376000,46727168,3649536,33726464,,,,2.0873663863053955,77209da568836e9cb1e84ea66c610984294941953676c2e388b6aefa0f14048c,10f29f5a023a0e6d9f67c6fc0319af688854a3be24953b52833c83ba8d2ed5c8,3a92c34e218645728cd6f9967e17b615
case_079,3,problem_2,B,10181692,39960576,49311744,11624448,28336128,,,,3.049812447675691,0d2f93665ffa248cf127e68063dedb0757fa6815fc67be76143802413d181c34,cd744fed980e651c6372f2e59d3e53cbfbc8b72e6420b299114a0e5a8ceb8710,f8b01c8931c54df88832123c604ebec1
case_079,4,problem_2,B,7362092,215199744,224550912,147197952,68001792,,,,4.217856962396015,4caffcd5fb1db95608c368fbd5f2afd1f3798261577fe64e7047fbd2b48ab8d0,c53d4927c7722ae3071a71e407efb597bd3b3cce269e4293bc2fe665a7326ef9,3070716e1786418b86c9d08da6988fa2
case_079,5,problem_2,B,6075832,47677440,57028608,23248896,24428544,,,,5.110781700349845,1207cb655a5030d426177ce0406f10d85597c8f3ba9ce5bd16ecc5487f83f625,542a4d912357e0c0258097b1e0f9466b4aee5c79e3319d384975e9d62cc21cf7,f6e96c73b6824f4281c7778d2c27ad05
case_079,1,singlecore,,31052251,32448512,41799680,0,32448512,,,,1.0,,86d8c0a052609c032d585fee81d05fb89f364f267f0140cbd1b7491219b0b0ac,b52f44e243564d5b89dba7e750e510b9
case_080,2,problem_2,B,145793,3502080,5480448,3502080,0,,,,2.0037861900091225,c8755bad823cb679d57a6503bc85361c6cfa5a4d343fcd24e42f1b16fe8653f8,3867adb24dd19cbeb62e520fe2e8e26a9a6f21e1dbf8eb5e38804a80f48d972c,b63ef6a5433c472caf92df6cb857c6fc
case_080,3,problem_2,B,100325,3047424,5025792,3047424,0,,,,2.9119162721156244,366a7cdbc0c3eb5eaf4d149417aef86c699a9423c49686e9c581d53e902e3089,869b5abdd94d257b482277a0ed56b457bdd1850f61c6f38f5dbbaad3812d84d2,f43b4f46aabe439cad19c6726c87a067
case_080,4,problem_2,B,92555,2699264,4677632,2560000,139264,,,,3.156371886986116,ec96f3c6361f592ba4e0d92d61ade5890938512680d3dfb4bfe60425c750a59e,2464990624badb71354a221c3b3f891b4406fb23bb0f29d64641730b7f4e31b5,c950a68513214c45be834a84f38349b8
case_080,5,problem_2,B,79208,2326528,4304896,2031616,294912,,,,3.6882385617614384,e2cd44d6a4993a6604bd48db1e12f78923797c9e7d9f5b73a1ef5957949fefa5,e1adc7b93b68515da7ae7da2ce314b58287018a384df7984045f06c043934579,5e3591f7b0fe43cb9f21542d8772a480
case_080,1,singlecore,,292138,548864,2527232,0,548864,,,,1.0,,bf1e0f06d1eb49b3d85b33b3c3af09257a498be92aa7b8c0c84b720806029b3a,06555d648d2346fe9d781ccef0a100da
case_081,2,problem_2,B,76044,176486,1917626,80048,96438,,,,1.9961469675451056,aff537bacea434e8e46f3a4d191dd0ea29099ba41bb3d916f1ad27a3fba05f0c,8cb28dda744844977e972e3ce3179985e2b0ddf1f9637bcf5ebdbdbb890ea6e4,9e3c9f410c2e4b7da4be7217de2e9bf1
case_081,3,problem_2,B,51943,104684,1845824,104684,0,,,,2.9223379473653814,973bad837c94cb11cf3f7487f6c448200935e8cfd09ee2ed456a761954621ce6,71d9b5ec2806f095abf726195d97c480c931bae5ace909478dfbcaceceffb6b7,72977b88548c43fb9e6cf6cb3dfe88ab
case_081,4,problem_2,B,39069,26684,1767824,26684,0,,,,3.8853054851672684,94ccc1bbd85aa3731d03cbbaee7c2e3f1840b7c69ce4d96a1e16fca5f1a45442,e5050904c1b22c1018820e7638b3f5a704750efa3b7f8b46144431e843b94206,3901165fde864176a5206ec2c0c4ad06
case_081,5,problem_2,B,30943,0,1741140,0,0,,,,4.905632937982743,b4d23250d0d780766ac14c514754096fb99c028cf2719b6cbc7e47233b9f61e4,5716167798ed28cc015f40b432a0ebd8b93abcc1ec803607bd62be71925ab264,2caf3db58980404f9e4acd46d7156797
case_081,1,singlecore,,151795,0,1741140,0,0,,,,1.0,,b5e35865e3a8be53e3bffc489176352e620be635edc3dc4a0d0cfa5be8d44aed,4f8fbc9900e84de79535cb1136c4f4b1
case_082,2,problem_2,B,302116,3165414,3757420,3165414,0,,,,2.3866362589204146,f8014f4622adceb8e07f621f531d3e4c795a2fe9e3b5c6c1048ac8d72752ab31,03e723e0c52a5f2f7502fbe47a7dc551f14454e9c976ba774e324654f9b99c0f,406ed3094128435c8b062d842ddf6caa
case_082,3,problem_2,B,208436,4483080,5075086,4483080,0,,,,3.4592920608724023,95e2cd113f4a5cf853a09cf00ef1014c03d0c482923ec3050a7a73820ae633b9,340316fff749b7faa6c787070a4e709c84ffc9fe57a2a9f082b86e3fbc652301,dc5bea1b374c453c95d30e885b04bfe1
case_082,4,problem_2,B,171066,5910542,6502548,5910542,0,,,,4.214987197923609,c7968571a63e11d9e0b1180c5c5705625ef2ee7a18f001998ffd05c81dcafb9e,e9242f74885fd2e9d65e4b9dc75ad8b720273cd8a290f180ab0832f6e7c65cf1,1387d2e018a141b7bf1bfe308e5e02a5
case_082,5,problem_2,B,150288,5435992,6027998,5435992,0,,,,4.797728361545832,080e69426368c78484cb06b64a0c8c71cb8f5bfc74e8a0e01b1d0c5b0d890752,57da50f0405f8619e56f7abb1ad4584625d10e56e2f17a01c29eb3fc023b51ee,eda3099f739b44a59df273ede63193e1
case_082,1,singlecore,,721041,0,592006,0,0,,,,1.0,,007cb97140b6c14655cdd0e5f63870b51a9ee66074c2da51ebabb0a8b90bd1fa,8a90bc31ff7a48d18eded04694b72098
case_083,2,problem_2,B,406234,7885408,9323712,7885408,0,,,,2.604393034556438,e0cfa31daaa469b9f1f5f11f483bc7ac7036ec5589767e939a36c426009274a1,67ba84cb70a6264f27ab2324807d6820a93881d46a2ad1a43dc0a87a3e1c66bd,046df3835cfb42679edee6af0dba13d2
case_083,3,problem_2,B,298379,10958016,12396320,10958016,0,,,,3.545802486099893,2e00d3c12f461c3c86ead6f3595003b846f166a8656398c591829dd492298400,8a7d4b66a0c4d145c80e32177b77aa1dbf5c89c934fa91a8501b91b13fc6b8c7,85056d690bd6444eb8e1f88cbb055355
case_083,4,problem_2,B,261387,11469600,12907904,11469600,0,,,,4.047611396129112,dce80b2af7224c0163cea407b4b03597c32a07463358cb6cc556a9029000946f,6ded390c435a1f3ebf6298b732721776215a2159d3eb3b3a2b28ab761106e7e9,3b571444c18d42ab80c05c16dc3dc51f
case_083,5,problem_2,B,261387,11469600,12907904,11469600,0,,,,4.047611396129112,a7fe2d25b7018eb8d72756fac1e61a7622cc7142daf445ec9397df4a37f17194,16537289a730ffa1dbf22de0568870128c81b6d61721ea71f2801aba72cd5e7f,f7eff9ec478c4eff8ab1739d2b7aa25d
case_083,1,singlecore,,1057993,13934688,15372992,0,13934688,,,,1.0,,e68e0d6222a0c46d90b6e9b92f2f76ae8d4cc128316dd325191b11d8a3f4583d,40e24ebb29c24e809dc0b6cd9a2b19cd
case_084,2,problem_2,B,938708,0,13236330,0,0,,,,2.6711309587219882,6b1fa8cc35668e22ece6d1196c31ad081f52c796961a83b1003859992e342a1d,4cca3379bd0e76fa9e184ba93477d0361b7fc2a6678d3b7447e47f01769812b0,a3928845084741f18282e8fc4a7ecdf2
case_084,3,problem_2,B,625716,0,13236330,0,0,,,,4.00726847323706,8036526be5b5294184d02d606109020117b90d23b8e5dcc3a0baa4225bf0081f,bc0ed0035c720b47de24b4791358a94b8df9eae35a9e534bf651063254c5998d,9e823989d9d14330a9026f56e6f9600f
case_084,4,problem_2,B,470268,0,13236330,0,0,,,,5.331878843553038,14462470c4cb8a91440a158881f757146c8aef7dc4f5d335d0115971f3f43d6d,eded41c3aa27eaa8371b523665d90bbf65bb3363d1ee0c2632ed658859b929ef,a209470792124e719c0fc904ee3a3218
case_084,5,problem_2,B,376464,0,13236330,0,0,,,,6.660429682519444,6f3700fdbbf5c04910dda640dbdc507e1323fc57c9184a072fc1f34cd607e50a,5d74ea2d6b4d79eb7f62b4666d859aa8a15b18ff1b14693d5f577ae186447ec9,4185ac5a1a954bbc9810ffefc1b06c66
case_084,1,singlecore,,2507412,0,13236330,0,0,,,,1.0,,008664dad8826fca18bad0427f84cd4fc6f944c75b2a01b2bea28932c7dd8111,ee93108941954d72b1997f67ea66436a
case_085,2,problem_2,B,1330865,14101162,15790896,13894822,206340,,,,2.395358657715095,6647f8569d20c67379ef0f07c3d6930d7627e89c107690c59a9a22b5f9debe5c,4744186475d55b274f101a22617db3679f791bf0371d06bc2fb1e910b4c8608c,1f868295cae2427aa8ccbe02a3687cf5
case_085,3,problem_2,B,912347,23347404,25037138,23347404,0,,,,3.4941738176373685,aa45c33bf23ee1134a2cc38a7cc6cd9f66fdd4f6e50fb7962d2955bdd33ee312,40be559a082f813749d9855d29839df75a371b3e3b9b6c1022e5ff31ae0b81c6,02f319952be7418dbba143acd5a0b763
case_085,4,problem_2,B,730301,23485202,25174936,23485202,0,,,,4.365185040140983,99adb87ecba8436c907a85febfa4f3385081a51fd503c3a04491d9be0d45b780,90992ab91856f93c88012f281cd9680aab5661e90f7f8b8a4ae28e7f02a6981e,f3884f1a24714c599de69c282ad9949c
case_085,5,problem_2,B,640191,26944952,28634686,26944952,0,,,,4.979606086308618,c18e73e47449c83a77715efd4d363092459976ba313a2189284e5f31b465ee1d,d5f0836b365bcfe542a469e49849f9d350b7ae2b987a6d8a1f12c0e0afb7d5c9,15cc41f74a2a4d63b4122eae8dae86fd
case_085,1,singlecore,,3187899,0,1689734,0,0,,,,1.0,,c10c15fc5560e0b8ee5a2b48cfb34d50b239d46908e7ccb852efe2d208141dea,d4dae98d78f44fb1ac414813265ad9d8
case_086,2,problem_2,B,52122,1224678,1562700,1224678,0,,,,2.2716511262039063,14a980e2b00c5b6b0703c8c99a4522aaceb05ffba1125d74c51ced7ff5db1604,e22ce78ffffbb90528151ba8de844aaa1f467d91077aca9aaa9cfe959d8bb1bf,70f40af6b8e24921810393a6a261c05b
case_086,3,problem_2,B,41865,1847016,2185038,1847016,0,,,,2.828209721724591,08d2c26b5d21cd15020272f7954132acd71348a875d37bd7623019c11a7b1cbf,514d510c5258cdf67ee91ed193b87acff8d35df253db38cc011a97d42df00a60,951ebf8436fb4ba0bab84e335b9d12bd
case_086,4,problem_2,B,41865,1847016,2185038,1847016,0,,,,2.828209721724591,f50023497b4103623a3b7f6849cba53ab7ec955f09c2b3109816865b063f9644,166d30e3937c362e458b10b20215d9d23fd2367286ecee9e5a8a7f0b06bc59b6,4206ce5a13034b51b505f90b9e3633c4
case_086,5,problem_2,B,41723,1847016,2185038,1847016,0,,,,2.837835246746399,4ee04a0b9106f7d36d3b3daf32669fcb8a0ff98511cca468e1086be893fcedfa,9dd6b436724eb5b42763677072dd301c6913aae4c5397867b0e158ac36e0d7af,eb9caf60426c4cab91a779c1239f6b89
case_086,1,singlecore,,118403,0,338022,0,0,,,,1.0,,af45988a9ba16ed240dd638390a0cb1bddfb21cedb7d57ffee55c17e937a560a,80d09e48d23b4a4ba41575b4e0e55f7b
case_087,2,problem_2,B,1870441,22726616,28645714,19242968,3483648,,,,2.124670599072625,3e8ad867f17f780af7f49565d7488df78b8968e8c3495a0ea267fd8bc9ea31a9,f6dae46adf612a04e36263f8801695d5beda1a6bfbe52308bf6eb86d8b87c436,3146c72821254ef89c51ac594c6ff0b6
case_087,3,problem_2,B,1297373,41259332,47178430,41259332,0,,,,3.0631676472379183,102c4c07611bd59200b7345a8ec517b95b75c4543b6332243c8d774b3fca0b7f,2d6dfca0601f1340adc11d4de935e328ff3e29b0721d44ef169b64b92a1ec9ac,2c2a13bbec2241bc8622d04b07607e40
case_087,4,problem_2,B,1117198,49515748,55434846,49515748,0,,,,3.557176973105931,bee00903a212a2de5bd95a529bf444cc7fb10c65d72f1d67469f3adba55824af,691f0923e5eb43f19999dcf3766e7dad00554c88bfb8bc72eaf2c1f0a1d8d382,69cf18cbc25c48b5a6eb06590df7c3dd
case_087,5,problem_2,B,971402,50086776,56005874,50086776,0,,,,4.091067343900877,e2993ffc0628d966f2c576229ebd5576bea760d141c7a02b0e8baae749e5c446,7f1e01790ec4a3ece59464305ef127b39766d49b8c7c143a31f0c8c0f4b672b5,71c48a6945e54afc9ebdc4640358d00a
case_087,1,singlecore,,3974071,7902720,13821818,0,7902720,,,,1.0,,eecff098e45dab977d9ee23e7dc7c52f587fadaad508254711e51e7afe53ba3a,41f7fa43196742b9b2046d36333b72fe
case_088,2,problem_2,B,98514,1608586,3438384,1608586,0,,,,2.472978459914327,a66ae385d06d8a4107db0524d543990ab81592c354ae492419aa49961e79a57e,2a9f03279c0b0e55d80bfb8d835c7923627351cdd1be2220099628e3d04801ce,70ce7d791d68442789a860c29e138992
case_088,3,problem_2,B,85709,2312692,4142490,2312692,0,,,,2.8424436173564036,ba250af87fe71b159812392f2264ea978c489e66c375e8d71b1f1fab16bb7cae,4947b21b377eca3fb1bd2b76969b587ead1a1a9e0c2eb77f8f5b97da08d2d339,b710b103d0cd4a728f0a3898404cdd79
case_088,4,problem_2,B,82535,2459810,4289608,2459810,0,,,,2.9517538014175804,647372809c2019ebfd4915c98d38b9701259436a99ed2a8258d32145e8869ff2,6f504838812785e80020df6046eb5ca05b5d0b245ffb9687fbc6289086fdd904,b2aa7712be604a608f25b40de1970d8a
case_088,5,problem_2,B,82535,2459810,4289608,2459810,0,,,,2.9517538014175804,d6beb53fdf0c571fc777a0f6b99a687fb845d886cf6012dbc061bad06909dce1,11d025b85a44c8381b454804dfebb322f0304a53d58baada78c14df7e1a08c6e,3fb187dc95ba492f9a5cb76efb38ff71
case_088,1,singlecore,,243623,0,1829798,0,0,,,,1.0,,9458699331cfd074a4d7efaafc609d37e7394bbc005fb38c05ba0e62b374ea12,515c59b80ea9492fb01558e80e1e7040
case_089,2,problem_2,B,294992,1774720,2341120,1774720,0,,,,2.3495281227965505,bf1ba72bf16850a168b6c70a58b172a3f69b286ed72e2dca5c1a9644619b5421,04b553e54a6a5a3c9ecbbeb155b0617e5091a76d492b6b11ed3017d6f52242e2,b49acf81ceeb478988d66b072a542899
case_089,3,problem_2,B,208772,6182144,6748544,6182144,0,,,,3.3198513210583793,659cc14156e8d8b424298ce77a1fc126c805069191d3d6a5c2a4f35e76f44f6c,6be10e97d4554e4ee0d98bf153fef0db44a6b9a26600d14f3045bae216ad869f,5d818fafff28483ea1cbd58c53a70c62
case_089,4,problem_2,B,150029,1997184,2563584,1997184,0,,,,4.61972018743043,368da6b4516b4b2ba52c6e90040f14a8da56a05701a09908ad7102630ca12918,dc5d0c3d622d39804d97f8f56e0e5650a7e61493ee27a0911a9067569d736c6b,ff195c35fba34cff87bc23245f83f44a
case_089,5,problem_2,B,125317,2556464,3122864,2556464,0,,,,5.530710119137867,8c4203a70b44a6048ad110f1b74681f4a9ba4d921f10a3a050071f65e2b23f1e,00edd4b2a675e524312eab3c4ad1d74d07060f240f045f6f60d7b85d7bc334b2,d36637ae087645389e83ea6200f0c921
case_089,1,singlecore,,693092,0,566400,0,0,,,,1.0,,90669330ac6f2abd378cc775e0a5aa2d22226b2f9288098656db2344d19ea6a6,b32fbbb6abd140278bdc1753a5d98188
case_090,2,problem_2,B,423412,3191856,5420208,3191856,0,,,,2.783017486514317,7cfe915fab738f7e902b7ef9dec0bcd21d899f83eabd9e8e7fca38ae9e64c8db,c462d8ba84531d27076a842e4011065d759754281305598fcc2b8ee80b432b42,3446315d52814e34a6438c0e7c0f55d2
case_090,3,problem_2,B,306906,5692032,7920384,5692032,0,,,,3.8394915707089465,b6bfa46d6f08529a837c2e2ad7f6cd937ca6eeb32abb73bd1a530f0c241b45f2,b570be91dec1b6b100e53763c3c1137dc5a29c8a43114db93d9fda216c98d1e3,4db233263eda44d5a1d6bb3323b4717d
case_090,4,problem_2,B,279743,8015856,10244208,8015856,0,,,,4.212305580479225,088bd06edb240ec4987827ffe77be989572cb7e1a8fc83558d59b2afe9b30042,ad5898fe07f432cb0e2ca6f5467cc64c2f56062b0cfe9252c139f0ac9e42d078,8c3f65b9eff348a18241aaff90aaecbe
case_090,5,problem_2,B,276302,10206720,12435072,10206720,0,,,,4.264764641587828,50620a06c95e4d75ba69fda2fc8fd68a993b4c994a3bb30d06f0da8971871b1e,a6c75dfbf7c8b2ecfd152b6ce4088ee4af96815a6e3c7771330bdc12b2914ea4,572f186ad0cd44d492efa43ce154a37e
case_090,1,singlecore,,1178363,21233592,23461944,0,21233592,,,,1.0,,7a0dbb9a4347981c536439a817d4d84279fac4c795ac60727f4d14bff78fa160,3f980c31b7b8498db08212eabc39e038
case_091,2,problem_2,B,4543793,90817704,97395360,59676744,31140960,,,,2.0218282390945186,96a7451055e71c15a9db56fc2ac22012677d782058fe768b5c2e49e83e4ce7a4,deeb97f67a809ad33b134bacfa81ce92edcc3a1ca637fa04e03e1d8cbd22e192,1ca9a9252fe344c59cb43d908df784ce
case_091,3,problem_2,B,3142028,44048204,50625860,12956684,31091520,,,,2.923834224265347,bd91cf316101ba1d37fe5e614cc7fadc3f7b655b13daff3f29a2679d50b5563a,8938023be79a77a5dbc2b876764ee040b0b3f05a42f36380291f9ca4f1d95d8a,b6f8659f5c7b4da2943aefe9382a9757
case_091,4,problem_2,B,2347597,47932076,54509732,19437068,28495008,,,,3.9132649257943335,0230ed8d50f8c0331cded5e65ee9e5030147cefae8aab1264c2cfddf8022c119,0dad9820623e36ece762fd4709072d43de22213441f8b1b40cca8639c72f2fb3,bf3912d752474de28e5ead14f4234f29
case_091,5,problem_2,B,1877958,54170124,60747780,25915404,28254720,,,,4.891892683435945,d9ba7511c7b962cd5fd1517deb7ebd32bc4dfda58c61272805bad2e6e068c201,8451f300192e219d558885dd813844fab2cdf4fb461fc11002aedd387bc7c7be,2a30cf85777f45ff81549a4a7a49409a
case_091,1,singlecore,,9186769,53947008,60524664,0,53947008,,,,1.0,,5c9adb22a1a933410a18c1f76b25d2fee3b147d205ed857e7dc0d1595fd97921,08971c7f194f4cd7acec8f70646262de
case_092,2,problem_2,B,1969530,16249440,19506368,930400,15319040,,,,2.4450269861337475,1e072c72c469349c55a41ea0e2091a360d6aea070236910bebeb2685b062e314,71c5881cc5f596176843061c86b4356e45db4f4a26a51ef82ab8c83e5846272d,0d0120888f5846c083e9c01f53168696
case_092,3,problem_2,B,1436665,49799360,53056288,46457024,3342336,,,,3.3518976240111646,72c6f56906ea9a2746cd9e13cf1d0fdd970ef998c3fb5ddffc98ce7e38316b00,6a9a767d2faa79e4f5d35c5f207d8af23d320681d46c2a1c3385ef4aefca5ae2,a17f12ff2bd244e490c7e92d13c9d13a
case_092,4,problem_2,B,1082904,36263712,39520640,34232096,2031616,,,,4.446889105590154,d9941f9e9416a8d603a7eb6d02ac1fde7832d8a334f83cc4ee71efff953f4c66,08e4a0f6cfe8b8b4283a2fa3a60ca5cd2615c12ced2533b418a50f79fd024e65,644c384251a34e5c95b4519ba9a0039e
case_092,5,problem_2,B,1073622,49674624,52931552,49674624,0,,,,4.485334689490342,df88ddad15f6618014b62ef9d82eaeb4bf6df919e5dd226c05a82570b480ae95,6121805af656b5f86e598162ee56e8e4a6e1b68cdc911564fdb489fb44904260,500334d2c53340ce9c3e6dce988df40b
case_092,1,singlecore,,4815554,66000096,69257024,0,66000096,,,,1.0,,e9d2672723547eeb3a01f7e3908daf395a5c7f2d34715cadf1e3f684033d464a,10f236f72fcb48d1aedea835b992999a
case_093,2,problem_2,B,37326,12288,727040,12288,0,,,,1.9880244333708408,5bf787a96794d13dc62ef430af14e5a81f9a18ca884f5977b5e152632ddc976c,6d5e8ee3bc49575cad212aea0a56b6dd64bef976c09fe894f8d78daed99ef482,bcf4bc7029904c2d9754e6f41c8827c9
case_093,3,problem_2,B,25103,16384,731136,16384,0,,,,2.956021192686133,43e90ae4faf67af336d71e8f9998fad765fe578bd3796774b2135792da36e2d8,2cf7ff1907ea7c0134fbf5b9252a708444b774468fd542573bb3b906bf644adc,56ce66a2f2ee49c7aeaef4312cbaab8f
case_093,4,problem_2,B,19814,24576,739328,24576,0,,,,3.7450792369031998,e7e5143245028212432d38ec357c0628a6ac19d56abfc157620058502b5eab58,e22a59c17daa22483a29ca7a01f5c795a97f2574dc4cb55a6573249e667490de,0ea2787aad8b4eaf8567859779f84cc8
case_093,5,problem_2,B,15876,32768,747520,32768,0,,,,4.674036281179139,a6b3d96d8c78c787c59ca0c961722cbc7d2e1e4b84037a19db168fda0c52d216,78cf1892a5264a09b949a0f57843cd8e5fe6322fe4cf2735c64504feec3cdc02,c24dafe0f42046ecb5949dc53135833c
case_093,1,singlecore,,74205,0,714752,0,0,,,,1.0,,e5bc5f140ecd7e5668029528edb533f0732a25b8b5e2a92e841d9036e597d6c9,c39ed6feb879428495e11139ab8d4b4c
case_094,2,problem_2,B,38325,727596,1254288,727596,0,,,,2.4759817351598175,2afe6ee655912a0fd13dc3ca284a57a11f2fe9e704983906e8dc075ad6871161,984c3d5fc5c243ee7cf557338fe0a8c8c7fa7a469f990d4f601e181a485948c6,060630a9a54e476a938e18a626a0492e
case_094,3,problem_2,B,28919,369696,896388,369696,0,,,,3.2813029496178983,06e92ea6e6b2def0e2e9632a00966c2c5b3901f62274f2667812bc66d1112419,267cce4fb60f07e0ef26327f82282093ed0532d03775f4c8c4218403c9a223c2,8e45a75408ae4e268472457ed4acaa8b
case_094,4,problem_2,B,25042,170496,697188,170496,0,,,,3.7893139525596995,88c5126c12bcd210c5865715edff84ebf3b7374b6349f72749c297db99c3f215,1df2e15625483619033aec2a23890825845e674d0059d3048190b1891c872870,c4f6d788e95348af842d35e65154a012
case_094,5,problem_2,B,18766,485672,1012364,485672,0,,,,5.056591708408824,b12c07ed2f34484d1c0ef8e26398f2ad1685c0531930565572c67442fadcb239,2ec69396bf48ef279abb8f218d93017dc35b0abc1aacd2274c3de8e04d176beb,b9c213a399794b9aa065a9ea3a1f0813
case_094,1,singlecore,,94892,0,526692,0,0,,,,1.0,,3fd89d913910479038716b2d60ce299a502b4f4a5c92532f41ff6148c0750872,f26d8e39dc1d449db4138dffcb1bc576
case_095,2,problem_2,B,776550,0,11355036,0,0,,,,2.6847633764728607,b61334eea3938aa376b71a2a4ad451526d8691786370b57106dca7874fde8add,4496693fb20ad0e4df14c1f883e09154270850dc3d8d9489b58ed12256401fab,e53b839109914e93bb122e8b99b66964
case_095,3,problem_2,B,517443,0,11355036,0,0,,,,4.029145239185765,898b1cca073c3d7b988edf29ca9320caeefa99d6cfb4d3f0a1eb06fc4426e6b3,e1c69a9cc2c545dc3ad0cb4d6b88b013305cad56be9b1f9efdee901d78d7a272,303f6a35daf14b31a366f6e35f826983
case_095,4,problem_2,B,390094,0,11355036,0,0,,,,5.344488764246567,9bf4aa1a701ae44c0894405362b875f1c2927b896d17da6ee9fdab05771aa320,8986f1caf1eb38d99d17ab5ce83e81704af9e828021c5ec81c98d47cd2a4fbd5,e1dd7a5abc3d4f4db423e22609316af0
case_095,5,problem_2,B,314316,0,11355036,0,0,,,,6.6329840033596765,d7beb8d2d5e2a8e3156440b88bdf8b48fb3d22c7960b53fa63e28adbe924b99f,fc06ceb355d4d4723f453d9c736aed82ca91fe1f209e51ed4d173c17cc22a9a4,4ee1b790645544b2a0056d3ee79e4952
case_095,1,singlecore,,2084853,0,11355036,0,0,,,,1.0,,0ebb2e5ba5249c6ec7f9dd7e675b6c391cb892ab875c8f71109255b6674529a4,48f3960a81a54a10b3a5b7ad7673617b
case_096,2,problem_2,B,28134,615360,834918,615360,0,,,,2.9926068102651597,346be3ebfdec5325770bdff248526019b3249f85a2150e05d2c3512bbaa442f7,933e87731eb730411137eff944d73d330b7deffdf4fe17f9915f4b3e764f487a,4186f2d2e2854a578359434dd8de914d
case_096,3,problem_2,B,25273,765592,985150,765592,0,,,,3.331381316028964,90f06ad76c2c5e66d57ec721fd845472bfc6a206b7571e21b2711772b5116fd6,33c995ac4474bb1054d0d89ae8f9afadf0183f3f49b8df52171449fff1c69e87,abc9f865853a4d5c9647557be17e2039
case_096,4,problem_2,B,24580,678936,898494,678936,0,,,,3.4253051261187957,eaefe45d1b4d79ea260f6e69b9832ae8602952d3a1cb2b9ac7bf8e784d6d0909,5c47d04f13bb48f14f4defe59fbf27771876e9dcb252b261c26dc6d2965f259c,22d9f6b6d35d4663bd994d58b77b13d9
case_096,5,problem_2,B,23366,219412,438970,219412,0,,,,3.6032697081229137,40aa57fdcdf55ba4b7c1daba20c8f5c4a3045468fe755c8c4d80ab7dfbcce670,98c68ef34380b22988a57879afa0ba4a9aaaa2c52b208d82550e081132061551,becac916e6ef404dbaaff68eb64451b5
case_096,1,singlecore,,84194,0,219558,0,0,,,,1.0,,647f5dd499918164211ccbddad68c7a5b6bdad647636ef0e148a4cad7c289209,03071f15b79940a3bee4049fb01a3882
case_097,2,problem_2,B,5152906,4816896,9863168,4816896,0,,,,2.2301025867733664,8496dfa3ff73a0179031a2bcc30d36eea97a89a90ff9d74b2d1b4a5373d2b330,0034f3f998cab9b80fe00bd89cf7d54e0cb89b437c6a181b3f61c8d915a5cf82,8fc54f6b5b174f0da51cd760a7179cd4
case_097,3,problem_2,B,3437689,87703552,92749824,87703552,0,,,,3.342800643106459,67625d5b99ed2987908b57fc3923ce336703a1383eae3972130d0e04f563b0b8,a3fd96f07ab531253edd86df39adf16d4b684da9917b275e68c4cfe65f2e176a,2450da11ae6a48b4b6db864f78ee9b5b
case_097,4,problem_2,B,2577788,7667712,12713984,7667712,0,,,,4.4578952962772735,f7ae9cbd4f9b9ad8426ebd8cb54e517823aa3988b459ac4d935f9d7889848f8b,538927377388258e6f4a6c0a1851f3f1b20311c4ac9302e7d3801e282c46662f,50d9cd0c1517455c909219e724ddf3a1
case_097,5,problem_2,B,2063819,96616448,101662720,96616448,0,,,,5.568079855840071,24a1677e7ec1bd1a1066206446959028e5cfa5cf6bddad77b8db726707907d65,b77341ea3528301edbb401ed6dad6ee199ef61d8c3015d66779f249bd9c36ed3,ac96227ede9f462cb22e86fc7365a2d1
case_097,1,singlecore,,11491509,10584064,15630336,0,10584064,,,,1.0,,4291785ed9b4ae44ec672a43aa6f00106508c756fa33104ec40533cc7cde28c1,200a7d0c9edb4915855bdbf2dbffb741
case_098,2,problem_2,B,84599,592072,1290066,592072,0,,,,2.0973061147294887,8bb2c3154c47defa0a27596cca32dff10af3ec7f5038adacf8dc6a44fc1d9949,96451c508c779ec9b4721ee9da17c2a133adb32655ccd8a6f7489db3ded4a859,28f85c0f861743dca204412a1407cad4
case_098,3,problem_2,B,64214,1116114,1814108,1116114,0,,,,2.763104618930451,efc30b07a83cfcd259e555911417f8bb4eacb3644bdf5e60530ca1b320cf36be,1c151d50635d9fffc509a2246ecb2d937f01cfd5c2504ea741ec866339ffa570,5b00055f46cf4a35a93d94e3fe182493
case_098,4,problem_2,B,53863,1191404,1889398,1191404,0,,,,3.294097989343334,50dee965f8cd0d4452a91d18ed750c818ac471a8cae320ff69caa9405250f746,668441117cc474584b229360ecd990e340fe47a4c2ba9cca90b3ed7d8a19f76e,7c3066e95ffe43a39b25d2c2447d22b4
case_098,5,problem_2,B,49544,1322640,2020634,1322640,0,,,,3.581261101243339,733c6c905d620b33d3494cc2e880c433d460d5a6bbddc3c8224d10246e0068e1,1dc2c5e8bad13a9a19e951cf4fd93c8ee6e2dc3d9a9d1a76263af9a5f7be990c,735cde41f80a408fbd081b71d31ffc7a
case_098,1,singlecore,,177430,0,697994,0,0,,,,1.0,,2929d292cf59fa790ce4dbae11aadf43003dfc746be82be90b7e9d4faa896e58,7a49be2385334fc89460d1775f65ad93
case_099,2,problem_2,B,799334,6909952,9443988,6174336,735616,,,,2.030439090542877,a2527a9059197e0ebeccd7090e2e327f63e49e35acf5585b1ee475fc5138521b,5bb4c7a30c23adb0487701eb5a50ff06e7494cb9bcadb869cf12b9c718bcb401,a40b9a74e38441f79d865265960630b5
case_099,3,problem_2,B,533588,9437576,11971612,8998152,439424,,,,3.0416707272277486,79bdead2017dba3a92e4b4f1a8143b948f902ff8535d66328a76768360421e92,2d9099d91ec6e7e99b1cbba756700509662a0c6b421252584f604749009d7f4d,ce1474fab3ef461b80fa26f60630c1ed
case_099,4,problem_2,B,404027,10056448,12590484,10056448,0,,,,4.017055790825861,4c14afca1d3bde8a87f59591f156dd374556db874cdb7852b794086542611dd6,47d8f22730a60e8502587647b6cffd8e2e6c86482c8bee273148e39ed09d01c7,367f4bdba8f9474ba54ccaea468e0c95
case_099,5,problem_2,B,340774,14095364,16629400,11678724,2416640,,,,4.76268435972228,c16e5c464b480743512fdca55783aecc0c3890cc39ff8deae8ccf58b30283769,daf90a438958ab584925121a5de499730d73035cd154ed66c02647e6269a6de6,1bbaf3af770d4009a485ebb6f6d7d8fd
case_099,1,singlecore,,1622999,5484544,8018580,0,5484544,,,,1.0,,8962a02f79e7a660a79ccc46acbb2a2411e715d70161d8b7000acab019e15e3e,b66066f782454fb3ab53685e336bd6f7
case_100,2,problem_2,B,54121,726736,1181334,726736,0,,,,2.794164926738235,573c5dd8382a0b0ad4e62339b77f5043a21d8c368b20954fc53020ba874d8c3d,5b131848de20aa1a25e559893b4e014bd8fee858c333687561d5c9d24df41bfb,25b1292dcdf54442b69446a62148dea4
case_100,3,problem_2,B,39976,1004866,1459464,1004866,0,,,,3.7828447068240942,c89fbe167b6061958d6534ff8c2dde114d9f13ebb8df0b916e7cf62a4c3d000e,f6dd88ab910b1592219815a2f3a9a5216039cab6b9a865fe89290f531f2060df,5ce8720b04de40099c01249a42e38988
case_100,4,problem_2,B,39159,1049164,1503762,1049164,0,,,,3.861768686636533,e9c243fba6dd3f5d00dc273d88bb5459a36280d7c75a9a0488ef1165f37e5a34,944463c2cde8647335b7729828ca0ba4f5548695cf0ed55577e16166b86db87c,50a1cfa5bac24ba485663710d9e33bcd
case_100,5,problem_2,B,39159,1049164,1503762,1049164,0,,,,3.861768686636533,ae0bec49f825cac813f5f71fe5ffac9fe13dd7c2b9201cb42e761504526c77e8,7b8090220d3aa6d419459f4e4e1f5e5015b611747005e17b003b0de2ab2e4101,e28e4f0a20ad4d1687c31917afe51cf2
case_100,1,singlecore,,151223,0,454598,0,0,,,,1.0,,d77033915c56d3c2baa4d05643a3596256d00c4a2599c8dfb5493bb20c04526d,6dbcfadd780343208a577759ec1cccf7
