case,N,kind,plan_scene,makespan,added_copy_bytes,scheduled_copy_bytes,partition_added,spill_added,cache_hit_bytes,cache_miss_bytes,cache_hit_rate,speedup,plan_sha256,fingerprint,record_id
case_001,2,problem_1,A,117688,5760,1645312,5760,0,,,,1.9807457004962272,96696bf4e11f8cfb1af7c5d11d1ba52d3092038f1ee0289558e080d2e87f066d,bfc5bd692148c286e68ee6db92937e014a3bcacceec2294b4f7658f4ebb5b52c,0cdf05622a6f4d0cbc759fdacfd3938f
case_001,3,problem_1,A,78955,5760,1645312,5760,0,,,,2.9524412640111457,68a33dc404ee077fe77ad430202a18823c6d3fa4a4d9ae00a85baa22eb386607,8125e37b5bceb55384e843887b85f374c456dbc469a1115edf5726b1d48f92b6,ddfc43a6c67c400ca7af2d9fffe80cef
case_001,4,problem_1,A,59394,4608,1644160,4608,0,,,,3.9248072195844697,f4f1e06b2e04f0eb80dfd34ea666f549784460e0c60daac8c0b3e5ac51e9e172,cbc044b848b2b7e192a0553550ab55c06dda2a5428560c531e5b276a05d9f126,270617f8e6b345ebb6ba039a77d4bda8
case_001,5,problem_1,A,47502,4608,1644160,4608,0,,,,4.9073723211654245,d162e811a0bda14c4b89f4d414dac4d17c5fb1e485b498ae71b922dea5da46d5,e5a3f11e592a8ad353428e6358abbbf392854d80c488c488faa7bc951d4363db,c58a3906087c44b5a37725d77f175b22
case_001,1,singlecore,,233110,0,1639552,0,0,,,,1.0,,520d1acb06adc82f4f98502064f671a6230a68f78e6b2e9ce89f577cccf9b0d6,861966f9b6224e8b904f798f6635fbab
case_002,2,problem_1,A,140314,282624,1506816,282624,0,,,,1.8668486394800234,54b3846068c6f6391e3242f293461af9ac87f839522328569e38c3d04ddd0a5d,bc78da88ae61a07b55e68a1d24af1ec10b8517a551ac212d9a7c7e7a362e9cb4,3137384cebe544f692774c632b77cfa1
case_002,3,problem_1,A,91493,239616,1463808,239616,0,,,,2.863005913020668,d0527cd21fc37c830ab829526711a96286c669af7e0992b8352a3c921adf618f,d91e3f52a6c6b27c30cc17c274cea69b2e5d09676706df82f2c2b1e4144fd1be,9d09d1dee5f04d2fbd957bfa4b0321c9
case_002,4,problem_1,A,72965,239616,1463808,239616,0,,,,3.5900089083807303,de596a79f23e5c25f9b4f2e32a9e80f6e7afeaacfb9fcfa2ea9ae38114696697,ae4a534c0675d535d2f0410f540d0dad57038da152f24836dc19b5e649f5f074,5a5264280094472f9e625c14606a0d6c
case_002,5,problem_1,A,61453,245760,1469952,245760,0,,,,4.262525832750232,0c025ae92e127518f92f080e3b7cb1a1573545bb2567e9f7e13834e4804fcfa8,eef70941dd41efe62efd32cc42a0867d7aeb6364607f42912a7bcf026963e18b,f4a7e98ba30046598512ff5f63ffa024
case_002,1,singlecore,,261945,0,1224192,0,0,,,,1.0,,5053746c21bf3bf1e8d9eed9d4fdbe446286f6210179b09a6260b69b3b3b5b52,84b38bb613f44f0c93850947c2b8e71c
case_003,2,problem_1,A,385885,6575326,7859590,6575326,0,,,,1.5605996605206214,e9310c9d3a86335bb46fa013a946cd7800ee363d8ef95643655d953975b0b305,604708c29e35582f5904df5f5d385b1fd9a178d2c9672713ab86343d56bfe042,182d0b7a175f459783d0c534bb6413f8
case_003,3,problem_1,A,278174,6825996,8110260,6825996,0,,,,2.164875221983363,b8b9d70a9e53168b3ca3eeedc218c55d671a1a38f7abbc0d620e25b83226a8b9,adb2903034b6fb06fe064ade7c59ba1b5c1866b806d1efb9ab80d78081b0a285,ce541b90de624ef8b86c23fec1bd06f1
case_003,4,problem_1,A,219420,6982288,8266552,6982288,0,,,,2.744562938656458,b6daac89db62482269cdddf92cda12c7235d52bb0c5c4acdac96d6793da59bc1,1654f80b54f319609af438cca422c8c3edcdf781f4b39d79997f5737a771ddd3,eed56f32355341df8d768e587f74d2f2
case_003,5,problem_1,A,198312,7899608,9183872,7899608,0,,,,3.036689660736617,408cadac5782cdfbb58ba51bb0f3de23d8288e000d5746134bf37a2894ad9cee,d47677f433153e2d5774172edf26d25aa480f5e6685b0779f63906f25f063052,bb1e94305cbb4bf0bcb483330aa83686
case_003,1,singlecore,,602212,0,1284264,0,0,,,,1.0,,1a6231ba7f825675f72925bc053334abef2e8c518d65d1dc1cc484c405d6d9c7,f1544c31e7c8493b9a9752e35fdc0e36
case_004,2,problem_1,A,200772,552960,1345536,552960,0,,,,1.9542416273185503,9c5718bd36bd83158039619432fba70438a0189898769a338b944de291a99b3b,cca144a5fce82f0a7ab325924758e5d79475a2bfc321b4728ab18d65247a30a8,42629855fd624c75a3ea79c5b3d9bbb8
case_004,3,problem_1,A,136590,995328,1787904,995328,0,,,,2.872516289625888,ebf4e20f61f2a20c1919bf63835574f2540821c2c455486131b0edc577c678e2,01dd35504fbbee3b55adc535cc57b6dfdb99f5626907ffb952193d4b85f76d30,0c6b75825b4c445c985c78e67e2f7200
case_004,4,problem_1,A,105886,1105920,1898496,1105920,0,,,,3.7054662561622878,c954ecca2fb27a567b16ed00d6e02fb68289eec6f06b398dbd7657e7f88e666b,1ed5e328fade71df75f21341a6d92877ffe7e343f5f799b020a7430b64fb476e,d003933dd4ae40f49ebeaf77eb45a32d
case_004,5,problem_1,A,88380,1231872,2024448,1231872,0,,,,4.439431998189636,e60bb753764b81222309a661f8fa108c4e7aeb90ad1e9e8dd7660a0f8d21aca2,baf4258c671378f829b7e43ffb0477d1437e6810fbafc1f30940f3203427a124,911b451b75724dd4be0c3b67e7eb2631
case_004,1,singlecore,,392357,0,792576,0,0,,,,1.0,,6ff3b4ebe7faf62a60fba679baf9dd0a0bc72e3680d0f343501db783317edad1,c068ef4c65f14c1cba36c7c69227c0fd
case_005,2,problem_1,A,92850,229678,563092,229678,0,,,,1.0298115239633818,c79496fcea7e31283e0219798b789efc6edbbcedfb2f9ddc6d7c8a784e4453b0,2aa8e28f82fcf5c68c197bbc8daf93bf23f2329881785cbfc9295caeea7110f3,8589371061514e5c9da43232e9d8ad5b
case_005,3,problem_1,A,59749,2267876,2601290,2267876,0,,,,1.6003280389629952,e2da8c93f4762955e153798ffaf234a4b1d8e0d7cf2a3a09191ad6e92140fe13,a3d5ae46ba44df20d6a2d8193fed31f51baa8bb93b89d69e07aa30ade4320696,8ba35cbee4434e24bdc64b238255d83b
case_005,4,problem_1,A,57399,2275582,2608996,2275582,0,,,,1.6658478370703322,58cb41a603d32d9ea53c310b53984f30ad4ce6b3387c0c7494c831e14922224e,a8e5dfebe6f643f0ae83b0bb7c9cb51b2fac7b12ed3763e20296fa40b0415c40,6c75bcbe5dc4430696de669b147ee6b9
case_005,5,problem_1,A,52045,2302496,2635910,2302496,0,,,,1.8372177922951292,dc215ba10ee3dc3255fe628a8a92573aeb80e46b73f0a6f84a9eb58a8cc4cbc2,03b216261a2270ac9e461430dd8991326f24ad86671821d0e90186f6293769fe,b11a0d7f17784ad4a5cc450e8f5df6f4
case_005,1,singlecore,,95618,0,333414,0,0,,,,1.0,,9c99043161efaa9c86fbfca49942438b27a2ecbe4eb427332506b4b080c5d48d,cdac15eaaf314193b909b84fee235594
case_006,2,problem_1,A,42731,337754,881102,337754,0,,,,1.9385691886452459,4705e71f1e3546da0c98ea36afc838c7920d1de8af751c9d7bbe8e8d10800559,b9d7b6a19195c910a9bc6148719541cd84d850b3e5768b79d9d56bfc8f9ce57d,1b5be2b63e784b9f9f2043f5250ecfd7
case_006,3,problem_1,A,28833,128400,671748,128400,0,,,,2.8729927513612874,80083767560042974afe5896281d3e7fb464d2011953527c2962b3578652d1df,672216ddc14e56e471f2b9902bd25afb3d9e956acede90b6427b7f68534b7c7e,93c0b7a874084370adaf2ef8508f2091
case_006,4,problem_1,A,25074,211988,755336,211988,0,,,,3.303701044907075,5a13fed5ba5b3de64bcea77e515a95cef6b4e1ea76bea64b684c07791de9244e,20f5caf7b38f1afa6fda4dda6fe26fd2d72eb29c7a56a0c704cfe53ca7edee47,e2bad7e12fd84acc80ba73932c80f442
case_006,5,problem_1,A,25074,211988,755336,211988,0,,,,3.303701044907075,b17c1df452683a554f66c54c71462bb54be0f38777fc9dabcb2b850546d45e4b,f7bfbb075c2458a9442cef09404b9f60a2c039eab4eed0443403c672a9e1ab8a,454def2ab9104103a2c9d347515cca80
case_006,1,singlecore,,82837,16400,559748,0,16400,,,,1.0,,116957489330ab7f683a48cf93736de197bf11d0cea60b26404a534d157b915c,9ae362d2c3244543a64b2ed714219e54
case_007,2,problem_1,A,507626,90624,1823232,90624,0,,,,1.9947008230468888,a6ab0ae61f7920dae5ae83d3cc4a58fe34f346617edb4c367db294b1a4a704c9,2440c8d82ecc52370956de04b0559cbb85a1965da43ae9c4e4dd8243e34827cd,7752eb0ac0534ea4864c7ba87974c17f
case_007,3,problem_1,A,339890,196608,1929216,196608,0,,,,2.979087351790285,1dadfb5e23c664b9aed6983fed727ed61e94fb491ba1641a8032e5ee98470954,dc09d51eb5b7698550106e9a2e142c6fc7abd8c7fe425c08241ebaa8ba820ca3,0952a87f69b84f52b0ca9f7c242c5c4f
case_007,4,problem_1,A,266852,1294848,3027456,1294848,0,,,,3.7944703431115374,1337656984a73d4b498209eadf0cb148be2ef26de4e1d60e8c248b2d084ea263,32c010079a8b4fd8937996a8ff0cd70bd5e64dc2305a17f296249a61769ff250,16683463066e43f193a7c8536c0bdea4
case_007,5,problem_1,A,205836,422400,2155008,422400,0,,,,4.919265823276784,24072d932a12e7f87b662b404c371711661de9a49c98a2d1e47b1d5a4d177ba5,1d5e5943a4abcdd913e9d5b55f737e35f57657097cad1d77f8c237d47bf7d6bb,31f4547dbba7412da24560d58f4a1ba9
case_007,1,singlecore,,1012562,0,1732608,0,0,,,,1.0,,9eb3586dbf3b69b0908422176d108f89b153e6cef076f2ec36c3010bf6ac803c,e4f2fb17dc6d4492be87c2dbc5c1f498
case_008,2,problem_1,A,245493,0,2654424,0,0,,,,1.9862277132138186,09fd61d7ee5e75e494f977f0334623d66b1840538593010d226355fdc6893794,76e3e7b9407e2be9365877993baab396fb49d59a9c532042430f29a4e2a0497c,0ae31dfc1bc041e8bfd5840376df6cc8
case_008,3,problem_1,A,165053,0,2654424,0,0,,,,2.9542328827709885,900a090a2eb894f8eae7c9b0e8edc0db3074e4788cefb4db3638baa15c929407,40cef9f7171e432bb211903ac909e79671fcea75fdb370e062d919602c0e6477,bddbcac3bfe74bb396c0be48cad00cb2
case_008,4,problem_1,A,124805,0,2654424,0,0,,,,3.9069348183165737,479639ad8b972d638a36a8aae5e291aa8e6dabacf9448e1580437b929734b3b4,8af6ba61c5c7ef82bb9daf3de53ec0047b02366e0326b53c7b8ce72b968347cf,253dc2ae4cc44ec1a4fa9fd790ff684e
case_008,5,problem_1,A,102043,0,2654424,0,0,,,,4.778426741667729,e537f1d809e93602dbb8e2c8b2649d6c507ee8a92c1993ffa37132f24bbac421,fbca0c71bad5ffcab3a78e8d72d7d8553a94c2afbbcf1b4963322fd27e31e06f,c20021d8cbd64938b2ade9a982cb7fa4
case_008,1,singlecore,,487605,0,2654424,0,0,,,,1.0,,4f67a38b0098322676a12380dabaca3075c628bdd6937910f2e68f98a13ee576,8b25b66ae22a41baa0479b1426895808
case_009,2,problem_1,A,91512,67788,563120,67788,0,,,,1.6747639653815893,fe5cfa8f63c5c1860032ecd0ccf9e6e45406468334bc70dee30b421531cda765,402318cb247a6bef5e7c62aa2e39e8a326930209a65f1346f2b56b8e0ab70c80,e9de2205999e4c79a9310435a7867793
case_009,3,problem_1,A,88137,260776,756108,260776,0,,,,1.7388951291738997,512a57cdebdffc83d087c76fe67a1b88d6d2ecdc94927be0bfd3963b23195953,d94fcdc3ccf56eb8a31c46b22e79ed4c12bf8dbfb8ccc7c8302747708bc6ed6f,c95a395ef70f43b88898c0bc5ef27186
case_009,4,problem_1,A,80204,1367134,1862466,1367134,0,,,,1.9108897311854771,fc27e5cc4ca4579dc1fdc9ae8eb839cd4ea302dfcf0b659a6f669289ed19ba6f,a38edeadcba50bea41a0b440e8c85b30371dc857389b09dbbc60327108370529,41be1bb9601e4870ac99efb7573ddd71
case_009,5,problem_1,A,69844,1435914,1931246,1435914,0,,,,2.1943330851612166,50ddf426decccc81eaf42de987d16416718ae79a9ddea5879441342e7ed75fef,7d7fdcb998e47b6b9853d70d27065e8591f227ba4c07e921b972d21ad96c6b31,4a2bcab8915047fb8c7af348809ef18c
case_009,1,singlecore,,153261,0,495332,0,0,,,,1.0,,a9287630ea40c1c8ebab16ac3a6ce16c0ad93e3a5e058703fac70c718f2737f8,9ae966995c1541d58c17c17c2e16846e
case_010,2,problem_1,A,44031,93312,477462,93312,0,,,,1.9751765801367218,2bb18dd6dd17afa34af56cd858ef0b93134ee759e1e1abf2c37d9e64b51fcc5a,33d85fbe8e789a30b82c06e5c5e8801cf9d726e31b210daccfa15315891a7466,f683ea2b4e574c90a0d1ea2560ad1496
case_010,3,problem_1,A,30555,161664,545814,161664,0,,,,2.846309932907871,c807f211802f3a5c796f2bcc2cd51c06316ec20fd1f53812ab228d9cd962220c,f8f6b8f059872323d41024e3a901c4da5f5d61a459948ef1df48f9a2e96bc959,1b57510717a542878368e195330d1187
case_010,4,problem_1,A,24541,306460,690610,306460,0,,,,3.543824620023634,d4d9d1f279ba2a38de00d7147fc688998e14158dc602355c965684a541328a79,2b7d8abf64c4e4249f3bad5cbda96232af6b5243366d140be827d7a244fdeef3,969b609878854115ab0bd4848f48cd79
case_010,5,problem_1,A,24541,306460,690610,306460,0,,,,3.543824620023634,72e5695845393242b65a76ec672d7a7c93ceb26f6163e812063f882f698935f4,4468267988d5008c277a26b97dd569bf4c2fb8fc9474b6e303aaede6e7389778,09b7ccf9420f4a449ba46ea4c90cff74
case_010,1,singlecore,,86969,0,384150,0,0,,,,1.0,,34b26def2638e746a28a8e896f1d46b7c26890570a2b58f18782796562dac7c1,6b371f2bd1c34008973389abb15cfdb0
case_011,2,problem_1,A,92995,595968,1202176,595968,0,,,,1.9860960266681005,824c15efe80c4cded69e84d3c65f9076372267580eb97b179f4731b4cbb382ec,e06c0a0145acbef33171ee06bd8cb15e9e0224bcaec187fb620639abb296ac04,87fb9a5d4199490ea510cb81468e28db
case_011,3,problem_1,A,63042,1230848,1837056,1230848,0,,,,2.929745249198947,ce9f13859057d025cfb58fa1c8bb895a041588f0594dd8f73776c6971216f6b9,5836573c9b2579b65050a97d6bd418191175a2be30f01cb8f2b07e678e6edacf,859b4cb9786244449e8e3384bf3dfdca
case_011,4,problem_1,A,46880,540672,1146880,540672,0,,,,3.9397824232081913,b780453dfc6efea284b502cf945fe19e974d67287bf760536e894b9fbd089100,b445b31dea3eb70c35fa44d56b1272f28e0826dd446438032931da446f50ba80,e27f7bdd3af447aa8b57b9701893604f
case_011,5,problem_1,A,46846,1308672,1914880,1308672,0,,,,3.942641847756479,58834bc08ac0986ccd7544914028ee6b39b0712a40c68e7a5e1369a7ff21b450,043484c2afc8fb1738e7aa7351cd05ea0c4c747b34459e8483b874a027e1e04b,36f76aea7a7f4d0094795481b51cf9a4
case_011,1,singlecore,,184697,0,606208,0,0,,,,1.0,,fb6ccbc79500794d75728ea33e7a1e88dee3567c55089c1422fd84e8d79ccbf0,7c596071442e433e8f49e3ee957edbb4
case_012,2,problem_1,A,28266,70196,625094,70196,0,,,,2.090426661006156,af023a2b3dc1b405e028800e732274180098a773f4ffb07a9256e20fb52bc904,4d0519efa01bed12edbe2fc401a8da82a41cb9485a388e1131d273a883a02c39,4f6857986c7a410ebeeadcfbb8cea253
case_012,3,problem_1,A,19664,33624,588522,33624,0,,,,3.0048820179007323,496e91c3c1d7d56982a9e6d78524bf53ff760cec2df9bf0c22f33fa798cb48d3,0d97bd18b693b5cc68720ea5e1830544a20f843aec8f773b853f077caf734897,e4ee4da9f6af4c40a045426957b70bfe
case_012,4,problem_1,A,16011,39390,594288,39390,0,,,,3.690462806820311,8a0a1babcae830455a03ef426d0d3a2101224ce4c86b1a7d8dd00e2101fbbb99,8afab38252bdf1469ccb07581d9dce766feb6646adfef800bca2c3a99421054f,e26079eb743f43c6a9b4070a42f47544
case_012,5,problem_1,A,13316,18512,573410,18512,0,,,,4.437368579152899,cb59d2f9000da232e962daf62af6bc9eb9d5a5d9e4aa171b1edbb8a90c26d2df,aa633e1f279b721bc3858c4d35a8221f6c4e8cd8553c4fff5a6bc35b9c14f25a,4fd2acbd95724d1a9dafbfabd587cebe
case_012,1,singlecore,,59088,0,554898,0,0,,,,1.0,,a0a376df8fb23c7e1154170178c77ea9d14e09602626cd6a9f2224dadef72d76,b280ba7bc480421194ca86758948b2fa
case_013,2,problem_1,A,134158,106496,2633728,106496,0,,,,1.9674488289926804,0eac938eb08e98ea482faa80917449ec8b7110621a61c76210be8d8e1325616d,ddbf50b9ecc0436746342ae602e1b371a3adc83272e9174714a85e858c4e1c9d,9a1eb2e9dab6497c94a2689378da66d1
case_013,3,problem_1,A,89317,65536,2592768,65536,0,,,,2.9551933002675863,14004547c12b067e51b4aa6ff024f7911f0c3fb356019acd79967422829f33ae,34dc65792451e5a6587888ad58072d8fdb889b5a0ad7413b4a77e0b3c19f09f7,1dbd2af22cab4a4b8bb9210c3baf0e10
case_013,4,problem_1,A,68938,106496,2633728,106496,0,,,,3.828788186486408,548a6a0bf5f449d72226d413cf03c5b3c248eb0e7ae1d6eb53ff375a4f59169c,a0807435a6453e4dc4fbeec257ccce049cb3c4c7167c98cf798cb77c43934249,38305687b0b64cc389f43cbf2ca93cd2
case_013,5,problem_1,A,56898,159744,2686976,159744,0,,,,4.638985553095012,cff62229bfd5f6fb8211176cfb42eac1217d8f91064a8e1339ba4d8a60ea1311,48f4e65cfcd4c8ddd485bbfce786348bbb83346d42f6ef8f5b13341a8c0999fb,fea4a2c9f7c24d67b46947a539dcfe88
case_013,1,singlecore,,263949,0,2527232,0,0,,,,1.0,,ea62fb99fcd750b9f00e86794a5ad07278cee30d75eaf9deb5c1f151e8a13502,c807d165aaf64b25a17ed6fb5cbee21c
case_014,2,problem_1,A,9273869,200507836,210440576,191680540,8827296,,,,1.9084403715428804,d5b620f4802811fc9555a5fa50b5695d4e4aa57307b02ef9ec2e6f893ec4202f,f671a40099feaf917fce59d33effc8a3101e6b9ca48883cc5a8efc0f3631afe1,544b0c23b86a47e6812fbd7f027584e0
case_014,3,problem_1,A,6238643,162422000,172354740,162422000,0,,,,2.8369352117119058,e27ec0c8b1b0020430de89c6ebfbe1417bc7d71e870758407e527127d5a1bcae,c3cbfa40326e52d5e8ba21d8c6f1dba16494f29e0759fb3b9db2a80d35bbbf7e,1e265ccf7fb54250ba050fc64ac12c45
case_014,4,problem_1,A,4740838,165060848,174993588,165060848,0,,,,3.733227332383009,b156f8cf04c01ba35301b152d34ae3189926b9a83656301ef7f303fc6553c5b0,b1197b2849f01d2de3b80e29a572eb7afbb163a83d468bd09c81520869daec2c,ae29c301fede43fabd67ab642d54f0d5
case_014,5,problem_1,A,3933337,165623024,175555764,165623024,0,,,,4.499646483380396,fb6667bebb9e48a8cc9457743d0f3aea91e30c5fddb2a1860cd11c1d1814631f,77c008971fb797af4f2b2e815bed9661fbfc41d348dc2b3b612e93cf0ac601bc,634166ec01d64397bc897d50c845dd5d
case_014,1,singlecore,,17698626,71010720,80943460,0,71010720,,,,1.0,,7e7080b738c855b739aa3440fa998833fa83f3aefcd87ce6a12c56e2ad4badd5,337f494c062340cdb5b01bf885b9e787
case_015,2,problem_1,A,85257,570368,1454982,570368,0,,,,2.0803218504052454,ece8d4548b42f08485603825f74e6ae516e39597288c33242c6bbd9cffe1de0b,63724805620bb9fc39652f05ad13b77f614ebadd471e1b3ddb28bca8bfcc7ad2,7a45e41ded1943fe8e11a312dc5348a4
case_015,3,problem_1,A,63149,1175246,2059860,1175246,0,,,,2.808627214999446,7ccec56c1cab19ae30f6edc389ef7e2dae683cdfa81b1d55de9e8eb2cea949cb,8ca58a34265bc8d2895a4175b6993fe3b54b643909937d86e16c3ec02c0d4701,5884afecb30b414398e06e6f6cede717
case_015,4,problem_1,A,46172,514560,1399174,514560,0,,,,3.841332409252361,7b94c477925bb50661fb07d0b331a0713da4e32ea8c7f40e795e91090bb21164,1f2056743b7a5e5261e908e6887110387151fadfa7ed20e222b13b4bc905c77d,058065b7f34442488a6c99ea34ef88ca
case_015,5,problem_1,A,41108,537604,1422218,537604,0,,,,4.314537316337453,281766f5f56ce91c13f40c0262f6a2d0a36ff535f0e2bde0a805bf81d4c75877,0bd18163a8f81857d7cdd79a8285ed0151176a4330216f1ce28de033356f33ca,bfcb87cba30a4b9fae61a5a126ab4e83
case_015,1,singlecore,,177362,180256,1064870,0,180256,,,,1.0,,0b0f83d8ffd09a95f0886aecd4ce3ece9842b6865b9fd658779cc906ee20cab4,cd8d3ae350ef48e2a13bc8008ca10bde
case_016,2,problem_1,A,7323519,49551064,49944282,49551064,0,,,,1.0535267267006476,cd9aceae96d65e09c64699219ca41b47699e43aeb5d3164e25001af913129724,c24f8862c7c27cd802acc5673e1ef7d993e19b9ca1ed8939115176b5f9fa9b01,d6602b4a9e9b4a618339ea8ac764689a
case_016,3,problem_1,A,7113373,49551060,49944278,49551060,0,,,,1.0846504183036656,7356ef04cf685aa89b3add8f0a9542310b41667a9fdc525d6aaa41f1bfaae0af,f2292a3b5a8e4d7f37196fba06082b1b78a3b91674173cd852a1f19e46efc85f,bdfd604e30ef4967a8ce5c3eaef63d3d
case_016,4,problem_1,A,7040555,49551664,49944882,49551664,0,,,,1.0958685785424587,0ecfeed6995f450eed4a46063afdf2638a1fb8044ab5b22c0a3d21142a99d63b,e59627a3405afbc45007426fb8e013635dfd8bf32d17255737ec63c821a9e679,3eb38320439946ad9e4163a7951e2c9e
case_016,5,problem_1,A,3593029,119568144,119961362,119568144,0,,,,2.147358955354939,433f1360bca9e863f92f1518f85303e28163009501041a2afec399650176057b,933b4983dd3165db9fdeaaf855213a258b730903ddf3068ce267783499d0b23c,5971e9bc3a09487386227d9b0872e813
case_016,1,singlecore,,7715523,0,393218,0,0,,,,1.0,,96a312306f798fb7b8d1ca089f2a8d88cc40c3c5f94edb012d39f70a843e6b71,a9b1cabe1630468d965ce548f3960d23
case_017,2,problem_1,A,74669,152064,795926,152064,0,,,,2.1804229332119087,4a009a6ed2bb0d3acb4b59705404042326519e9a664de44928f5c9c405965b0f,e3e22a7f7dc5cdd2acd02b2e028fb52555c79d226a8e9f89d65ce578facb6ca9,4219b75bd5bc408eb83321bf72184f7a
case_017,3,problem_1,A,52147,250456,894318,250456,0,,,,3.1221355015628895,2ffa3a548f85c7a2c43456ddf433fce3089ee804591a5d1ca27122c7d6b5375c,713e0b7838f0ed207556c270974a2102100ff17fe3271827b8c57c586ad0aefc,0768c7a2cc324f4bb2e475ddbb47ddfc
case_017,4,problem_1,A,39610,388900,1032762,388900,0,,,,4.110325675334511,69cd721e31f6acba86c45806c987c2e4d5ffced53714eca3a6a46f0a5f41333a,032294195f84a7d7751549edc8405731e74c646314542990abf908269194d297,1b36da6693b24bc5972874f2e1db8401
case_017,5,problem_1,A,32438,430872,1074734,430872,0,,,,5.0191133855354835,18936fd9ea9b668aab0dfbc60212572e5e4edfe0ea141a05bf157f706de810c8,c30550b69d12a2f36275d12146923bba53638480c00ffd9583956353e7da3f2a,932eb81d5d9144aa9bb6cc376983b3c7
case_017,1,singlecore,,162810,22528,666390,0,22528,,,,1.0,,705e6338d261ec3204b455f43638004eabb5e2bfc20706578957501f255f5bee,fcb1a853c6a64612a180a90528ebed86
case_018,2,problem_1,A,499426,7698824,9291672,7698824,0,,,,2.0110426769931884,c37574005c4f0ee240fdfc662d7b3f9f7dd95ed472ce4a032ce49c269ffcf21d,7d395218676853a3465e275022e7a271420affe031a83a28a198404990ca50d2,6588376c6c324929a31a2798957a129c
case_018,3,problem_1,A,343878,3833856,5426704,3833856,0,,,,2.9207073438835867,53e6890d9d0d37b4ab56747c7450f2fbaeec977d293643581494236eabd6f2e7,f8f2ab9f208b7075742f075784cfd4d44f54a3cd2fcce132fa7d277025a99107,593272a2fe804f7681037710e037c809
case_018,4,problem_1,A,253726,6841472,8434320,6841472,0,,,,3.958470948976455,c350780ad92922080ea028ef5fdbf4a7f236aa965d69077336c37dacb6de43d1,530ddfbf9ad7d9b21c0fcb234bb1b3eb2536748b686dff33062023ad52707a5d,e3c77c2db25a426dac1d5e01ecddaed9
case_018,5,problem_1,A,208459,6122112,7714960,6089344,32768,,,,4.818055349013475,0dd7aae20a8230fd75e1a68ca51f4e8f400ccfb82fbf217acd835307d31e50b7,ce6e35f79471f743084de45a1ee63d0978a129ccf0690423b747ceb86f478deb,a370891d02fb421cb429a7a9820dc5a6
case_018,1,singlecore,,1004367,1970176,3563024,0,1970176,,,,1.0,,b27c3b604746cd396f3283226c1002a831621cfbfd15e83cc57068b13f9d2498,d98ef233d92b433eb99391dfba23320d
case_019,2,problem_1,A,40000,154764,341748,154764,0,,,,2.0286,8da1cdf4e3dfc9786115c61af1ccd4372e6d7cdaef60a864802844cad38682c0,e3864e1cf591321b2dff22858587ff758d175823a590d3eb507975870934d37f,fb03892e83644957b1991007ebcbeabb
case_019,3,problem_1,A,27539,232244,419228,232244,0,,,,2.9465122190348234,40db50b436a1d412fca442bc9a2ca3d8a215029f0211514ce42c8e1e3a9ac3f0,6394a3141ce9c4cae2aa9d3c2a53f89e11eabb8582d4a272742fa1654b67d736,d658cbb2917141999c46274879e24b23
case_019,4,problem_1,A,20565,99440,286424,99440,0,,,,3.9457330415754925,f7df2810ced02d8bf2db985ef563503ffc769e178dffcca8f5227e3805726de4,f1db94e180a2c1a1b74c559ad5fde6c9e0d170b6be2ba7e4f9a7c0ecc264d474,50818327fc124dc7b9203a6ce7865526
case_019,5,problem_1,A,17012,84548,271532,84548,0,,,,4.769809546202681,9a8a1086d81ad737c6c8b65ebb64a94d4516c6d2f49e821db6d1952f73695d00,901e306aeef84794125164b69feafc91fd5bbc0cf6ac8ec3b14ac2790723cf13,08b7ac4bc0d9448aab2010122e5d8373
case_019,1,singlecore,,81144,0,186984,0,0,,,,1.0,,08dad03000db002c5be791bbc9ec61c685e01e1b8db755b21026be3e3c0392d4,4297cbc6df9043128dd747c122db703e
case_020,2,problem_1,A,267294,0,2359296,0,0,,,,1.993108711755595,5a22b18c36098860a0cea51db38390db7b881af1a839cf4ec3bab3eaff8171a2,518e34e2a9a46ff41a5815d80dcfdb687adf255fa34c3dfd3e7cb1cb68d2321d,f49263a159e54135841dc6b9896b7003
case_020,3,problem_1,A,178687,0,2359296,0,0,,,,2.9814480068499667,5a75cc1aa0e0aad8feb346100ad41e0e9e300976025ba7d4b9f0ae228b751689,1c88fcc782e0002ffc316c5f4e704a4ca0f390d9dcd7fe17bf7f21af7285768b,2bda0aa1694141a3abf603dea15a9687
case_020,4,problem_1,A,134848,0,2359296,0,0,,,,3.950714878974846,3ad67870ce488abac74eef31c2c9d6bfbbba9dfb4dc35bb8befb257fed22e226,87fa0621c88ad1ccc1c0987f15a29ff7388d55bdd851cdbd4e01a7f409ce6b8d,d704587759f14a64ab62ff501c999810
case_020,5,problem_1,A,112540,0,2359296,0,0,,,,4.733836858006042,dbfad1c7a9abf8430e62883a4ff68a9f1580b650b8af6dda535030be211225f9,2db8a3854052af353cdddb8225e5738b3848ebf3d9fe7f4bbef77794375d74a8,13869728cd7143eb8774c15989a5e9a2
case_020,1,singlecore,,532746,0,2359296,0,0,,,,1.0,,739e85af809b8498ce5a66d8363d363d980dc71748f5da02bf40116198e45f3f,2a78c30fb5f44fe285507f7c837ae70d
case_021,2,problem_1,A,3129300,11980800,15319040,11980800,0,,,,2.0988518198958235,fc0e19cfe8bc160a433fc2a07406201900317262aa5b2c8ff3d43f9f0478c8d7,5a35cdf05b059cb06633235e51c3dd4bf032caa2c1d1e77f55ee0d6b951f2b64,86c6f4f399d04983835795d65e4f77ad
case_021,3,problem_1,A,2103688,13137920,16476160,13137920,0,,,,3.122106034735189,34e0d6362e57c1decef9a40d54485f392411d5d92f0a3048bc9e7cd84c70ed1a,8aa5ed3bbd09a1e0b7aa5c5d4227cc53c67cf15dbe0b4a977c22b0c2cf6593ca,c7ed6823c06b4bd59254ff00fc8d1b90
case_021,4,problem_1,A,1554213,7956480,11294720,7956480,0,,,,4.225892461329303,eee08e6be73a42904d6bae07fc3dae1c14a5f6d79cc0b980fd870e4ef8c77b3a,e89c5ec1f31562ff19349174cc87f1bff4497ec9d7a47552d54718c2d33684f0,30124536b9ae432e94f74475ee27c285
case_021,5,problem_1,A,1245949,8140800,11479040,8140800,0,,,,5.271433260911963,a71a9a3be38b31f555230f7bb1150a7291e6fbd801fbc6cff76ee004b130a586,e53bb803fce507b02adcd72fb4e87b604b2150e0592cd5916d5984c610f42804,d8f0477a89724eaf8a07478341438bc3
case_021,1,singlecore,,6567937,4501504,7839744,0,4501504,,,,1.0,,26eb02ad528ae16b0e5d490e18fc150754f0a32428dcacfccf0f8b4ed95a9d9f,46aef2a2060c4101b48ff1386842762c
case_022,2,problem_1,A,29334,99768,313454,99768,0,,,,1.935637826413036,30580308732d0805a04dfd35bcd1f67c3d0214b3cd9f7ea1f7564f2a9108cf14,42075a8b3cf083928ec26c218e079c62de6e7ce1ee205e2192cc6420d19f059c,ed4f448e79ba4bdf9c99e97116a1d5ac
case_022,3,problem_1,A,19444,6912,220598,6912,0,,,,2.920181032709319,f6b8a8f660e5190cfbfda28ad103b7b4bda8677ec89dfc52ce5851cbdd5a7376,d996723c66d480effc2816e36cd8a507fa6bf70b03d4574a1f7a5cd72354f85f,03d3d155c8394d7b9956be9e727eec57
case_022,4,problem_1,A,14793,13824,227510,13824,0,,,,3.838301899547083,c3b009305ea0139eed7f4342c4615508309e0e7d768296c0cdb465a06fc0e5e5,3e2bc7f6fcf8112c286bafc740d3b04981d806cf2d458bbadc893ac4712cd53a,328d1143220a43b49b389ac8eda6c038
case_022,5,problem_1,A,12029,6912,220598,6912,0,,,,4.720259373181478,34ee6e5ac0965edd77fd492bfdf082a8538339c00244e347b499230dc2eb8d67,d97da4019bca46896cee34a6899fc864a276d42079b160a92959e33675d308f6,c9182494654a471a8eda2ac9ee1c47d1
case_022,1,singlecore,,56780,0,213686,0,0,,,,1.0,,600b20f33309748c037e4049e8aa6842a2f5426e2f71db8201e6631d4b0c3774,2fa70c89b2dd4450a1ade4822238dc9f
case_023,2,problem_1,A,60703,258692,702136,258692,0,,,,2.019900169678599,c1d9c98b111948d71c5c118f0e56418dc44b096765d45278aece281d4c1e5550,56a915ed272858149b66a0f8137901f09f8102198c318629036b69ac781c122d,3e9c4d22426f44b79765c4f6eefc0fd9
case_023,3,problem_1,A,41100,206976,650420,206976,0,,,,2.98330900243309,01c610b6e3a02cc05cd3575ab42cf8dad6c6e94a39a0ff0c2cea7e937c88b0ab,226d41caffea8f789fde99da90e6b87b419367613eb37cb37e69099e0824210c,6eb19bc7ba89415d90c19be351ed8d0e
case_023,4,problem_1,A,30563,205860,649304,205860,0,,,,4.011844387003894,bea2622f3ffec1525f4898111f297894f272d6d8c889a210d613fe20304a9f7d,2633f6c020e5be080242e29a6eac5fb9d007ba44075db7431ac211cc0e3d09cc,866b499120b74d2192abd33fdef2d116
case_023,5,problem_1,A,24687,306904,750348,306904,0,,,,4.966743630250739,d9d247aa1b21ce256aa86f968833e6684ff2f6505f95dac886a15523906f7661,3fb7e6597edbb6cdba4a8b844643567d43a3ad9818d070b62d57b9b0896362a7,b01d3f7908fc4d618be51bc9b09229a5
case_023,1,singlecore,,122614,0,443444,0,0,,,,1.0,,8ac876158577d809a8fae6a258cf37418f735d74901016aaa97d5981dcad9faa,f4f3a6d007c845a396e77a683c2009b5
case_024,2,problem_1,A,2419405,16386008,16779226,16386008,0,,,,1.0561865417323681,075b8c160822f35e7e5497d3a13f77a500ad84dd3b494f6ef0bf0940f59a5d82,27c3c91fe71aa0bbc2bf5f00767addec048bdaad6363c9ab752e2a6ccd1a3e22,9894132a2902489ea4555e93744c14ef
case_024,3,problem_1,A,2347299,16386004,16779222,16386004,0,,,,1.0886312310447028,5cf043a6b34ef7a7a83e853dc3d1a735f5dc42e9c47794e44367d35f1af2ac48,94dbb374d29b0112d60cebf78d57a15a6f72a2a10115a51bba631f6a7ba9cf9c,a9b395a5d7eb470dada5eda046118f0d
case_024,4,problem_1,A,2321921,16386208,16779426,16386208,0,,,,1.1005296907172983,45e09b48253c7bcb57c838a884ad9ec63c6d124ce69ec8be17a569a0dd1a86bb,024a92b233021e03b1ffbe2aea46c7cdec864d3ef423f1b44e44e5ef9b0f7de0,3991e672101e4636852d49164244a1ff
case_024,5,problem_1,A,1190725,39331680,39724898,39331680,0,,,,2.1460395977240756,9a5c1100b1e08e02a8c85876ff18fbfd00fd912876c90dc5a69d46c4141450a2,93e425066a2230dd9156fc90deb0eef8decd459b0751129f6548f52fb4a4f81e,47927b6d3e9c480fa1e60bb1f962ed00
case_024,1,singlecore,,2555343,0,393218,0,0,,,,1.0,,17b5cd77fa85ed7762d511b0d0a45ca865c3e0f4573d378d50e9c26b5497c7d6,52bea02e2baf4e67bf769bddd6ff8276
case_025,2,problem_1,A,2915588,20742144,28959744,20742144,0,,,,1.6679400518866176,7f3c5890207806f3a6feabf61a15eb004d6bc7853c94478ec6797e0f3f4712da,3ce6258845e883b39bafffcd6a6a8e5a5d00aaa6722db32ee29fb7d4a316eca0,297634b6185346ff8853c4e3ff3e0e83
case_025,3,problem_1,A,2261650,19203072,27420672,19203072,0,,,,2.150211571198019,fcfd53874194b6138f5a39a2c4706e691f09b784a38ff261a9366079a66f4258,d9544db8d525e5e8428c9dfa2563e9bad60248de9219c7f0f6048b2ef00b32a3,81c8c7c419c34defa0cdcb5aa4fcc3f0
case_025,4,problem_1,A,1546060,36854784,45072384,36854784,0,,,,3.1454316132620983,aabc7101cb47f7b528f743b4212f6fac7e17349e5ec8def057e1551b04a23031,67efe08bb5f88b8a9e2ed9d002eabe50ab746fc50d4be6fb135a88a59165a44b,292459b60e624cb0b16b3bc38aa70b96
case_025,5,problem_1,A,1366302,36882432,45100032,36882432,0,,,,3.5592614224380847,5f52400b983b2305b7831c86b02698f1311496d15db48586a160041432d0e942,0ed6e65cb7b280491c7da36e33811d9c4dcddeadd87791d23e19b405909ce5a7,cb24f5699133475c8a201c27244f774e
case_025,1,singlecore,,4863026,0,8217600,0,0,,,,1.0,,e079194bfbd59fde53f529ac8000c905692e6b38ddf9953dbb39232fd236c155,3b2d2b54d8784c01b46e2c83d4d874f2
case_026,2,problem_1,A,50058,634812,1163666,634812,0,,,,1.9817611570578129,302c9ad001b56874754f7996764818f8335ccc975d04395ad8dfa453a3c90fd9,ae4955dcfc20baab722fdb080b5ca3fd567c4d108f3691e5f631434d639e7176,df3df4ca853041728b860e71ce23246f
case_026,3,problem_1,A,39425,298900,827754,298900,0,,,,2.5162460367786936,88465f5abbc73ceaaf17fd0a43a40960b6ff81ee2f5ef05a5bf61f01467df23f,2a90d34ae39ae8fb2c8723a97760e4d99327171a30f9b3a359f080f1e3004e62,6cf26568536f4c048d4dda2e294c068e
case_026,4,problem_1,A,39387,343204,872058,343204,0,,,,2.518673674054891,eb258b981771eb4079a17c1dc633581c03510956734db879a5fb3f2f0dd7370d,866e7876dcfba3534dc660096067764e04f2962fecc24ff1d5de5bf914efe61d,2f2c5bcf8c5847e39dbe73682fe7943c
case_026,5,problem_1,A,39387,343204,872058,343204,0,,,,2.518673674054891,efaf4b36f2923e85cb4d3527765383b177fe2e2c4468690f8b1af3895c0c92a8,7654c7c7af103ebf9cac025bd39d33be831f8a6e20c17c08dffbf5ab2b147bce,91341be12bd84938b5ca947f0abff898
case_026,1,singlecore,,99203,0,528854,0,0,,,,1.0,,cef8c88afedfc7c47504652aa9473f4e17ab918a6ff5c9bfb5719aee756240c7,7f8a4510fdbb4037860d09dbef260afd
case_027,2,problem_1,A,1118483,3479552,5519360,3479552,0,,,,2.1135341350740244,b260c6312419374faf318aa71a3a004515cb7c76fb0b90af24fb078bb96bbb66,fd7b2ceaede5581be392548ec939681378dd3220a1076602f53f1a9e53b0e1b7,be8cac394ace4018ad76db5a545443f9
case_027,3,problem_1,A,759476,11534336,13574144,11534336,0,,,,3.112609220041186,3f635674ae608d7b89a51269d924b4f73321f411355a0551387d8912f61a1482,ddf788d7dc90a1b33fbd952363eaab6aed52b16ff50f4c76d68eaaf8c64762c1,a0dc8b2a2075467d83153cac59c13aec
case_027,4,problem_1,A,561791,5033984,7073792,5033984,0,,,,4.2078851387793685,ab8832eadd67e6a00d25b08e2ef17a69af5505e381f564d21477978aec4a9596,b879c681164669fa163daf9e3fcb8c276704883da7030a7f6ac666ccc2a31d3a,5c5a8456364547e2848ab13f5ff51feb
case_027,5,problem_1,A,459040,11694080,13733888,11694080,0,,,,5.149773440223075,6595ef646d141a31796931d3cecfa458fe116ceab44261af3e25475fe7733bd1,bd90a39e0a6f2da5a4e584b76f08ab1e63d3bb63378c40492fb8e184f2b5815a,a624bf5e13e54d4186f3259f2c396ab8
case_027,1,singlecore,,2363952,1400832,3440640,0,1400832,,,,1.0,,d02dcd8bb4006c6d9b323a52ad669b15d1a47c0a236e672f956bb9ad41940b7e,482be36e5cd34440b56268980cc6001a
case_028,2,problem_1,A,20808437,326568960,332477568,326568960,0,,,,2.1066474142195304,91a14f3279b23e17ca3e89313e2fa7ea63189b68067e3950ddae90f323185ca8,7e21a4e296c2f5f4a9438f8d27deb5d6b5b97fa0bcae5d30bf5e635f2533d766,f7e2dde2aa614d819332ca5371f2d7cf
case_028,3,problem_1,A,14792144,326568960,332477568,326568960,0,,,,2.963467635252875,8e69c32d1a17824a51b7ef855a0e7433b34783328ec4b7116adcc086ea33e84f,e603a9958c796a12f320668246eafb22e987c4ec287d9fd361768b88ce87987e,2a0e0416169142deb8b4a78e441fdd1a
case_028,4,problem_1,A,11241834,332516352,338424960,332516352,0,,,,3.8993673096400463,eb62d8d0c6bb853c92c6847d5192310f7bf83a8c12ff0c8b8c03c815ce6132c6,64b4059e71c8fc3043c12019ba17cf498bbcd63fd32b3033b441f6982353d095,cf24c335e4d64688a62fff1e4b23e365
case_028,5,problem_1,A,10194624,326568960,332477568,326568960,0,,,,4.299917289740161,d038848e161078cf5ab3e9c89a35e20e566932cc8f0f34b3548730fcbf8c6f3a,dcc61a24993061fa62b5179113886507cc9cc2be14667c532296808894e7448d,d7f2f478ed494b8b8a4bcf1f88ece2be
case_028,1,singlecore,,43836040,277412256,283320864,0,277412256,,,,1.0,,115324e723c44685fa2f17dc9dbcd51ac21f5225e87321d0b5529a0dff861de8,9cad3bf7efa2462f9a36b3ca47765ae1
case_029,2,problem_1,A,19022,24612,454776,24612,0,,,,1.974292923982757,6a9e3039bb48da7ff6d2ea1d6a53f4d5adc6695d4ceebc4173afa00ab2ef4a8f,05406e94438a25582b840cc2240b576070ab4ab2a6f3b729e2409b9175b33b78,9677d25bb0004461ac0bcaf01df8403e
case_029,3,problem_1,A,12983,0,430164,0,0,,,,2.8926288223060928,b256f743f7b3f90e9ccafbcf96430744b0adcea457cb015b7a3e149503ad7881,4f8dc9bac09142ab620ab4f4ca78c2b5c657d663278bfb3a92bea86bb9684dea,c993ba20b94b43a0a6da163921dfc03e
case_029,4,problem_1,A,10407,24624,454788,24624,0,,,,3.6086288075333908,c4aa1074ff484f22f60bef09591c7a736b5b50cad19e28731f4bbfa0eded48c1,79186f1671f505e254f5dd21a656da204a1a09ad00d52ed53da1aa98d02c01a5,c676f26bfad34a939f52c1169bde5cf2
case_029,5,problem_1,A,8710,26672,456836,26672,0,,,,4.311710677382319,d8764cd0a4ee0056aa9fe08cc7e55278fce171c61c622bf6d090c9e203acb4dc,42e3e6656148ca37300bb8f7c209f8eadad79eaf1006608fe96119fb60cc0c99,f8d370bd8d424d65b5430441bcb9c54d
case_029,1,singlecore,,37555,0,430164,0,0,,,,1.0,,cb9c02093531475615b60786c4d05487583d05a1ce41f024af863edcbfcf0bab,abd9b9af71aa4ff28a3adabf2a6c4065
case_030,2,problem_1,A,1399949,3813376,6207436,2913280,900096,,,,2.005811640281182,db1bd1ede15901f9d3c735994653883af2a57723adc6a6aaccb359ab37fd1379,bbe2a595b9df0e4a7aa47f82d071bcc84bd93517c79cea5ef7a0afb31d83fafd,fa55b0e07b494c47b39a544845069907
case_030,3,problem_1,A,932692,4825088,7219148,4443136,381952,,,,3.0106766220788854,fe1ba39e0b49738edfc8d8bbb66f63d323593e5324473ecc19fdd9f3f1f2acb1,18288faa1eb16817347e5cee360911590e7f5156d60e4ca49aaf6c0556b4a398,4d7102b4de3b437a9fed1357a4f5cb11
case_030,4,problem_1,A,704181,5583872,7977932,5256192,327680,,,,3.9876594227904474,b8115f3f31f9da809262e62879ae8ce8ae87a142ad3f1a8cef8c6d0bc66ff3a1,f3a4c1f5ec8c701d9356052c5fc0533d1692683904e056915edaa1f6bfd1563e,6f93fa0fca894d5595f03f33ae96fb24
case_030,5,problem_1,A,569055,6863872,9257932,6691840,172032,,,,4.934556413703421,e27b82daeefb7e4ca54c8d3ed2ea5e4344db06d0f877b65178411fee91069b4c,a9530a7757ae800e571e7a6e9cea4d176d3d6a505e9cf46c1749655a591fc753,3d5d7b89dd6b4d28b7cdab65fd3853d2
case_030,1,singlecore,,2808034,5519360,7913420,0,5519360,,,,1.0,,e0d87c4d5304fe6bde6804c63b4cb8ee2f55339228886b4137c5cc1d8ecf064d,a22d388b2c5a4e4a8d487869e4709ef2
case_031,2,problem_1,A,704788,8704768,10889808,8465152,239616,,,,2.0068006265713945,954da2b90670c6fad2f7594353dae27b4ed690e8463304e633e1c67c61cb434a,115532b3d8f23b1ab79bb5dcfce33e2aacaddaa6f13c0c598394e74d3792c07d,102b24b722664ebbad2ebde71b009892
case_031,3,problem_1,A,472795,12213192,14398232,12213192,0,,,,2.9915058323374826,3025fcbdc3c42c6ff92037b073ff2def589f3b64e81f6c256c16d1307f1466bd,39af8f756f021876508b21aa4d2f39a8d0b8bb32f1343de9ebec9062bb593a2a,f6dc41a7c95440c88d38c072ee55f2b3
case_031,4,problem_1,A,354331,9018852,11203892,9018852,0,,,,3.991660340190387,0f7fe37d46165e92ec09c05323d88413db30e24acbd7cf2a8fbf2eb5286c30a0,82cb1410c75bc89eacbe068d053df28dbcb3482e770c4059537a6837eb18f866,95403544d40044a1a7d7e4c52573bc3b
case_031,5,problem_1,A,286753,6299236,8484276,6299236,0,,,,4.932359905563325,63431f884a416c98f54f187346c5ecd526670687881a7ff917713c267c4c32df,90881a8edcb74f5d4e155e41b0aa5634a41f5cf8546785eb23c0b1d4ecdc50e0,af26d1f8060b421ba073df144f391e5a
case_031,1,singlecore,,1414369,3491328,5676368,0,3491328,,,,1.0,,0c1d7a3186cceef1624841022d782c04677ccfeb3bdf3a989c04eeb4623cadc7,c6e0b874151d4fb9b2c19fc4243b6397
case_032,2,problem_1,A,17835,28720,321808,28720,0,,,,2.3236893748247827,75a6996dceaa19afecca280ddcdff2923068972a56cdbcb13d59e1ae40d2dad6,e77c9d04d2b8fc0e45bf0ea1403015f469e6c17dc5179b2ef51a3f0a723c6a45,e6f978ff3e334f47859459e5a0509939
case_032,3,problem_1,A,14225,36904,329992,36904,0,,,,2.9133919156414763,397f847984af2ac0f61c4c73a1d0469cc7928912f62991e3b78cac2198908f8e,2553a59dbc08580a6f94108810c4d3a7f8091c14b6a0d82346204d5abdc4c966,7227f3f125644a24931bf96a6f4d2ee5
case_032,4,problem_1,A,11258,57368,350456,57368,0,,,,3.681204476816486,905afc170ace6580b9e731575f6a075c7ae7bfa8bf2d27fa21d23e6147f51b7d,29b4116faa66dd7c2a427c15a526e273cda189c493173ce9c0b03a6d531e9411,ad20363463c9426f8442b88c254e7e0b
case_032,5,problem_1,A,9752,30740,323828,30740,0,,,,4.249692370795734,7c7fb32735f754ef102704ac35cc49d6c7b058db1090e385cdb52da5c5d7153e,f6575e9cbbdb73309100351d9a4adef3a436886a42b95f8b3179459cf1154d4e,3540de982bdc4261b59374eb78d98859
case_032,1,singlecore,,41443,0,293088,0,0,,,,1.0,,7684099403626cc7392afa1d223d47ccb6beac7013638883ed208c8a52e9c532,c8a9c2f5029242c3b7fa09abd8ce02ff
case_033,2,problem_1,A,883699,14155264,17128174,14155264,0,,,,2.007692664583755,6ab50daa6310db1c323cf88eb11f6747396a6ecfeb5f48d7e2851f783806f2a1,39f3870f5e9e5bc0ba99eb39fdbb653e805211b713288532db055355bfb6a4a0,05c7843383204571b3e4261630e6b8da
case_033,3,problem_1,A,593495,16832014,19804924,16832014,0,,,,2.989403449060228,43ba0a1df6193e9f98b7b92f89a6a5a31611613832c49bfaf919219742dac0ca,584117a92c8746640463a39df2f2be160ed17addfad00177c288a3baa1820e07,79a01ec4b23c40219d5e749deb44a2d5
case_033,4,problem_1,A,447764,14499844,17472754,14499844,0,,,,3.962346235963588,1efb31a899c2da21c308db6d8553dd303968d408cd2123dd1cac1893ba4e51e1,c9fe867030e4cd1dfbda3c1362358dd367ffe052e5fe0bb6f1ad6b1122fe6df0,9928e2447ef045228726cb0544cc2680
case_033,5,problem_1,A,366266,13710856,16683766,13710856,0,,,,4.84400954497551,0a062ede3704057e17d473b1ef7363a1f9fe489f0de9c754f59531bd9c7e352d,4d993988646774a8f0b4e3f7c547d1dc28ade515ff6f5ce12044a2ba27ade9c7,afc77f6dcaf84ce797a3710dfc772fe6
case_033,1,singlecore,,1774196,4592640,7565550,0,4592640,,,,1.0,,ffd79866607c1b4bf1e6ed15bdd471bb9bdc86f7198ffd329fd9caf69b313554,ea3daf04c0c8464e93630d40c8881b68
case_034,2,problem_1,A,439241,1317392,3597778,1063424,253968,,,,1.9192106383511558,3c3940dc161a6e5f004636802446ea80774fd4b0cc54fd10a3b3b79b21c22b08,be06f011cf7851f20b67d521ae5a8d790143b04d4258ac43b2010f4e7a5fcf03,b130446091304fab9b4c0d9fa337d1e6
case_034,3,problem_1,A,277862,1651208,3931594,1454592,196616,,,,3.033865731910085,8a74280716a3a15ae092cc42cf9f72cedac74ce5f8217c901ae602cc764250e8,f940979b1f480ad82bd030419f24ad6530874be4ca42ab3d6797ce765a09759f,79ca48e6f10f4cd095f015869b2fda18
case_034,4,problem_1,A,213226,6788768,9069154,6665880,122888,,,,3.9535328712258355,ac295d796406b646a28b7f433981ca143b517053e34a686b7202a14c0ac43d80,f1f73690be714ec4ae790a607761b81a6c620edb9633eb28c9c450bbb82374c6,2e1c8f93b73e48c9b213fb1f07857385
case_034,5,problem_1,A,170768,2473992,4754378,2277376,196616,,,,4.93649864143165,d48c6f9322e6056471853be2182adb964a57dbd05d53a906d875ad5387b5469e,a4d5cc53123b2bac5aa64fc76b1a2a30d80141db91a4d05472c2ec7c97e98239,090676f4c4f443448c7818eacc47de6f
case_034,1,singlecore,,842996,1079832,3360218,0,1079832,,,,1.0,,c6501a0c4e40c6945c977d02ac2527026e11f6feaa16b26b59721d93ccba2453,ee942193f0ba4396982213829357f5ec
case_035,2,problem_1,A,95209,48174,459028,48174,0,,,,1.7810396076001218,5b328adb806fcc74e19f637d3a83d5216e8a6ad4275c14d3e5ef48522cdefcba,c1ac0c87bf060c736c02a44a1c6a10a5f05e26d5c31f83b2e39dfcbacbff0ac2,245224cb80494ca4b321444728177498
case_035,3,problem_1,A,85618,1371410,1782264,1371410,0,,,,1.980553154710458,647dbcbbdd7bde123bdd9a71ac433d67adfb8b2b777822ade5e14ba77fe8bf2e,efadae31f1a5c6d0ea322b4305df1169185814537a821c83fdecae815807e553,73b918ff18f14c3a9b4b06d17e70ef23
case_035,4,problem_1,A,67885,1406660,1817514,1406660,0,,,,2.4979155925462178,c5eefb1e239c878e584cfabbdd315de138df02e0cfc5a72af6dd7cc3c92d6655,644a76b1b563cbb2a4c78116f817527608ca59d6a07d4526a7db5528f845cca9,072d94201c4a45f1b8dfb775988e035f
case_035,5,problem_1,A,56584,1393438,1804292,1393438,0,,,,2.996801215891418,2fdf11c05c03e0acfd9254a4799d3fd29798aa61e311fa7a10cd1f9c40867536,77179efacbbd874cc1b28a50b27a7827a9aa5401fb37cee4ad2ba98c53538515,52e31785a8a54e1c98976bd2139142da
case_035,1,singlecore,,169571,0,410854,0,0,,,,1.0,,aa15256299bd3eb3eae088961b08714fd68b70b4c6131fdb993b15704f0f4fda,c2f7d05bc927457e8b3910c01cafbaa8
case_036,2,problem_1,A,467135,5760,6560512,5760,0,,,,1.9940916437432434,cc37f0ba7be0147ce0f79fbdae9b543a4138856bd6dbb51a233f965a42f8e9ec,7905c7c592256d2adda384422b1113ac8b8ce0705d3b210782eb7f2981fe7e9e,bbe7c276fd9744c3b2021ee90dc21a9b
case_036,3,problem_1,A,312481,10368,6565120,10368,0,,,,2.981013245605333,effe99b96b7bc91181eba86016761b26d6cc1d72ec25eaa76e5abadd0e97e7c5,6580b6025b6474f78e9c6b0521021067965da6690207f23b85dde2a60adb8d8d,e986123e48c94a759e0db34d7bf28206
case_036,4,problem_1,A,235352,12672,6567424,12672,0,,,,3.9579438458139298,2ba7bc0a8e97555b89fc968882c3fb15402e99652e9b3263a45845d6c4cb1a62,a9397a36da7f738cdd4119a8c5c30d51ef0a18183c3ddb02774fd2423937fedc,f202865e0adc4f2ca54b1d1cbace5c2d
case_036,5,problem_1,A,189266,16128,6570880,16128,0,,,,4.921697505098645,b0981b5f9e9c1fd35de73d9ce60110c533569ad04ffa16e608b1e16653cd1691,a956e80aca9a9b80b9aedc0ad71c4c1bd6ce1aee3a388e9494c3c56e7d2481f7,5dcdec6342964eb38a6d98cc855b5a72
case_036,1,singlecore,,931510,0,6554752,0,0,,,,1.0,,99ebf88e2c3f00410a9724c12bc7396d0353463950053aae5a3d46ee30ccd97d,11af59d4dee94325b1d55a044713a72e
case_037,2,problem_1,A,106480,829440,1443840,829440,0,,,,1.972210743801653,56e9ce6e770e8506f942e84cf194ff9258bbdee0152cd417346cf24f0acdaf99,e5804b70040e37934cb32306340611828ebeae13db417eafd0037241ec711fee,cc7c45e835b04b07b9c72ca59a7996d0
case_037,3,problem_1,A,71945,1591296,2205696,1591296,0,,,,2.918910278685107,c679bf56edfb71810eacf32751d2342b5fcdeda0427ed0caab8e654ccd7a8c7c,571a2c478f6a8a9992cc6d738a5f043e0be9a39f47d0ee0980ff07dd7c853733,ab5c1ff9d51c486393003a188c1682ba
case_037,4,problem_1,A,53959,1024000,1638400,1024000,0,,,,3.891862339924758,b69c33df5634cc380f74d8b2c766a66b2f1a2b49f9b58fcef2ebc6e5808e02a9,2fc644fd6465c69d7c4a1ae63a1a5fb287fa08b2860a08c3691241412fd46e26,badca691c99c4b5888a0dd10bd983a74
case_037,5,problem_1,A,43013,1146880,1761280,1146880,0,,,,4.882268151489085,c5a6c8c0c27cc2d01fc985b18671381e90632f711c6553426fc7e7a5e82c4210,701f2d0d2e270b12fab3004f2c966ba200e15d22db0fc14198ceb914189596aa,15037e2870654ac4b242bfd2d136c901
case_037,1,singlecore,,210001,0,614400,0,0,,,,1.0,,c95c65e91a008ce4beb4d233d22ae86cb65965409a354fae0b52573e93d4f515,8698d78b76fe4f0a959e4ebc15b05352
case_038,2,problem_1,A,679697,5343232,8146182,4212736,1130496,,,,2.0075930892736027,e4a8a92b85a7c99e5f65c14610d7e11011fcdd7d218f7242e05fd962d3dfaace,25b60f262a12998bd5e3538c5effdf62130e7a11e8a5654d10871e454491ced0,34c1a0ad97c54684883ca1ad64fbd0d8
case_038,3,problem_1,A,454516,6251520,9054470,5707776,543744,,,,3.0022155435672233,5202ea6a533f59a5f91bf5da4e395dbd5ae00b48ba828771298faba9b3818cab,442a76c11ece8b9ab329d75b0cd8e8188cd672d96e2a03fd2edfe6fc7ddd7767,f42302eea0b74cf6b2bd7a8fa81cc5e6
case_038,4,problem_1,A,341652,7260672,10063622,7254528,6144,,,,3.993990961563228,cadfae6785949fd1fe33ec4d99bac1a192ef25c8ccc253f1cb2b4471d7ea2093,052524bdbc47e2650efd7bedcc7eb363a25990b0c6d63d2db8420e07d037cf48,b7bfe867588440d4ad0c61e0b6017ab5
case_038,5,problem_1,A,274566,9014272,11817222,9014272,0,,,,4.969861526918846,1ee07118e9f715ac83fc4c1338a09e7b74da784e43d4964081673ca578d1df24,6a387dab405a40f7c8fb73296edbe0994637c32a7ec1f862103df2f39c8ca9ff,2f542d5b048a48359bdeab53b4d63398
case_038,1,singlecore,,1364555,5627904,8430854,0,5627904,,,,1.0,,62945954c623c47978cdd855f11e6d27697306c7901ff1981fa791251b631ae4,3a18e181eefb47c78329cdc372236414
case_039,2,problem_1,A,704351,11931648,16420864,9916416,2015232,,,,2.037708472054416,32c19a618c54c25a3e1c8bd6837541ba4fc1a726a95c74f0596747e9c60b72b4,15cdc5c4bdce3362649ee5895629527ecc8511593fb9a2067fb9220e97081a4f,57c68021796248b782e604e6e6c60f82
case_039,3,problem_1,A,479346,10924032,15413248,9900032,1024000,,,,2.9942087761241356,bd698811b37e68fe2f76909e30df43387b3323da94f4ffa092abc82e80fca57a,fb0d6e0c87f5c7cf6fc7bd021881a37fff91def6ed35ee9152048cad2ba2c9c6,596270e628c54a69af456b41f0a03523
case_039,4,problem_1,A,370094,13279232,17768448,13279232,0,,,,3.87810123914465,d2a575da14dd07ced6e83a450a6b51c8e84c5963d1ef3f2318ca329c724b35c5,b3a59284140922f66e349c5be425cfa9d156bb04372148c42f548933a8140ce2,9c26fb665b1240289670b0444316c6f4
case_039,5,problem_1,A,339254,13852672,18341888,13852672,0,,,,4.230641348370248,cd3ed79e2e2610acc0c44fa116fe95fefe06f767d6b88bc9e2366391d182d8f6,e1445c35be208244510b97cb87cd8f3c5962805340c3d4c1d98b27222bd89c96,cda54828bfdd487ead8fd896702ebfdc
case_039,1,singlecore,,1435262,7929856,12419072,0,7929856,,,,1.0,,130798c8317e914e5156b287944ec79eb2e9267ec30400dbd0d3156f15fb7007,c3405c65fc144bbdbe305cab17477f76
case_040,2,problem_1,A,130498,48548,959786,48548,0,,,,1.9422060108200891,870896c50519ca3545ae011454d12683e99eac06ee9eeeca87aa68ca7f6d6827,0bd8446040973aa50c1efd0dbdf947b274fdb410052ad154f7732b508efe0e88,c829041f081840e6ab95fd69d5d5801b
case_040,3,problem_1,A,105976,138894,1050132,138894,0,,,,2.3916169698799727,5a91e6a8135cb455ffa3043f6c8013e2bb5666be7689ac58f6c0987c3ea85dc1,221e731c2349f937d69eb1784404c15b57f2139c8f75ec4066d02c76a24e45c9,b77355248ea445a1ac43fa52a0e0ca58
case_040,4,problem_1,A,104266,180720,1091958,180720,0,,,,2.430840350641628,4e26b01e432f79b24381f4738598edbc496e0195e06cb1c5dc5b3394790e0177,ade0a348d2b9ff93f4f55a26394dc7e5969c7d583463bdafa41c11fe195686cd,606962fd92464f36a95b677cb4964521
case_040,5,problem_1,A,102897,211602,1122840,211602,0,,,,2.463181628230172,95224c25120122c36967af6128069a2ec1871ab0ed1c072a0c453ef4ce2fdfca,7cfb7af12abb8e023e82abf576cab49f865e29df1090fc34e946feefa831d9a9,b661f1419d854b61a9162443b9fd0ac0
case_040,1,singlecore,,253454,0,911238,0,0,,,,1.0,,40c13f1a48ff1442b3c4cbfa3137b7bbbf83a5876525d50d05d972e2fe7ca65e,6bc085a5177b4d3488d1e03991d0e86e
case_041,2,problem_1,A,3027629,48763948,53713928,48763948,0,,,,1.9830557178571087,1ad42dbb4f80b538f213a3964d6737c41792f7962a514652abf25604e5618ee8,997fd44e09424d920c7640e6bad644baa89012360decf6e0072a4b1f1908342c,7a925b5d4f014ab783098ca5ec409c8a
case_041,3,problem_1,A,2022727,49974316,54924296,49974316,0,,,,2.968248804707704,c663417a626ed9986c50fd57a025c985e221d69d4ef51fb4b87a0b1d5f538efb,ceddf75724985c8c6ab9ceae50fea9e416d67fd3fe3e14e8ef599394448c7a57,94cb516025b04e4bb81471261204a6ed
case_041,4,problem_1,A,1524246,51061804,56011784,51061804,0,,,,3.93896851295657,d5604856414b00d359e113bae5c976581798ddecf090e251f22b606822914ef7,aa90b68ee86996cd10fa43a10ed1157688d592c917d45d4f2bb90489b8bcd544,d5a0c56beada48a5bf1da6794c70f621
case_041,5,problem_1,A,1219696,49879084,54829064,49879084,0,,,,4.9225028203749135,938dba23e8ed33ad42311e01ef4a8b4e161e85dd32bf43f348b0bd42d75cabb3,b426916962569cda5a1e3d0728ec2840ba28724c4c454cf324f7b32eab14961e,e6063f1534ce4ab18a89a49e34218268
case_041,1,singlecore,,6003957,30898176,35848156,0,30898176,,,,1.0,,e30f6e63e9f8d933a5365109a09edfdd2474807159e25589275810e73b0febf0,218032ef911b4f9b8ec0d405b6531550
case_042,2,problem_1,A,828279,11975708,14364672,10998812,976896,,,,2.036439412323625,43a9ef265635bb2dcd27bd50cc4e3960495bcf6359554fa9cbacf351a6fa6362,551fd62f587382ae06d1e78b50d64f49847a95c5326dad9b39e5e7f5fbfdc40d,304598a05224434b924f76b5618dcec8
case_042,3,problem_1,A,561557,11366400,13755364,11366400,0,,,,3.00368439891231,68e678244cdabca7d912a90d6b6bb0efaf7152df2590ef33f19169c1e4fdb903,22ec70d1a0fc2e502cdcf3feccebc405b8a92ece6c027014e6301501aa026313,b6507cfb7f4348b6b203d7c735e34dd5
case_042,4,problem_1,A,430634,12057600,14446564,12057600,0,,,,3.9168760478736004,b04c65bd4c56e319df70c9bb5395c5db50360cf6ea062cc5fa347ed1692761f3,2b4e29c819c777ab707f11ba658f74d351437ae4616f1cbfc0e6fe7003da0462,a3ac4b96afd049108fcaed00d330dd96
case_042,5,problem_1,A,353009,12288000,14676964,12288000,0,,,,4.778178460039262,465ca30148d0f6f168b046007d9832b917d1f5dea0c595467e5ee38eaa4c1536,40cfd38f689f68b59f73b9c39eb6e6d42c7bcd33b9abf2397ef3911cd9362e78,3cd32c9602d649eabd8bfb94b2732a21
case_042,1,singlecore,,1686740,6629376,9018340,0,6629376,,,,1.0,,d32bd66f76abdc56d89b906a8158bf6abfc44741f171c184f5da201e0471687b,a1e4624f23c2450abddaa8fecd716a44
case_043,2,problem_1,A,352355,3318206,4749328,3269046,49160,,,,1.9232194803536207,1f6af937d8a4f9d852ffc410b1bc3f89b2ca77c150108dcbd071482f2804f029,2d23fb46235ab2df866f252f26b1fe168aaa38bab7fcde422e640b3979fbf152,fe706d7862c24d76b1135cbbc3b9018e
case_043,3,problem_1,A,256163,1564308,2995430,1515148,49160,,,,2.6454093682538073,1382f749b811c2d7b5c6e553b4f8927a7cabb336c7c1d50452b7dba325bc2a0f,9ad5587a853951e5a3b9d04266ae945469cc0b646d43c52eddd7a6faf6c9fe29,a61b28f3e60c45c29879bb16d7a171f5
case_043,4,problem_1,A,251964,1519756,2950878,1519756,0,,,,2.6894953247289295,291f17f71a7b582c6a104cca0567659b589ae26966179ee010fae3776cdfb92b,fab81077c0abaa6a8d50ca6815f53a065ca270f854927777f9f757d3fa6e90e7,f7453ba857a74d88ab75690ed2c32c2b
case_043,5,problem_1,A,247858,1671826,3102948,1671826,0,,,,2.7340493346997072,15bced72482ff966167e80839a58a676f1c86b97a8a1d6209db7b7626b464417,09a9fd67cfae0507da192b266699dbcbe65e5129793363f0d9d69014c30fdaab,714c9c5f63884b0f83686d24e7de7c47
case_043,1,singlecore,,677656,49160,1480282,0,49160,,,,1.0,,5736b7217ea7ad86d1a13b5b28641ea28a22658283689bfa3fa901ccfd1ef927,8780b5cf53f449eea0b6f18c90364b2d
case_044,2,problem_1,A,106729,3139104,4114560,1147424,1991680,,,,1.4467201978843613,71da2fdd40879e0e82b1cee6fafdc52a8f418267b953ec6a971811c01a857d56,782d3d4e6b3a664c20c9bc694ffc857b31d12bd203731b0a114fd1427072b9b7,e4f8a60899f647eda554cb98c322e27a
case_044,3,problem_1,A,104634,3466144,4441600,1474464,1991680,,,,1.4756866792820689,6a15bb4d7925c3186df82bcde7ba4e00fd834ac6dfb7fdf295fc49d444ee1e3f,c71019b4074ee7da62d66dee4fe97858e1689a6de7b0bf23225bfdde26ade46c,9f3df474a26448d6b6442c7bcb71ff2d
case_044,4,problem_1,A,94919,3403232,4378688,1411552,1991680,,,,1.626723838219956,b19be9c8d98f6a03a70048c2e11de8775074de2b95f207fe64715595d9fdd1ab,bc1a8bb804d547fecba661c11c9c04dfa93c3ecc29678ca163cba5d36d6431c2,221ac3e4b5ff4d9990311e4337ded567
case_044,5,problem_1,A,94770,3409856,4385312,1418176,1991680,,,,1.629281418170307,d75a5e28599775145d941b89653cdb48e5eb1231d9d2bd20723069590e87a421,021aefc065c9649a7ffe4ae77161ad37460907a35fce51708ca55e3b28a4a667,724e9f25c9f8416c81a2946e7e3a1a80
case_044,1,singlecore,,154407,4438112,5413568,0,4438112,,,,1.0,,c8ee18830603685e88713976d818e73a623210a94956cfe328017ca3127b1652,49e25cf359924ca79f4946c7314910ed
case_045,2,problem_1,A,64080,0,557056,0,0,,,,1.9602684144818976,0f4046e928c0263c77379cf73f6111b81bc0173697575dbe433eb51aff4968b4,a4e4be46e634098b42eef3782edadbb04a1ba482add6a118da8480106359228d,4af23b194dd945e69fd2cf9268685730
case_045,3,problem_1,A,43480,90112,647168,90112,0,,,,2.8890064397424102,98d76f580b42479d066866bd3745d5bfd1de3e6e29c058cfa410d9e654d491cb,b11230952aaad84b6ada3199b0cdd0f47d51412007cbb821f2e3fae29eef7d09,3cbc99fb473c420388d701762b21a6e1
case_045,4,problem_1,A,33791,90112,647168,90112,0,,,,3.7173803675534907,55e9edfcdae0baf435d3c21cbfae9aa68d5be621987d60ed6769f28dc09737d2,26111c01e1aaf96a2bd9488716ae251071513bf193532b53d44a34a8653d5351,10c06aca420045bdb1d87a3c5ccd2374
case_045,5,problem_1,A,27330,0,557056,0,0,,,,4.596194657885108,df6780f086157e40778b3749190203e339c38bd42ec315b9c228b0c12ce693d3,a0da5a9e3b1bf7a78d38ddf37f93f12df9723ea00f70b12c714e79af9316a6e5,10922047a8a4447a82797b162c088ed2
case_045,1,singlecore,,125614,0,557056,0,0,,,,1.0,,460768a5e18d7db930f9a526fffb93b82d2483eee12d1cee1b01b6a17b90ddc9,f04e2f1bd91a4ccaab18cdcbcad3aedc
case_046,2,problem_1,A,144555,2645312,3706784,1314112,1331200,,,,1.9124554667773512,bc170e8eac2857f4b45be1a4721f260b32f3616c9f258121000aae3ca5232c1d,b9c13da6134f2a7377ed9b534b4e72489a6b00403a8e6630e22363d47fe8ed2a,a6d73ceea808427dbca4d6728a769a93
case_046,3,problem_1,A,119918,3398432,4459904,2288416,1110016,,,,2.305367000783869,0bf1af8fc1f7fd95d1e8d406db0aea3c65ec117b8326a4cd26e3f9f00c4ee753,fa458b28b7a4e67ca523392939c7b8192c572db7cd56bad54e939506e7feedbc,db79fcd2634c4b899220c81ca2ce8e75
case_046,4,problem_1,A,110579,4611552,5673024,3358176,1253376,,,,2.5000678248130295,4804fd4023209734fd32ab5f6b4adcfd1794e88abf14e5f6875ccadddea84e87,ad64da1f94ffaedf90b47c7b998955586320d7ac1805de13917d0dbb2a6a19d7,4d3d339aeee343f3b4278284b1e019ce
case_046,5,problem_1,A,110579,4611552,5673024,3358176,1253376,,,,2.5000678248130295,6ed555ddc0a93ec6fba591ca15ee250cbf71ce9023402115e075e7828625d847,2ddc9329352b1c42e4028883f2b414378aa267959335b3ea5736cc83fa4bea68,b6d3b529c41e4b72804bae8b29625683
case_046,1,singlecore,,276455,3176288,4237760,0,3176288,,,,1.0,,22c0c606b5e15bbf22e6134d7e96706c1db12a2540b7fe61bdf27852773e5b04,92a180d5f3fd4211a4bca14cffa6d6ff
case_047,2,problem_1,A,244283,3495054,3958996,3495054,0,,,,1.3365973072215422,bb56db880f797573515489a9a0b672592cb6bc551becfd0c97e37395a6a0f660,7c91d8cc4dfc96c2b8eabc188f0d6b58d1b73278cfbae414a6bd2a6fe7f2a531,3261d9d5f80441a1a1741fca9ff388c4
case_047,3,problem_1,A,180334,3577108,4041050,3577108,0,,,,1.8105737132210231,720ed2225d92d2a2e1c8464823d083751a51cefb3bb5eb38d3d39dfc5200ce5d,91aa08456c0c546f48ad50432118cdbd907e21628552b325688e14ef0936fd49,6dd7ecbe93c14e66bb462eec4886ae06
case_047,4,problem_1,A,150852,3570656,4034598,3570656,0,,,,2.1644260599793177,adf84754917f10082619204792ec1c01718e1dacddf10cacc45ef42cb042e7a9,ba83f8b294a68a5a780e9a53d5b4c4aaef067af43110a87731663e7cbc9707f6,c96b73835fb047aa915fefcf9dc37db3
case_047,5,problem_1,A,130181,3692002,4155944,3692002,0,,,,2.5081079420191887,3025a956ba87332a8b872e9138f8a3cedecbd83562b047d1f8120570cd3fd5a5,fa8473d62f7816a7db40fccca545ee7f73f8af51d76a2e4b5018e06a5371ee8c,d5bf36e080ad41bbab34f6992eb61ed1
case_047,1,singlecore,,326508,0,463942,0,0,,,,1.0,,10e79bf15dd67b820d6bf1a93eb88e9a6bb45cf40766c61136a922e75fc65816,03690add8b7246d4a1381882ba0f97fd
case_048,2,problem_1,A,131073,842394,1257184,842394,0,,,,1.6953911179266516,03b88226c2839703d1cbc743e148e1f37443a85a75999871641a084a69e3e572,4443f1d6e427acd0c83ad2441caee317a2366da62d867dab8f3c37928501a56d,0504863d8ae44468a399b8c34e6ead8c
case_048,3,problem_1,A,113492,908320,1323110,908320,0,,,,1.9580234730201247,e6fe32a9c421c7e2f8d3cba9e535e8f642340d028eea136e26dad2ab42edbe47,fb54b3aa24abc8fa3c0f42b6d1cb84f239617626cb1fd6ab582e566fea5bdd68,1ca271c37138459690da2a91562f560d
case_048,4,problem_1,A,113492,908320,1323110,908320,0,,,,1.9580234730201247,f8d30e27fc2a41023454484bfa5502fef6dd07f18d45e60ebeef92300b818524,d83f9fda158f4b7e859c730f534886f74eb4686a790b99f0694b224fca57175d,0534f569aad140618bbea18c90e559cf
case_048,5,problem_1,A,112807,842716,1257506,842716,0,,,,1.9699132146054765,a60a628f56049eeac4f321c87d2d48ca1bcffdc9bdb826e6e78c1f1cc0e30f2d,fcf7be77180051555c9d5dd8840471de30ead5f8a91200bc6134df7c9c145f73,8aa0d5190940407eabfce4073b129257
case_048,1,singlecore,,222220,0,414790,0,0,,,,1.0,,4d46dc38028f63d182bde03c48d0fa1e5ad67160b274e68e47dfedf1fa4426cc,43efc43673934a969de749a93d4a6306
case_049,2,problem_1,A,132340,1841694,1994234,1841694,0,,,,1.4831192383255252,5c613fe5aae2008b9b0dc12e793e26d9e4fde7ca27c7c27efe7e80bc75530e48,90ed645d65fe935bb4e997c68c0bc3e79e0d983a82223c28f72cf3e51b2701c2,526a0864703349c7a5bdd4095b3b9b5e
case_049,3,problem_1,A,96717,1879708,2032248,1879708,0,,,,2.0293846996908504,4da3f62a17b5704b7599e596419d7034ea58b9a11ea1a444556e56fe6c734774,debe5230c0f9fe26deb597b1d76095f0db207d1ea41f75d0dde68b73b72ded79,937b6258aa9e4627ae3480855bc06667
case_049,4,problem_1,A,75061,1921492,2074032,1921492,0,,,,2.6148865589320684,82bf6c9d39b90379f5109056a2829f57684de4eb3d4da3ec58904165b81a7fb8,3ef7fdba2fe1c636a607027368e672d87f938436b1f6632ed64b59814327c73b,55d7907d5db64fbe87afa9c6814587c4
case_049,5,problem_1,A,67550,1931756,2084296,1931756,0,,,,2.905640266469282,eee9a2c93c5b1c5d44ebaf8fff1a75da891e46606b8910f3c7fba502e2e677d3,9b02048476bcf584ac4480d350602dd30b313502a218f9447b059c4d964412d3,a7fcce3433cf432fae4e1eee882b9d7a
case_049,1,singlecore,,196276,0,152540,0,0,,,,1.0,,30ea66ec46a3f4c470e018b58f7ed3724236d77f5fab302acd07193e38dcf431,783cdf8429434c579d9ffa6be42e06f7
case_050,2,problem_1,A,106004,77488,396864,77488,0,,,,1.4121165239047584,9c7196c8547195651b6c9568d469c2d4789ee177c8bdf8e57296364bc69b64d6,e3cef4f0d069af8a89dbf91085504f02e8a5167769a090a508afb66a4d7d8989,bf51cffb80e3412bb767b356ce7948c6
case_050,3,problem_1,A,76677,1414524,1733900,1414524,0,,,,1.9522151362207703,febff6dd51862d34b62e8a8ab347ca0064a76121c6af6a76cdde3026cb1aacd1,32c57cb6b808bcff0ed05b48fe98e2dcc72bcd7ff768ac64cdc440797aad9547,877276b8739c48fa8bc51e0605a8d2cf
case_050,4,problem_1,A,62694,1413512,1732888,1413512,0,,,,2.3876288002041663,ac31512b67ca5c9dbafe24efeb96a62b219b536e4c9af2b78525c987e4114bc4,7b405f9f350b12865f7d7cf79c6b4ae5ad17560d35e9840f23f4a73b8c3e6f03,20040920364a4de69b611cf814319a75
case_050,5,problem_1,A,53902,1415632,1735008,1415632,0,,,,2.7770769173685577,4f9da6a5c8b4e961daf2459941d311d1240d0a4ae65158a8daf67cf912717a6c,856a05d5b6f5985953601038b29e3ddca1ca3bf4537dc3042bee95b0498831f0,07f01d76fa53410cbee725c2eb2b9c71
case_050,1,singlecore,,149690,0,319376,0,0,,,,1.0,,f19b6677268a51738254ff888c4c50fa27a720d3b95a9d0d0825f1c950cfa6c4,983c11bae5df4e75a069a54161b59934
case_051,2,problem_1,A,591470,3768560,4161778,3768560,0,,,,1.0273183762490068,d46a0f8b73ddc92829e7fedbb7f3d63365b33d2bf2a83c858811a1ba28ac587f,901b06a401e61a18479d57739f93c0e59fd22e3af7cb8aff86f7e63c744bce64,ef43e68c376b49a3ba55d01eda4a6d60
case_051,3,problem_1,A,591470,3768560,4161778,3768560,0,,,,1.0273183762490068,95a102b9576be79c8931c667990ccfe3cb1299ad4f536762d588007094e4e166,ce8d708ef5e13b360d3eb8741f532624939788412ed7c4e714e964f10f2511aa,245eb6a5683742eba7f3b50f1e701631
case_051,4,problem_1,A,546061,6882002,7275220,6882002,0,,,,1.112747476930233,21337fd9b02780fc349c6a41b3d9c554b10ded8e5fc78895a6fea2f112995554,80b98826f30a4118ff65dd764ad2bd99fd84ea5cf9f855dd9cc3f51118ea293e,b1b9c78311dd4ae38871eb66e37c17a2
case_051,5,problem_1,A,501394,8684502,9077720,8684502,0,,,,1.2118772861262799,b4155fde6bf8ae558b93858d863b66dc260a00e3fd4aeb6231be43f952ec146e,411acb65e5c16254b06bd017b4e5c16b47aecfba08f266350529e24db27e9af9,038f35f6cd6844a1b91ba843364e22f6
case_051,1,singlecore,,607628,0,393218,0,0,,,,1.0,,4bb3cf66d6fac7a2f95510675f8a73987a32c42519da9df463012eded63c7020,0ad03214e9574fb5b4bc0349b989c029
case_052,2,problem_1,A,85820,363536,1173740,363536,0,,,,2.100920531344675,28bfc818149ce3d3e7eddf6aac360454c96512a4e2c158c8aa25e35c6096fa5f,4a7df036cbefe646523a144dae9e63cd9587637347fbcc21804612cccd0f4c39,bac58f80504d41e1b0bb8badb6441166
case_052,3,problem_1,A,57838,512480,1322684,512480,0,,,,3.1173449980981363,680054cb2c7290697dcec238ff503923cb3fce2cb5663585f8801a7addeb239d,58428ea2514fadca2512c8bdb469f28b93542bdc45be284cbe075205b0570db7,e9b89b4dda434c3c9708d8ed2f2cba15
case_052,4,problem_1,A,44899,443916,1254120,443916,0,,,,4.015701908728479,91f37741ffdf024b88a23d5374da8c76aaa5b245baeefc5d9ef386123fc82b30,c400a41352533d900a858b906245b1e73f1c0386c07a3a1fbfd40548cccc1d6a,d99423d43e004fff9fbc26f4152e2322
case_052,5,problem_1,A,36551,442424,1252628,442424,0,,,,4.932860934037373,8127ccb2b283f908d1b593e19162c025ab0900426001fc053045566e71f43054,eeddd989fa4c24a0c7fdbec67ff1fe0f5b698dd2b9bfd374f4ce69bd3db21e28,6c26ae3407134bc981b36aba7872b873
case_052,1,singlecore,,180301,0,810204,0,0,,,,1.0,,a5ef7b2e7fa840b8bf307c83eb23ee3024fcbbf22aabdfc8b25f841a1f171429,58f94c414f2f45ebb60dd150af4de6ef
case_053,2,problem_1,A,789491,16874856,19870144,16874856,0,,,,1.8653613530743225,e08f42fc0ce442543f3d7d8ed297d5499b692b8fee19989d5dc847eab4841c84,17c820756dfc8a8e2f88e39519c8e14d904e250b7d3b130ffa79f8708ed4597c,419ba66f20e842929cd3e92fb5730420
case_053,3,problem_1,A,581855,17024368,20019656,17024368,0,,,,2.5310188964604583,3b94dda8aedd66dfc3601383deb06e1487ba5daae82698020ab1c935f7d72856,4864500d633eb08cb688428b91d9d634ac679e659e89f2c47ce9e791cd2452e2,877101eee2044cb1944840c8912afbc2
case_053,4,problem_1,A,491905,17328322,20323610,17328322,0,,,,2.993842306949513,47ac7b8850c13ae84e5bc6bb232517c4d4610cdea5156fc496c58c982828fa85,1c419d3d64409d5cb7d7ac6e95276e8b4983f0f63634481986b3afff60eb8573,d88db7fe3e064ccda4265b492804303a
case_053,5,problem_1,A,448666,17203818,20199106,17203818,0,,,,3.282365947051927,342447dcfbf54140fd1aa4588f606dcd7f3fb27e1358d66cd208fdad3b8d3a9e,e1092700e6b8196f12229baf821dc350080ea47c848f607ff0bac80564cb0f9b,9688cc230db9421db12c411561f421ab
case_053,1,singlecore,,1472686,5405536,8400824,0,5405536,,,,1.0,,e82d11f837e9f9e7019387c1d9ea46d9aae1f8e62c0f08bdc2324b74cef5c5a7,c6c38b4fcfc94bc1a4feffe62fac90d4
case_054,2,problem_1,A,587975,5427992,7034268,5427992,0,,,,1.386200093541392,333a25d6789423d5c2c0dfd21db97734951a7b6e32fb6ad50b8dbc6f2074062d,4ceda744ef3f069ca06e69ed8c5f05ce29807a3836af0a1a9e02e5ba65123816,f68cf1a03beb4aa3b75281dc5d35d160
case_054,3,problem_1,A,362590,6721170,8327446,6721170,0,,,,2.2478584627264957,d22ec1414e658b36f1c8e5a36ce988e6bd5045cc492f65010dd2ccddc6c9692a,f6a505fadce38d5cb076e636a0a9e9f3f043bf9dadd22f6171d47902d4dd9b70,6fbbe37582e748eaa41bd829f458b6fe
case_054,4,problem_1,A,286547,6816674,8422950,6816674,0,,,,2.8443885296303923,ca9abba851a4bb154be844cad5c9c5abe5d593104a9447987bc6814170597d41,74a50330e47c22fd56a6520fbc67b9250cfc5f03e2c18fd839f3b43079c07d45,145b886c691e4dcc972f43d7961a2c02
case_054,5,problem_1,A,252025,6799692,8405968,6799692,0,,,,3.2340085308997124,52c19673f9f303be68c1e4c66edb010da5c95790ad3752c8966e48b6b8ae68e1,acbcd48fe201b0844207d8d53768aa18ab4408a776e0dcd32505a0a3e879cd6c,2bb22eadc618438eb5cc1bcc3180a45b
case_054,1,singlecore,,815051,0,1606276,0,0,,,,1.0,,0c091b5c9fe6e1a104a279e9e30b3d211b507a47e43020802c2544d29b60815b,8faa3c9eacf24a98a3b08063b4ea242f
case_055,2,problem_1,A,58526,557832,1183642,557832,0,,,,2.030465092437549,0836bf11ff063106549be4d2b63f9a90645536a0b67deb12d05645e213e92180,7446accc7758774a314cf6017aa4c5f95ca6223c4b5d06f69c04205d49697be7,d1a260e33c8840cf8ba7ba527fee621c
case_055,3,problem_1,A,40677,461664,1087474,461664,0,,,,2.9214298006244315,761d3677cc367dcad15f340ab7adb82aae7d40076fe98d4138fb36b86004b254,b84302268f5ce2d0d2b59256df5a0f68a10fba40a776f24ae7d1942bb4685f67,974e39377bac466e826246220822e2bd
case_055,4,problem_1,A,31576,393946,1019756,393946,0,,,,3.7634595895616925,fbb5231a20decb4aaa47f8ac430c5eb45da5a2f56fe380dc2d58a206e1f0c125,3a8873ed14051e8390146768d358a6fa7b61d5233dc13ddcaf7cefd4872c19d3,0bed74e4311c498c92033522b166fd8d
case_055,5,problem_1,A,26309,132096,757906,132096,0,,,,4.516895359002623,fe20688c6421cb79b7783ab62dce63d4818037f981ccab8e8775ef710fc8f4a7,779c85351a4dd208a55c59d976d3051412f1916e470887753d310e7017ebc452,2e18682108c742ddad32045a4d0d8fd3
case_055,1,singlecore,,118835,69632,695442,0,69632,,,,1.0,,d73a78af3e2c65d5d555e94b6c9eb7f0da4b5d37f6aa291c2d3f29e7c26f4d44,3d0c1d2a634042adac012a73966d64db
case_056,2,problem_1,A,205481,3014620,3236220,3014620,0,,,,1.3494435008589603,e5462c070a8a91eef303a39c69319d6ee7bbe301f88e433b71e98968b8615b09,e9b523739576b64ce1a786b7261888220f740d3b6633f55b5158764512d435f0,d503865ff4474e3881fe5fe286d5c8b8
case_056,3,problem_1,A,151183,3083676,3305276,3083676,0,,,,1.83410171778573,db06fc70d768524f1df315fc7988e84b31493b6abe8805c42ac5e1e590d3d255,a9c0476c201b38204213f80b60d18860908613bee6c77760389fcdf9edd188f7,aba26b0edcd44de8809b06072500df7d
case_056,4,problem_1,A,121930,3141820,3363420,3141820,0,,,,2.2741326990896416,0ef4230782d1a255fd47f84fde99f284dcd98e34e9f3833104fb45a862d29f60,e2783b5cd7f1464ba9fd3815166a21713a864db7a393f70105bd1c5e0df242ac,95485c3db1fd4b4e81113733afe0badb
case_056,5,problem_1,A,105404,3168752,3390352,3168752,0,,,,2.6306876399377632,9b72dcc0aa8d332bab5d70b770986acef988cb604575fd0a2b5d333649afe48a,6f6bf572a92cd0984c906b4d0d8308842aa1ebbe32d1d96228de98a32726ed09,b77a02e9b305469baf7a3d5cb6ef311f
case_056,1,singlecore,,277285,0,221600,0,0,,,,1.0,,6649f1e67c03769f3244a468a4d10a1820521d2b962afcc81bfff84feb7edbbe,ca7af94dcf5b42ef946c3407f9de4161
case_057,2,problem_1,A,30499,13824,356284,13824,0,,,,1.958293714548018,7f2aab22998d6413eced3cec442072069e0b0090766d505e0071d3105c2cff9c,c0052a64814b9842d2128a5e3fcdde57b753f9015b1489449ffb1f2f46090d01,e65fa45c225140cea3a3d32bec29e3f1
case_057,3,problem_1,A,20587,4096,346556,4096,0,,,,2.9011512119298586,ed5b344f9ab376b6321442d1680578dd3fd753ebdc7f217b202ef3959b873e79,d1ccca0f323e78c68930b466a7dbda77def0fc19f4da24b773fcf0390713a6d2,48b44070503b402fa0a8038c7ef8f113
case_057,4,problem_1,A,16482,44608,387068,44608,0,,,,3.6237107147190875,15d8a165a97433e6d06a8d6f88246c2b5cac440c5dcdc3723e0365c029ba719c,8048d7730d1b479b048727d66976d06f445452bdcbb15c618a8b107efcbf9c81,07f9d2a18d8249e4aba48ce961107d97
case_057,5,problem_1,A,13899,132502,474962,132502,0,,,,4.297143679401396,a90c361f5fd708aac750ae0f7da1ddf9e9c249ffbd389cb01ee8defee272e188,cad0a4c99f3e8c907124eb89479dc43098706d62525e359c31632ce5be4a78ad,1cafdde147f14f9a82beed89905e76b7
case_057,1,singlecore,,59726,94216,436676,0,94216,,,,1.0,,5c2ad40366688fe3adb5f3a0290b32aa57f9af8d7650a7799b6bd3c172964f2f,77a38f79b711474b960119919746aa5d
case_058,2,problem_1,A,2225801,64610304,72278016,64610304,0,,,,2.0395879955126266,ce3dc50f8ba053830c04d1baba9947fe4e72c7fffd4e299681955273d18d355b,9a87b6d2f55b7f11c9062790fe48191b673b56139df5a6524bade4db1ad4d99f,62949205fbeb431ab3dd22bf654c4bb4
case_058,3,problem_1,A,1659955,69206016,76873728,69206016,0,,,,2.734843414429909,64089b85bbb961a7b6baf852ff9510d91290a61870b0abee6fdf0541377214a1,2107c2dbf6ffe51171b476c379d30705261b5fa69f4811761a621763da00f9e3,64323df831cb4a9a865c7c3b046d59e6
case_058,4,problem_1,A,1254679,64610304,72278016,64610304,0,,,,3.618229842055219,c44b8e12eca5aa550c5706410f39b9e9fc9906dd679f2386a24830042a960750,24db0125f4f4c92dc1b7be55e305a47adcb89af74b1d336d0678e74e9c6c8d7f,e04d7542788f47ae9f4da51f3492814c
case_058,5,problem_1,A,1254679,64610304,72278016,64610304,0,,,,3.618229842055219,5c13959c54244aba7d638a09211f8044827ac25efcefb537d0dee54ce0cb670c,6694a19c98a549fc2878d9b4f7c7d343636297e934c8d815e9999d6d3ac53078,55578e002a454dd7893a5a60e07d0f03
case_058,1,singlecore,,4539717,28696576,36364288,0,28696576,,,,1.0,,559761eb52e2dd585417532dee6147f96580e1f33902b7faba0423f16ff97612,55fee8bc25f742e990f857c494922d17
case_059,2,problem_1,A,370860,3948544,5292032,3948544,0,,,,2.2366202879792914,7903d4778337497f7a5eb014282b232ba16da8ff82c9dc8843822ab7de5874c0,37c92c3375f4acf3b0f0e035577d661378a370a033d93d08bcfd054a024cbef5,ce15b7736ade4b18beb1811896c8ee33
case_059,3,problem_1,A,255197,8097792,9441280,8097792,0,,,,3.250324259297719,1c3c98f176aede4f357e2be51d3b45c99b608fbee6e650d71e7f3dd0410bacf5,7090ede2699c2c9837e81c386c8738f4c8ebdb4aaa7f0f71d20cc322f1d2c0a4,c29f95895b714d128c14196320d8d83f
case_059,4,problem_1,A,186644,5296128,6639616,5296128,0,,,,4.444145003321832,a2d20ceda066972ea07e7ebb64420beb4f231b99737ecf7b8ca6356bb3c6bca6,f72a92980d0ce5be7e8d050839ccf48585b6ab78c5cb7beb0a63679fbada6b1e,d82e98cae7f340fe86005a9adeca3aee
case_059,5,problem_1,A,161231,7540736,8884224,7540736,0,,,,5.144624792998865,52da65efeaa4154332a87a8d4fef64cac043fa2776934b692a4c362b4a376b0d,22069376985c2a98e11c057425e9e0e0902345d039e81a7241b831198bf4f47c,43d77309819e4075bcfef5dd56a05e50
case_059,1,singlecore,,829473,1691648,3035136,0,1691648,,,,1.0,,480770a7b5208045bb116d1c0e616b004e5e0567a8031a2ddab8f467972b77e5,f6d076bfc5464eb581aaa9670eb286d8
case_060,2,problem_1,A,440761,9084288,11183294,8772952,311336,,,,2.0164873933946064,22b8fc1208c604714fd0d9c1fa4ec229dc2f89179aca022a7280f7da11e4f173,aa2ae892e406bd27ae0f646ecc7302e8fa2f65c8dbf4659374713988cd3183dd,689f3c4f1e3b4b79940c3eb368f7fdf1
case_060,3,problem_1,A,291898,3725444,5824450,3504256,221188,,,,3.044861561230293,e09ccdd5c6364b40fb83a3cccf3566f550c65ac3f444a250f6bc9a15dc0c9184,5c1c26c54d0e34fad572f4227892e8534eb570e755d31b1d97a4dca4b3b88beb,3f422f19f209440b9a7aed3629808205
case_060,4,problem_1,A,223811,4952196,7051202,4731008,221188,,,,3.971158700868143,a5e3c074222d1b7cac21b2c6de1abdcd5a7696594e1e56ab55ebb283ddccc5c2,af5fb2b77ac80ec9d245f33a9a7c11a5d3562e30d2bf14d8593632885c5101bf,6ffaa68cba294aa59429a21ade5532bf
case_060,5,problem_1,A,180363,5613700,7712706,5392512,221188,,,,4.927778979058898,886be14772646f087f11089b66c1c00dbc3c901c6781d4e16665565c5b390020,577a884ac671c8c22515acfd92302ba7c6217722fa8dab2b8150eb6491d32fec,990916a919db488c92096958d9321291
case_060,1,singlecore,,888789,2068520,4167526,0,2068520,,,,1.0,,b5c4063f68d91969c6b2de7d7bad2a4f8ff755e19cf374abf5e7ff33d1ff111d,018d07691bb6492b996825e36cafa04f
case_061,2,problem_1,A,39196,103936,648124,103936,0,,,,1.9693591182773753,5b07a8d5c6d7f6f2f229045175699871ab6d6bab69041fad164461805689adcf,3af1e248dea17d5450b379eaa3df77b59ed5ce6183c4308dc37ad2e16616baf9,435ef21783984b74b536806c02fb2ac1
case_061,3,problem_1,A,27540,57600,601788,57600,0,,,,2.802868554829339,796fcc2d26e2794b1328c5d61115609b11b6b89fdf7201293a6fb5aa2c170339,5cbc658a3552ffea792f49cbae7caccadbaea3a707ac5fcd2a86c2a57a9d7e1e,da9832934247480d8e9446bb77c8083d
case_061,4,problem_1,A,22111,38400,582588,38400,0,,,,3.491067794310524,f22351f8465adeb2f932d3e2d1d1d0596fbc3263ff33a1852bfd057fd1ef1986,dd1166ebd6d355552e2cd56ed7fd223864b2449282dd68fc019d020ac95a7fc6,a3384056a0384695bbb08a57b0190068
case_061,5,problem_1,A,19159,71168,615356,71168,0,,,,4.028968108982723,80aeec6ca6593ec0af6a86b170119b0e0f6f8624842d583feda314c2b6be87c2,e0c2cbb381c6d32dbf79f06fa9f3b28a52fad83e4b475a6e23ffd1c9afa3c107,de75a9a7e7304986914929bad9501353
case_061,1,singlecore,,77191,0,544188,0,0,,,,1.0,,82d6f17c29c522807455d97670ae5aa0e25798f6d887549a75c515abe487ece0,5dfe2b2ed45b4a1ca219faf9534632a6
case_062,2,problem_1,A,1584147,6696960,20098560,6696960,0,,,,1.8021111677136024,0d8dd4185d21431143c43ddd63000dd95fde2f3d0163759d14754ef68ab21009,bee3b0ca968bf96a1c96db29800a790ee1d779cd27c99c45df9a136812e3ad4a,e7e75a3c53bd4b2bb5433f849c2e6f20
case_062,3,problem_1,A,1060906,6696960,20098560,6696960,0,,,,2.69091606607937,2353bd997265c47886408ece8cc47843f5c04f22cb0225a04762fc0ba4b626bf,348b2c10bf05eae56ee112989c82f26b523c235b514411466298a9c6a247b697,e45c5207525341b4a4e1764bcebed1d5
case_062,4,problem_1,A,800094,6696960,20098560,6696960,0,,,,3.568091999190095,895aef8023d59e05d50473957653da917a88feb00eb02c0fac81c0685ec23d3e,e5f3f147ddd026d2379a0c6cb5985d9176a9b2cc27277ca5008b6a4661592a26,5125f3ec15274ab081e29b0f1921e115
case_062,5,problem_1,A,649159,6696960,20098560,6696960,0,,,,4.39770379829903,97452f3b3dc37bfc40ae888eb95186763aa538199c4bc408ea3844e6404e9317,cbc9fe7d2fa39e37a4317f9874ef7ae30da3a0b567ed35a23808607557bffe86,deadded32fb64f949fe78a8b0be07638
case_062,1,singlecore,,2854809,0,13401600,0,0,,,,1.0,,f1cf79eedf5c61bcfb56fd60030d684f5c67b13542d9297bfcebfcce429e5989,074490fa55c94454a5f1309aa8febc1f
case_063,2,problem_1,A,548595,1889280,6910464,1889280,0,,,,1.9511606923140021,44cbee2eef60ad29a8e6ff768e2948a80df17c2770fed72c04138399dc6afedb,b1f8d7e26ed9ab6f8d9291191849fc16060606596246ac6906237f2b56a36ef4,c2f015486d1840faa5419d043d0652da
case_063,3,problem_1,A,369144,1354752,6375936,1354752,0,,,,2.899673298225083,1e881022e78b097e0757696b4a6bb1d37d4edafb6ad15e280f13a4f3079bc69c,258d0209a4e6a9e953764debd663a9e9e9f4915f3315e213461473d88855abd1,68cb0a2fb76d4ef0bc0380651bdc78ac
case_063,4,problem_1,A,280020,1379328,6400512,1379328,0,,,,3.8225733876151704,690fa42bc5cd4f2daab7a949ae1f59b488c12bf06fe5de288887f55e79d7d2c0,6473f5a0220e040b0cd46579b4123b3c0d03d59a1460380b9cef3bd3f3a0e2ac,2a0f28408fab412fa4b6d8669766fa5b
case_063,5,problem_1,A,241903,1311744,6332928,1311744,0,,,,4.424901716803843,0173f4e868761c658c394d46a78238c110ed0d0c656a57cfedc1a9fd0ed02db1,51025a27f818d2f2f21af57edf18a2b3129179e7dd8530ccd2e78e56b40e083f,54eb3036e4e14024aab8944e8739ba8b
case_063,1,singlecore,,1070397,0,5021184,0,0,,,,1.0,,30df766aa24c6a6d5cafabeddadda8499bdd0664bc4acd0103f3f71d6e88abde,a5fd9f33f18e43a7a7526e907f25facf
case_064,2,problem_1,A,16667,148124,185538,148124,0,,,,1.1469370612587748,958e42278ebf1985f326978adc08a90ae66b1b17b10afb7808638512ad7483ec,e044982da496c541090d0ecf4133a0cadc65ea94b4c672a3e7c787588943ee2e,40817182bb5341efb42866c7caeeb686
case_064,3,problem_1,A,14174,148450,185864,148450,0,,,,1.348666572597714,76bd9b4d66b3f0eb6238b5daf8fe57ade693cbb1aa4b7c3033d76f117cd78b70,b80091a81a6056d9adb05f83abc4432ee432e444765af4cfbcb50b3824c200c2,9041d570e611459a914bd3dd4f002d91
case_064,4,problem_1,A,12806,148842,186256,148842,0,,,,1.492737779166016,d82678506cc31117b85a0321169367ad53332f6460c8b483137b6814e653ce35,a6b25ca759e914145c9294094538b98df3b3570630c7ee19496b3d2b9625f3b2,08ccf07b850441faba25aa671bc896a7
case_064,5,problem_1,A,12614,154930,192344,154930,0,,,,1.515459013794197,9ca95766563bfdd16f847ab3eb3a101f42c8e50b73c26670239dcb21883401c4,da6b67c8e92f2175cdf110db41174780cfdd5650cb23f8cf3b13b1bc948fb929,06941e50355340689b6cbe7a1dba7c54
case_064,1,singlecore,,19116,0,37414,0,0,,,,1.0,,240a17364d216e42c3c18c2736a1ae7b00db97b452d272ee1f91ff90372febf6,8a2c8bb5f6fa40f194993b9408abbb9d
case_065,2,problem_1,A,23273,64068,380270,64068,0,,,,2.2802389034503503,33d875d10fb18dfd2cadd31c0e52888d20450aab4a15ffa89e57668ac6ab13b8,373fd27f27c34024e2e7c05ed4fe0dc582484f3d5d5da9bccb0d1e29fdc9dbae,2b63bd5d6f9b4ea0854c82163f438aaf
case_065,3,problem_1,A,17764,41904,358106,41904,0,,,,2.987390227426255,d3eb4dfb621c446923c7aee1f6026960af385135268b24886c16b2fb84390d4d,2a54f4601d0174dbde11818cd89845b6e33597f96ef437459356150d76e0cf83,2dca625e28e2413ab4671447042be5be
case_065,4,problem_1,A,13818,55296,371498,55296,0,,,,3.840497901288175,9bac20f735d3b1b90b4422031efe7e9facf054fe939b58cb3d13851eed44712d,13ef0435131ae726799664b898a5f555cdf56701617aa7fb2bf34612244bdee0,84df749922ac48efa2b14155e2038d07
case_065,5,problem_1,A,12278,79360,395562,79360,0,,,,4.3222023130803064,eaa149d7a50ebd3cbf9e9db4ec197de16ae0ce1efffb04998a20cf369319e839,2d780d764512ef16a5c7a80545374af0d7fbe705f64a7f42a526ae57f522761b,6de64906fe024139baad0881d3ba714a
case_065,1,singlecore,,53068,0,316202,0,0,,,,1.0,,17abf89c9c04f442242e29c89d1b1377018ac19161af064a997b63b7d599c3fb,e554844dbc4448d7bb2bab8ca57c439f
case_066,2,problem_1,A,235874,725730,1832764,725730,0,,,,1.522295801995981,80bc9df401b9cfa5da8a05a59481c2cf5560e95b8d27c8517573b79dd118aafd,83b068ab01350c7ae80eeb83998aba388577ca52ba687efa6b1e44a7da545a2a,ad112d0342604174bf7662c365c5c447
case_066,3,problem_1,A,172991,3570606,4677640,3570606,0,,,,2.0756571151100345,2180b027d5bb2302fc10528f722de094cdba6a5f07d78f3825af1173b7c95204,7652109f03be78b6c4b1029e1e7456c21d60fe112cc97aa0e5be5d58547305e5,c67a1fa6b13f4e6eb3466ca1e5b7fe7a
case_066,4,problem_1,A,145120,3682382,4789416,3682382,0,,,,2.4742971334068358,e646987970df8844f4cc18accb0542682c5485a3768e841f0bbf9eddd09e9456,60adab1af2fd4405a30716eb8cffd1ff9052c5017c0748e8fdeb4abc25a5bd8a,4bbf7370d3f54750806db94f3411e260
case_066,5,problem_1,A,123474,3682204,4789238,3682204,0,,,,2.9080616162107003,ee4fcdfd5a2c8b61a3b5c2515294bc94033c2ead376444b2e5490e00aa57e3c1,fd01dcbbcaca5b577ded7d0bf3d79c9c2fac626ca62876f5f64fe3bdd8d59993,650b460dbfe94df09a3dbda5a4f044f9
case_066,1,singlecore,,359070,0,1107034,0,0,,,,1.0,,ef7a553ea29bb2c6199d2216012d108afefb2cf29ec15310d53d90bf82f3b74d,c75da8626df649b4be02d156e6e98772
case_067,2,problem_1,A,32066444,223131520,229179648,39274112,183857408,,,,1.9907051121727124,c8a846033c35554d82a2effe5466247717a45cdfec8e362bcc65fb5a6c70de1c,2d3f6ffe87f528dc4f39eddc4cbb0e40579d78409fc337afabd06e02b36adb7e,28ab7b0037fb476fb80553616da6b1a2
case_067,3,problem_1,A,21515294,226426112,232474240,41620992,184805120,,,,2.96695150900564,bb094310f110d70d1d1ff691bbdd62abcf3368a6ceca1ae7da2ee00412620348,7c781374a903416a65349dcc6da7d6f952d6d1d554df9af82cb5710ead53b7db,751bef9eec5a40a9baa8c6ff2a854f49
case_067,4,problem_1,A,16194347,232350848,238398976,48849792,183501056,,,,3.9417973444684122,99d705aec501e56ee47bef105d97d170822e88aa1d88e700d8f68d7cbaa706dd,636655fa4ff562628fb8b7b5658cba22b5487352e2d03e8e2756a67fb8d206a9,636fadbd478541b28f5798faf420d962
case_067,5,problem_1,A,13356728,234678912,240727040,56366720,178312192,,,,4.77922691844889,447d0938b6070c6a7796058fe4e742c2638f5d1d7be9af48c48714c867de6e32,a8c4552a946694066e28f5ffcd482f7280853f3d5faf9f951cd43f0172604296,600aafd5c8454cc691a8fe2cf7709d48
case_067,1,singlecore,,63834834,264449408,270497536,0,264449408,,,,1.0,,77ddbe14ee5a68aa72557b21b0d5f649f08ccdba4dd55afff6b8e6a3d93adc9e,559e423b92944bbe97baba1643c68b2d
case_068,2,problem_1,A,231938,3426408,6197658,3426408,0,,,,1.5611715199751657,e756eefb656a6bb9dc564a7d635d569cba81a9e1ae8ba7635cd3f6fad898f8bd,4855c1f65114a854d606954b5becc9c14d707f35c793d64af0b1d33d23429ae3,b52bdadc20814d2a948676b6cd804d65
case_068,3,problem_1,A,188005,3820484,6591734,3820484,0,,,,1.9259860110103455,d0a24ab920856d6626323a6163dbe5b1285a642e5981d7470515c107d08fb674,0e0adc34936dc57880e5c3507800c847de5ed5a7eca891081797dac5798a2065,ff086470f22a4c9a8383ea5b30e8f6ce
case_068,4,problem_1,A,148868,3915428,6686678,3915428,0,,,,2.43232259451326,b493c2d3827a1c7e6d3769be89aa3e05ee3e542994cd13fe3f0dbf5b890a0e92,4f62e930abad326e1a1c0d180964cee4f0180d48882c4e1810fcf636c2677c41,c75b6f7b911a4fb18e273ca52998cb18
case_068,5,problem_1,A,146084,3945994,6717244,3945994,0,,,,2.4786766517893812,4b0a58de21fcc5a2f8045989239d9b502907a35c89d0f838b6d250b9b827c278,26292b21c48d0c41582e447b87c613653ce9939ea1cc476fc01ecc7d16c7e444,dedbb0871f77487ea6fd19a44c115d70
case_068,1,singlecore,,362095,0,2771250,0,0,,,,1.0,,009d361b15a9f18337cb71dd4979a35c8931af842e80e1d7d26fe1816ae798c0,1a80bb15c4584f939d8ce6e218edf817
case_069,2,problem_1,A,20633,105126,231180,105126,0,,,,1.218630349440217,84577b48be60ba24e0b01a9ebfcc0ee1c69415c90dd997e74dbab298765f36ef,71e70bdb5b2824a8b5c21003c8b0c81c350ed6a84e2664393c0441cb52f65181,2af8038f5d9149f1857559b85008af75
case_069,3,problem_1,A,16311,580334,706388,580334,0,,,,1.5415363864876463,d055abbc2694784c3612f71123f2bcca93ca1a65d1d36275dcad158287077907,063e647d2ee3b92a16c7328edba337c24ed5d0c82d750e2edf69b915dc9fec7c,9477ce35fe4a4a1389833cc080634571
case_069,4,problem_1,A,15184,562232,688286,562232,0,,,,1.6559536354056903,a56d0380485928ab22c8745dce2ecea977db339e65d9211fa13762a08433d70b,7d91428f11bdfbd11ddb9faeaacff6a866d4c672dbaf60b7f0c27bbf6b0078a9,e3434b88d6e04494b37a5f7ec5f9bcd9
case_069,5,problem_1,A,15184,562232,688286,562232,0,,,,1.6559536354056903,e5f5b35ab8f3ad9de8b8036d6970a99a6f6862eea294f7fd6804e2102de95a85,70b6bfbcc1391ce0d0fc36070dac4493176d242da975d09b19e703c879d521f1,6ecf1ca6edf2400c877d6f77177e9a07
case_069,1,singlecore,,25144,0,126054,0,0,,,,1.0,,5a60aaeda0ab24464e90f758e2bc4a36b3547054a59f9c707eba5d8dfd4da6d8,43a138630dba4fc097e6d8fbd358ba24
case_070,2,problem_1,A,57762,494848,914812,494848,0,,,,2.0307468577957826,4baabd314a1576a7915b31297f7914ad9c8dd523c8294c1e3b5b849d3feca352,8c9cd0d65428f67649ccf94e6c90189cd3824831fa9cda1b88290a6df54a25d2,10687c5961ea4af4a8563c2c427d00aa
case_070,3,problem_1,A,41262,337408,757372,337408,0,,,,2.842809364548495,bd165e1d9e3c1f1ec12bd213f029d53dc88d7a6377d9f69f4cf3716236f36712,aac57dcdc453e27384228115fe2d49fdd022d65d2a8749db2ea9910078400e50,d3f3fb1a881f4eea9254e38da36eee92
case_070,4,problem_1,A,32314,411136,831100,411136,0,,,,3.6300055703410288,23354cd3ebb51871de114b035e426b1c3eaacd28a35a43739457696c622556a6,bb4f7b7258dd1223dac7309132fb7d2a40eec818a053702907cab3ba54bfb313,e599e345903b41bd9224f8638ac592d3
case_070,5,problem_1,A,25863,366080,786044,366080,0,,,,4.535436724277926,a3a950cb145cbb1b6c28b433767601e5d31e1e5228d8b7576a2de4489d3a399c,039abe240cb840221f815deab5eaa05faabdb63729f4b168cc134a818009d4e9,cae40baf8b1048a69d3c9780ae77cd93
case_070,1,singlecore,,117300,0,419964,0,0,,,,1.0,,1708562d4730dad4dca3463b5418b6c7a4dd4ad78cc8784767729b98aecf0f40,61910568e29f4e6a92e70b5a558de9e4
case_071,2,problem_1,A,15664,93704,215150,93704,0,,,,1.2078013278855975,65d2bc6f11acb8ee467acf223511acbb6d4953ea428ea73b97c09a2686cfb47e,29bbe6b8b1fed84dcd7319213d6d0f2cb389769a515624f7c950ddf531a0d8c4,0f002353526443c29fbd5940258ce087
case_071,3,problem_1,A,12387,413018,534464,413018,0,,,,1.5273270364091387,0313d6c807e2c972bf5d6d5c39bfd4fafef2fb3b7125c7c16fbbf38b2284e2f8,3d0b8366daba2c9fbe689b74ff077671763ddb9f2c89d3ed6e5e0d8b233d4f51,ad3a13910cdf4f13b7791840a2ebe6e4
case_071,4,problem_1,A,11808,410652,532098,410652,0,,,,1.6022188346883468,3af6cb347b1e763d2115361b546da0e3a60f73921a8e7c18e72956161f555b27,b7813b1227b4e36c4ce81ea52132df71c4feb55e9d43fae0d46aec2cb051e88c,12365f4b8b514629ab23e9331904aa60
case_071,5,problem_1,A,11808,410652,532098,410652,0,,,,1.6022188346883468,75e8724900db06912a63878b3320a3f87d0c164650c34f3d7a609871cdeb9641,06e59f510fe56ca51ae238e027c9e116994dd303ba343641b9c58fd97b6e76ae,09e40181412842d2a993768920d86d0e
case_071,1,singlecore,,18919,0,121446,0,0,,,,1.0,,d4b25d17bafdc52e6eaf11a41bcdb5e2045ad99c36fd98229dcaae7e6e01b422,a5691535988a48e3b352a6c4d19b51b2
case_072,2,problem_1,A,11660282,139426928,150530112,139426928,0,,,,2.0495068644137424,acf970db4bee437f21e2168792095f249570083213e4454eb6d912bcb7e55f9f,b6dc35975afe0152a8b292bfccca30b7cc8b505a75cd5612b602547f85774f5c,3a0ada9630ca44d099bb31526a76766b
case_072,3,problem_1,A,7801422,142455792,153558976,142455792,0,,,,3.0632656456733143,2cfe250d2f1e0dabb07c07743344109aecc24463f54af1f8f93394ed50fc2962,ab7d928b36946e6735844bf4606197814be5621fa8457ee3cc4567c5fddd3bde,22e5dcaa644a4b078ba7359e7410e627
case_072,4,problem_1,A,5905251,136742406,147845590,136742406,0,,,,4.046877600969036,265d0e701071077c36c2512ff6e03fab891e640eaaf18a5c1928f22af80cc0a6,46417556ade165d05082847b817ecd0bab86da5d8c7f82b8ee1ce84de0205776,b1f2f55a0e3b4b0da8939d1cd1d75b11
case_072,5,problem_1,A,4712849,147266336,158369520,147266336,0,,,,5.070781601532322,e6e99b4f97ed4acf93a208deff2f0ab1f6d88de4cd094fbd5a2c08ffd3ec9385,342993ba85ab13ab81841c2f833940c85fdfe335e873f79607033b90adf9b403,a9483a2b74b04353a98582839f744dfd
case_072,1,singlecore,,23897828,108613680,119716864,0,108613680,,,,1.0,,5bc747bd546f1d60b49c242d29297398226143897455b3a1eec9d76575a790e8,98779dab0b7b47858219d023b9709adc
case_073,2,problem_1,A,5249732,131561344,135602432,10908288,120653056,,,,1.9204077465287752,2ce53daa9b0cab56deb35bfd87b6efde0e5804c5e9a5d754a795bf4c4d1dcae6,e8e19e3d7a5dc4a6743c671aa663f003226e7a8b5b7cd98909a1f7d0a95f94bc,b93481d2f5a64559b5b96f12c88b4c64
case_073,3,problem_1,A,3739121,123795328,127836416,15019776,108775552,,,,2.6962556172961505,48c03f47fa1ba12524a298e4dca2c385d1c6987d3ba2327e201bb600ccb54e4d,e3d35d746382e049c625c9fb1d12763dd433f67c19ada79420e37d95eb95e41d,2f20209000134cd087590ef53345b918
case_073,4,problem_1,A,3619403,116828032,120869120,17879680,98948352,,,,2.785438924596128,9ced8b0d0bb4ad8e194d9f53e36d69442932df6f7b7bffc94e88cc56027081f3,9d278e500660207b627ea736b6f00ec9c1f52575fbbf38131e0e09e3f1c6e95b,3b92f5410ea24b1cb2e70121664ed405
case_073,5,problem_1,A,3260086,122500992,126542080,24719744,97781248,,,,3.0924417331321936,38b1cf45091e57e6b21d0001da04ee2ec05fd7d7de89cd1e506b64ca9c9674d9,4927d0ff104cd1308295a88753824f107e65ce618793cdf508ebb01b877f470e,dca873a359244b4d930781e4802f2ef3
case_073,1,singlecore,,10081626,141570432,145611520,0,141570432,,,,1.0,,1544f3a320f92b2c64a4baf92f5668ec84327791083d0f924886ad332d0f7994,137b996097f3418ead43221c7be1438f
case_074,2,problem_1,A,832695,8065044,11841772,7290900,774144,,,,2.0202342994733966,628398339f30e746516c8c7262188ce6b15bc6d114d319c6674f9df9a6dd2c27,ec52c2a883e1ecb55031ecb700b8123d15037256bf75214a44d6fba6c7e62cc8,bd5b5fea7eb549f496628001bbb93090
case_074,3,problem_1,A,564922,8712192,12488920,8515584,196608,,,,2.977825257292157,0b69b2482171a39ad521fe203f3a86ae6d449d7f569605e5736e49ec5122208d,6fef8fe3641f2046f0081c544ccba225531bf3695edc5854ed0f11faa587cf81,5e7a7abaf368447b999d2f9dcee86922
case_074,4,problem_1,A,426697,10281008,14057736,10281008,0,,,,3.9424673714603102,d3d572b9554a04a46ef95f0253947d466f822c6ccf972af69e19cf3cb1958c9f,12ccc330e196c1ff81c4a5200358264df09ee2f261bed8f8070c613bfe35fd0a,f22833f01bf74fe7aad076d1f39f2134
case_074,5,problem_1,A,345160,10469376,14246104,10428416,40960,,,,4.873794761849577,a4487445d437896d49cdd796cd9dc67dd8a64c6a96e369266cbe366667708509,70ae314f359467d12daaeeb4c9ffe16ce84fd43ca2328a70063deea4f6f8d6f8,da5b904ef4ee48c69f65cf1956532436
case_074,1,singlecore,,1682239,6070280,9847008,0,6070280,,,,1.0,,722ea68cb7cb8d58ae153ab4d09e1a05405aca191ed2cbdc536c8a519487b81f,3801b76a113b438daedebcedcf9e5ac6
case_075,2,problem_1,A,811028,5987434,7824624,5987434,0,,,,1.7777548987211291,358219b15786d44b5fa9f44242d5ff99cb4ec5feb91cad35c5e0c8bded6a072a,a21091da0a41633321ef040e87b2a19db775d8fe17b2654680bb06a71ec2dbf2,3129bb6b13b344fa850c528419e259cc
case_075,3,problem_1,A,565181,7562170,9399360,7562170,0,,,,2.551057094983731,53db38cbf27383a309bf3abb4bae94ec2e7d407318a457ce818ae539defab7d3,cb7328382de386647dff5b6a406b0bb01329aa85faa9036c0fa342320a5b0278,04f9256b851e410da9ebb85cd4e66bad
case_075,4,problem_1,A,442375,7356136,9193326,7356136,0,,,,3.2592461147216727,230c185e8cbd3958eac9deca1bbe434b85f0a7f23c79e36831e4c7cadd4a21ca,b43f383fa74cff162693cebc674363ada8d1fc4ca0fda07473ac063d72ce591a,10c647c493cb493a8b522690daec408d
case_075,5,problem_1,A,389087,7371592,9208782,7371592,0,,,,3.7056211078756167,bf536aca886b959facd1aa2607ea2fac0bddef80cab14fca680ad162000ac03c,6ecb1c00ec3b5f2f7d0ea64c368d0c23cb75c49b50ed1fede1da3056aa20f739,1fb4387663644c8ea737ac0b7f2ff0f4
case_075,1,singlecore,,1441809,0,1837190,0,0,,,,1.0,,6bc667bdb1bed8bd026ba0d2dfe17e1dbef0ef3fea1edba08cbea22ed96238f5,adfdaaad90c2421ea9babf1a15319272
case_076,2,problem_1,A,3127268,60405780,64676454,60405780,0,,,,1.977800751326717,bcfce078421d0d7f69bde02a40a0839d06c13f7647f6820724524ed8ad42ccc0,f450245411e8e881b7bbb09657060ee79ee7ca7b000f795e2a361b7aabdadcf6,bfda7f7372aa4d18a71cea1a53740f21
case_076,3,problem_1,A,2093189,61853736,66124410,61853736,0,,,,2.954875551132745,fb985552980b88aebb4ceff688b8f6fb7991ad12aa89d4bf20d5d5014aaae024,f582d551c13c45c396263f5223386828572c974ba11c1f087fd7466ebecac271,72afc4f063a14842bd31c4ab87643822
case_076,4,problem_1,A,1572764,62796820,67067494,62796820,0,,,,3.9326389718991535,25d8056ffd6c2e4c20db3001eec85238ccaf2ddac21d9890eeefab1c7012a923,61612a72df084b4ac69367ad01346497c5e9a416c4abcd0b7d0a58b809c73d38,0045711a94dd4cbcbb02fdf2b70e5b9c
case_076,5,problem_1,A,1266673,61895720,66166394,61895720,0,,,,4.882959532570758,1d93e294569e765eaadeb350e069fcf4ea7bb4bfdc40d06237ec5e288b2f5816,c40002d185a15146bc0f2d9ca1f65e0aa6e86f64abd7aea3e382bebe32332231,8e5f7b196d4b4c08bef14e39297c5a34
case_076,1,singlecore,,6185113,28280832,32551506,0,28280832,,,,1.0,,df8b5b9ba0d2618395e0ecf4cdb07f18e3b05b0fc939b54c636ffe397b8093dd,2c09e070eb604246b14daf68e1af48de
case_077,2,problem_1,A,243723,1938618,4079978,1938618,0,,,,2.03230716838378,f287a6d0c4fc8aac3bf3e9f17c7c3426735ace8a177f0cd5a340840305c516dd,d66d2f703760356a7ad55155bda3bf930ce830133deda378562c6447c9146e5d,ead3d316c8864d0286dd389cb36a2cd9
case_077,3,problem_1,A,166674,974012,3115372,974012,0,,,,2.971789241273384,857ac52a2a78a851194e9a4c0b593ce7f0985bb7ca8183d60a225b05e2fa1427,838cbfa072006666c1b8ddb1d1e9940fe057401f66c91cb83d99a85cd0ac898f,d6838493036a49e79b9b0ace2288d9dc
case_077,4,problem_1,A,125268,1286344,3427704,1286344,0,,,,3.954082447233132,82952ffc0a8312bd435ea7b5df2b4b361b49f66a4bdc670fb401427cb4e7c775,958ab4c05cbf00379f225bd67d87414b4931b605ff46865fa04f5582438047ce,0f37bc4e414d496685ca74b1e59ea042
case_077,5,problem_1,A,120559,1123518,3264878,1123518,0,,,,4.1085277747824716,71df7fd5a579d1fc44f675cfacd25a3a9d716374b31f9f9f74a74b91581ea764,f4ec0d4d6acdf452718532be5559fbca73475ebd28f63a542530af464b51bb07,ad031a01606c490ca259a7e10537d301
case_077,1,singlecore,,495320,0,2141360,0,0,,,,1.0,,23cbd0c00e68d4dd7e40dfa123269a6cf96fd81a5a6f16f2a198a54f05d91992,2593b5c8d16b4903b84928eb464af58b
case_078,2,problem_1,A,1075510,15086976,17432064,15086976,0,,,,2.134934124275925,87b681c4e0ffb769f6183f3e8bce33081505abfab19266f83cbebf1c6c7e5d67,27402be72bcc92244274a6fdecf403163aae29f144a78ef7d77b037049f48c7c,f18cf89ccc0d446c9c9f1ad0335faa7b
case_078,3,problem_1,A,763972,12935448,15280536,9445656,3489792,,,,3.0055329252904555,7a01eb0bf3cb36a5042e27c2e3910be2f43d5d42615a43b39199b3d146c46d38,7c40375ff2e9e9507651dee48f2605214a5fb4b600ca3f8061099523b685d4e0,0f621fb4cbc2430a8494a2b536eaef99
case_078,4,problem_1,A,593148,15467904,17812992,15467904,0,,,,3.8711131117360256,76a1ad4b90ca8b134603fcdbc220aa0035fcf9ed25994947e42c6c34fef74112,c15b397b9df33dd9e305cfc572481a997af883f820eb8c51dfd873581650b48a,b0f96e144f1e4acf80a07c74886eb596
case_078,5,problem_1,A,537096,16526208,18871296,16526208,0,,,,4.275107243397828,af0028a588c78aadf3a4d309c49f4ff5da73d4ad7866bbd85642921fff0fe085,fe2f8ce793ba9e20fd3dffda0608ea0ceb290ddaaed2283040d5f66a35c36cc2,76c8c03f81a34aa49dec339d188adb70
case_078,1,singlecore,,2296143,12644568,14989656,0,12644568,,,,1.0,,8df3e10acf61559b740dd33bf8774fc7b9089c48459ed64681cfdbad22a843d7,ddcaf440af58469c9ab36ebd3f8e81e4
case_079,2,problem_1,A,14802956,62312448,71663616,62312448,0,,,,2.0977060932965013,1929cf24b2bc675794ae44df65a63737ed75836002a66dc91ed23961b489c211,9219292366d90b3677640384e6d79f91128bda980bf4bd11104750a7c44b7c00,2d1d56320972454cbcbeb047b05e80ff
case_079,3,problem_1,A,9870758,65961984,75313152,65961984,0,,,,3.145883122653802,7ba607a616508e191245fb16324bbf07d240201513f6e4ec205e57074cd81632,6304d4e78ff0760b16834054b01d661b7cbdf299804ae05db806642a4dd264c1,16211dbc170343928d3bf4683433192b
case_079,4,problem_1,A,7428572,62312448,71663616,62312448,0,,,,4.180110389991508,752c62e203de6a56f5e611ff20d3bd9f2c236ac4172c647cc839471f91cf40f2,60f3e685306755975b85278d39d2c60048a40f3450715ddbe19a70ae79ed3e1c,d7a6e6cca90b409eae0e3dedfca8da45
case_079,5,problem_1,A,5981853,69611520,78962688,69611520,0,,,,5.1910755747424755,a1aa436abb4ba72f0346ea8da0dd4c6d7c1718ec89cc365af497f995a457f784,1528511fa54d6cacc786d996f754abd73804343368ac677c43a9c521d57af455,ac63927dee17494089950686c036d86d
case_079,1,singlecore,,31052251,32448512,41799680,0,32448512,,,,1.0,,86d8c0a052609c032d585fee81d05fb89f364f267f0140cbd1b7491219b0b0ac,ee90b00a05d54f9ca819ea64ffeb0332
case_080,2,problem_1,A,146997,2379776,4358144,2379776,0,,,,1.9873738919841901,b13b3e6cd76d69e5c3a848f8cbb4ef3f3132b1fc82670e97f6fe2a16a95c35c8,5b6fef1d31fd73557e7bf26d0406e0d0068d0b5efff65d505619e6af0c2b69c4,77a1c24c5b8640f39fc6cc6cf3522c63
case_080,3,problem_1,A,106431,3633152,5611520,3633152,0,,,,2.7448581710216007,7986905efb02c764e4e08418a0e853529ecc6907db533c5a04783164bfef1b2c,959ca3abd10a83444964d581f96afe11196e13b3fade69c0c9a20832c4a71dae,f25d70213a974f61a3df8a98c40f778e
case_080,4,problem_1,A,95951,3452928,5431296,3452928,0,,,,3.044658210961845,d77afc65171b8d017d5e1a031919c3e28badf5f66c87dcc48738c6b25d354df5,f46c518008234ba88e3d9912ef1ba6747cc13265832181c49ae87e341adccd06,43b61a54653740f99541a301384f6b8d
case_080,5,problem_1,A,95951,3452928,5431296,3452928,0,,,,3.044658210961845,296fca9632969e500f6437fe36f689cc44f305c8d5f5bedd232aee6f1b37cc36,f0877fa6f0e67894c1ef0eec0545033f541a20510cc74a93342672b2421ac516,6ecad6bf8dd34d819db915621298c0ff
case_080,1,singlecore,,292138,548864,2527232,0,548864,,,,1.0,,bf1e0f06d1eb49b3d85b33b3c3af09257a498be92aa7b8c0c84b720806029b3a,8af3809bc59947a6b4268d51277740b4
case_081,2,problem_1,A,77480,658684,2399824,658684,0,,,,1.9591507485802788,29539fb88753a865eeaf9f15ea182a6dfb4a8a46f27fac258d156cce148ec8db,1b751fc18e98b4e3ad806787c8d5d3c2450b979bd46b0dc6b17a53dc1f4ef328,aa8be3bb203f4f359cd3af227cccfc74
case_081,3,problem_1,A,52475,110840,1851980,110840,0,,,,2.892710814673654,973bad837c94cb11cf3f7487f6c448200935e8cfd09ee2ed456a761954621ce6,e4220119df40ba8b51522cf0c42cb568f81412b16bef39d9740f68cde041c420,a09da261a2b849feaf481f2f9f9a2492
case_081,4,problem_1,A,39450,32840,1773980,32840,0,,,,3.847782002534854,94ccc1bbd85aa3731d03cbbaee7c2e3f1840b7c69ce4d96a1e16fca5f1a45442,fb2f40c480f2a5c67b932559742f6233a7468c030d15fef8a03fc9b85d4d83a9,fc8bcea4c7e9430c91f106601cf9ec03
case_081,5,problem_1,A,33672,34896,1776036,34896,0,,,,4.508048229983369,7a06239ed22e1a463e3f2aeb8f94d75de402e8e623f1406c1ca7c211d891a6e6,b786cfa008a7d7cf3f58937b23f3143e9de4a6002a22db9b214d696cab0d01b4,8b2d56069ad54ecba97599bc88201f8a
case_081,1,singlecore,,151795,0,1741140,0,0,,,,1.0,,b5e35865e3a8be53e3bffc489176352e620be635edc3dc4a0d0cfa5be8d44aed,42eb4251db164a26be4adfe06759786d
case_082,2,problem_1,A,410169,3539116,4131122,3539116,0,,,,1.7579119826217973,89ef85afe8e747090e48088b7d56d6887b55afd1c94ec7c9c5d78ac19a2fcba1,daa3e9e4e28593b6f75d67fc25d897f5390d9d7265ae29cc709f475aecadd0a8,7b05d4ebb55546e9b82ceaa46da10e90
case_082,3,problem_1,A,285469,3878086,4470092,3878086,0,,,,2.5258119095243265,c485529ff1a3cd576de544f42f77d7940fcb21e9d5bf771b38e1786ed29c8874,a1741018d34b107be235474c6a71d052bf9335701ac9f5c76a49e979350d59cb,c5fdb7ccd5fd4fb298de616a41476f13
case_082,4,problem_1,A,229166,4122608,4714614,4122608,0,,,,3.1463698803487428,351b03ca8c094e7ad32f2b3a1e60b8137847f2a72f06afa00b4e384b3fbcb277,3b18e896b0f9c38065233a1aa56210307bd129104c4a2c0e32ce916dcb675338,d7a54a5c259941d5a684c07e297bd654
case_082,5,problem_1,A,189618,4151908,4743914,4151908,0,,,,3.8025978546340538,9cd317f9cf107219c658a8fb1bf0bd46455c2704051980ac79af564cf7407d96,cae7aeefd9ce200790deb77325345cb5a9a05c74f0198567f5d5b0dbe6ab6ec6,2540d30fad554e32b56cf6c349f86e30
case_082,1,singlecore,,721041,0,592006,0,0,,,,1.0,,007cb97140b6c14655cdd0e5f63870b51a9ee66074c2da51ebabb0a8b90bd1fa,b99533e079a34ef085278c3626f7ed25
case_083,2,problem_1,A,538347,14059584,15497888,6918560,7141024,,,,1.9652621821984706,5a5b23fb515137bdd7947d8962b43a351abf3a54abd40ee54bb92ef6e42bc2e8,40a32e93fed968e6271e0e2e175e7471ca6dcd7810cf4092cc6b87797873b92e,8facec97deea4ec6bb3d89d9636f0df5
case_083,3,problem_1,A,391924,14874304,16312608,8496576,6377728,,,,2.6994851042549066,37a32ad17013d337493ddff4f2fd49f4f6b8fbae8b5e79f0025293be5a681fa5,760b72a47f8e9ca1d738074d895e027df5ffc8c9ec6221404e838167ca054b2f,eaffeb444bc94c47a46855b5eb34d505
case_083,4,problem_1,A,366855,15616320,17054624,8690624,6925696,,,,2.883954150822532,197c03545b9b8a5f055046f1d9ff7afc7fd8e4e8307d6eeaedd29e6eb2e6faa4,a2c55da22f81f6e007065361d6adcdce732eb045c99d9ad4819426e30e8a8429,bfe4e766023f4fe9b635c782b0615ee1
case_083,5,problem_1,A,335096,14155968,15594272,7284416,6871552,,,,3.157283285983718,51cd07b78eaa5c57a15d0d448abee69f984844a87b6533e601dbbf6f7d49ae0c,ce72c61d17469b17f86e9f03d37a5670fc4cffd6708fd792a01e315e7057737b,40ce1341974a400785994e2a3f1ff259
case_083,1,singlecore,,1057993,13934688,15372992,0,13934688,,,,1.0,,e68e0d6222a0c46d90b6e9b92f2f76ae8d4cc128316dd325191b11d8a3f4583d,81da05c8587548fd811b83effec35d99
case_084,2,problem_1,A,1256288,0,13236330,0,0,,,,1.9958894775720217,51d69a5e7297cdb708572b53be94243c7046c07e4674a70fd3f39cdb0b5d20fe,b463ca63bfda6076281c5e18a72df0b5524faebdfc2cf014e48a35a392c202c8,a54cd29e69b14cf5adfdc6d688c9a59b
case_084,3,problem_1,A,837356,0,13236330,0,0,,,,2.9944396409651333,2c082d606e81ce1ee0b6204f1f6a4c075bab3b4785fa01b2bf896b3432db23a9,860772b43ac5ee516fec541b88808cb67b184f0c654e180e02e04ebdbaa17132,909c0e1d5fff4ad8a155eb839c26ceb3
case_084,4,problem_1,A,629752,0,13236330,0,0,,,,3.981586402266289,f4827f7438eaea060256044f488e506042484fa9f9eb3a64714b442e0f76e68e,7d958b40ef3d0cf16e616402f07fae26729ae0d82307fd8a4ba0315d6a20de21,a6effc9fd2114abd8482c7d70497781c
case_084,5,problem_1,A,504352,0,13236330,0,0,,,,4.971551614745257,12b74a73472ce8fd4c5d3267bbeaeead206e80f6d1ebbe157570233008ccc774,2f5c8bc5e12842de96c0c0e8b5da8614cb3e1bae1593faf773e91361d19eadb4,bb8062398d5b4da2839182df85e86c66
case_084,1,singlecore,,2507412,0,13236330,0,0,,,,1.0,,008664dad8826fca18bad0427f84cd4fc6f944c75b2a01b2bea28932c7dd8111,ffc52ac9f8ae4365bc8572ec685c57ad
case_085,2,problem_1,A,1831626,16076820,17766554,16076820,0,,,,1.7404748567666106,d93b2795235e285f5a11906cfda830c1a0700169f3a1ed6f0ee0e247e0b73337,d7873e0aede51d754e6331fcde29c6e20e1dfeebfa8d54a5f2b5f25040397a1b,f6663f455e5d4d0f847fbb4af5ad768f
case_085,3,problem_1,A,1261428,16854536,18544270,16854536,0,,,,2.527214395114109,4842b7158d3a7052a8f6b6c366a180e5500b7edba446bb4209c049df7013c40b,b3b15af5a0b5fa17f7bd51266a87afd98c8bb8f4ec86a5ef17cf64395b0039ae,f3e6fabfa6194a39ac5def12bc696b27
case_085,4,problem_1,A,962818,16724064,18413798,16724064,0,,,,3.311008934191093,ddb82ddec3b8c88b413d34e8d7af6cf77c84810babaa316b514aa775c777aa67,e286593478a0c71e8d2acf1326f2d04a6d68de456426ab23d4e0043e0bee5943,bc45cb2bb6564f7b9144bd881a4ff190
case_085,5,problem_1,A,807293,19913760,21603494,19913760,0,,,,3.948874819922878,ef469450b0edc0386382b9db710db711beb62a790611eb9e7397a56ee3b421cf,ba996f62de7665a4bf0b1ea4e75d9a4c0614f7e3f2c28226067b665c37ac8c46,3c29937963e54ac4a0138222db4a7a17
case_085,1,singlecore,,3187899,0,1689734,0,0,,,,1.0,,c10c15fc5560e0b8ee5a2b48cfb34d50b239d46908e7ccb852efe2d208141dea,b4531238a7524ba89c632363f3dbbf30
case_086,2,problem_1,A,109803,2170408,2508430,2170408,0,,,,1.078322085917507,f92942f41e52e79c085039868d8611b33fd5092079aae2628c25e55f43a23c08,bd524bba449841801cbd49690649ecdaa0fe2c032e2d3dbb96fc30abfc658a06,8eeca11501ed493ca67e59bb2bd481d0
case_086,3,problem_1,A,77068,2683154,3021176,2683154,0,,,,1.5363445269112992,e20c97f1a0227973f4b1bb1c13f5b8d073b2205db7d731e4c3999a4cfc74601a,09ca95e993bfab36a57be4b5287a7072d58f6487194c81328c4f03fae5d3e28e,ccd4ecb1a6614af888b7c99adeeeac76
case_086,4,problem_1,A,70475,2965180,3303202,2965180,0,,,,1.6800709471443775,aaee35014c0857c82ac61fac38849d079659c9dffc43a45823fcecbd3a34a8eb,f63b8dd82616b415e8ed67d8d71c657ce72155f767d2470541d29fa7d72a4f58,9e679bb20a704c24ad5a1efa3028bd2a
case_086,5,problem_1,A,66343,2977092,3315114,2977092,0,,,,1.78470976591351,35ffa934ac8253aa9a15827ac5d8fd8c8744763130200e9f09b0b20e8f214a0f,920a3fe543ca2bec82293f96a84f2a5e093b98bf3635c1ca2488a7306ed48335,c68176ed1f3c4a83a905ca765c7eb370
case_086,1,singlecore,,118403,0,338022,0,0,,,,1.0,,af45988a9ba16ed240dd638390a0cb1bddfb21cedb7d57ffee55c17e937a560a,78137684b9514e74a2fd91fff63cdedc
case_087,2,problem_1,A,2376570,62651502,68570600,62651502,0,,,,1.6721876485859875,93ccc6882b9ce726bb539b53f294eb962925bf9915086cf492f4cf861ee2cb17,773b857ec6e2977a759247226bec1d2ceaab55ab0063d2c9b6980692aaab4050,b6ae08b8590140fd8f2ee70ea234092e
case_087,3,problem_1,A,1711707,65321502,71240600,65321502,0,,,,2.3217005013124328,a8fe2f827ff4f59f5e0d82ac913df125a64a4f6bfbcb33f20abcf359b0aa1def,fcea73f49fa63d7f90a29d67072b09aa7ec4c7ec0132065b2ce54579aeed1973,90b4e89de6374fcf84c1c90e717f0c5e
case_087,4,problem_1,A,1393858,65030702,70949800,65030702,0,,,,2.8511304594872646,89d14e36f9ea1fd7911d66749917e7ff9711d44f1991972b10055d3b9095b1e1,148c3626cd2ce1e82d2120195ede1b828c67ed5dcd6cdfb1d5363e0523331ef2,152f448ac4e84c1fa3a0d45cc1790a64
case_087,5,problem_1,A,1132381,55311634,61230732,55311634,0,,,,3.509482232570133,aef4af28e103063d60b1f334fc1c5910001bcac837ae691b476b87315c20e038,8d553e3520e927a6c9ee577fb2733a457861ad57502190f76a1d82336c36c56d,5e7e7f3e82f6453cb8165c170daccc02
case_087,1,singlecore,,3974071,7902720,13821818,0,7902720,,,,1.0,,eecff098e45dab977d9ee23e7dc7c52f587fadaad508254711e51e7afe53ba3a,649b4ccad63a4d0d83b961152d1b0e05
case_088,2,problem_1,A,153032,2109442,3939240,2109442,0,,,,1.5919742276125255,3e1115f4c47dcec101d56e6da2926613f48d04418d2f97d6afdc37ea193c4284,4210204359b474979cfb17ce4e6f8793c0f1ae5afd10f9b03998d1ad3b317974,e9b54b95d9c7463a9adba851a1102514
case_088,3,problem_1,A,127211,2483576,4313374,2483576,0,,,,1.915109542413785,45900a7eae91e68ef3b54119896446b9ef6ba8a62ade933dd858d29738e7f8cf,b2a5dc2e2819bf05687eba20324e43bd82b7dd65acc289f98f2774881be7d0fb,75d9848321464156816f010187727d43
case_088,4,problem_1,A,101927,2603162,4432960,2603162,0,,,,2.3901713971764105,396a3bd7ce7e5fb4799ac72737d6ae08f6db9df643033b95d5534b3f5566339b,4c8ce0694971fbe28eeeba2973fbe97bbb0ad6895cc9b9da17fa01585a91cb3b,9f3771b074f34ae38bfada55110f59ea
case_088,5,problem_1,A,99452,2518304,4348102,2518304,0,,,,2.4496541044926197,86be6141c7163bb6bc78cd57b554f8219f3a72b0f867a96846131efe8d52a4ea,009b457b8d9bb76ad1b5bd6dcd41ace7e9fc9e4edc6021336a7eefa2cea26867,b0609b43abf04a56a6700ba2909c2086
case_088,1,singlecore,,243623,0,1829798,0,0,,,,1.0,,9458699331cfd074a4d7efaafc609d37e7394bbc005fb38c05ba0e62b374ea12,6b983362f41f4ecca3325b0f2f91d8ab
case_089,2,problem_1,A,347616,1193600,1760000,1193600,0,,,,1.993843781644113,5c9252964b8f0acc36ce0ec6cfada2d54232e20fa01f7861e1ef84b3a3a1b9ff,b55fc0264c41f0f7567a5b2bc795370fc7c8344968ba9435a49deded0fbc3068,7774bfd1863449628b6fa1583b6664b8
case_089,3,problem_1,A,244429,2354016,2920416,2354016,0,,,,2.8355555191896213,3ab5eea98d8933dea59d1bab52766521640b93c067a219226316062b98704721,3a49838e6fbd5a306ac001f34c7232baac15ec27f36d3407cde3aab15521dcdb,8a1527f92e9b4fefb13c76d225d4d937
case_089,4,problem_1,A,177792,3182712,3749112,3182712,0,,,,3.898330633549316,5ad63272258e0ec935731fe17cabc778c4d91ec7d3c9de9e58e04ed318d4865a,f8cb8151590bf43099145faa05351d2424751ec8ad35aed9e6cb45fe1975eb9b,fa606e535f7e4d198dc5f478d9c923e1
case_089,5,problem_1,A,148193,4627848,5194248,4627848,0,,,,4.67695505185805,6cbf82e6b5d9c3eeec79ca70edee09cfd7cd585b68ccac9a9572ec08b8c9cbee,15d27ac79d2b812c95a41e78724919cb88c157f21385ec3450318cc55f231926,26f00ba5e6b64f9f95a35ded0880394b
case_089,1,singlecore,,693092,0,566400,0,0,,,,1.0,,90669330ac6f2abd378cc775e0a5aa2d22226b2f9288098656db2344d19ea6a6,4c4989cdb6a1402ca1e83d181ddade26
case_090,2,problem_1,A,620024,25855488,28083840,25855488,0,,,,1.9005119156677805,008e9fa830b2d8af82280d24f4e632996c37de95c50daa6d25901df5e9b811d4,979bdb620c9f8df7c94a30156d22f7abdb41b33241b53ca4b145079076c1d013,b4a0f7aa05ac4944b73914f8f1a76d56
case_090,3,problem_1,A,498190,19809552,22037904,8814864,10994688,,,,2.3652883438045724,024951bdb5f9b3625bdeffef08676496d81d6263f8f77f6289b1b3a5877222df,ef790ee4c8a7a895b637207e359c3faad924cc0ee654d0f0c6b6a9cbdde52eb4,f6a9c28def6f483e8c864c75608e3342
case_090,4,problem_1,A,498190,19809552,22037904,8814864,10994688,,,,2.3652883438045724,2c1d032d303deeaced871191d8c882a80521532d0dc3bad83ff53d45332d03dd,d1b14b19e32accf45c6c2413e831ca4355e88b7dae0ffd1ccc7f5a1650cd0920,db1866a39c7f4b0cae0ecb7c5148d050
case_090,5,problem_1,A,498190,19809552,22037904,8814864,10994688,,,,2.3652883438045724,286b91db75df8924f72d1b033688ec9a303ecd285eae99512091cd833cc6ac3f,93453694912bdef40dbc5907a1fd59ac1f81d83a34d3d65d0d111467672d17ab,9551c6ac6b6d42a7a1360ebec131eecd
case_090,1,singlecore,,1178363,21233592,23461944,0,21233592,,,,1.0,,7a0dbb9a4347981c536439a817d4d84279fac4c795ac60727f4d14bff78fa160,758ddee71d7a4934991c54f2fa6dff37
case_091,2,problem_1,A,4569590,81581644,88159300,81581644,0,,,,2.01041428224414,e8c95f27abb09103f30b00ff20d8b6fe86d30a7b34f2596def0afd4d93517bc9,a5ab08f66ecdc90c95e9176a14ba3d5ff031091fcb0b4203c11a6c382a5afc75,824d207302d24cb1b9a3080b098be10d
case_091,3,problem_1,A,3064138,84112456,90690112,84112456,0,,,,2.9981577200504677,365b5c62f4c2e53ab78b3710aa1c0e7fc1055b312edf250a792bf655f2f0692c,2a826564e938d1f562e1157b32011560a037a775523faebb601e9d4307e77c08,62228c505d6642ae8ac9b8b4ee873de3
case_091,4,problem_1,A,2322606,80095300,86672956,80095300,0,,,,3.9553712510860644,e3de45f1fd560854664ea241808d973719b783dfdecb5306f5e465f9eb5408da,dfe98e220b7d13d7d6d5945271bb366b1b31b662f892ecf9f802411f5e48d16e,cc2c1f68cfbb47a48e1c29bbe559c889
case_091,5,problem_1,A,1877376,84237852,90815508,84237852,0,,,,4.893409205188519,d9ba7511c7b962cd5fd1517deb7ebd32bc4dfda58c61272805bad2e6e068c201,39e0fb605b6307da351accd9a2622b3578675747e0c53a86888e99f7ac97ae2c,6ae60e16d45a4538a191900da736a016
case_091,1,singlecore,,9186769,53947008,60524664,0,53947008,,,,1.0,,5c9adb22a1a933410a18c1f76b25d2fee3b147d205ed857e7dc0d1595fd97921,270ef6a05f404f13ba4ba8faa42c6110
case_092,2,problem_1,A,2750950,54016992,57273920,9886688,44130304,,,,1.7505058252603647,13aa35e70dec218ffc31e5f9cc2dd14c432515add2a9c09d7d267e6d0507e580,ad03bdba5607470efe4fcda223677bb6f98be05e86e455a6b2ad86d3df730743,a32822668d9c416a994f00908a4458d3
case_092,3,problem_1,A,2031632,55170016,58426944,12325856,42844160,,,,2.3702885168180066,51c90660237005e29aa69f333eada4cf8ad781cbba66b0502aba4b22e8ea933c,6a60ec597bb32897a3c413f6d6f078ecae4a78560d845b3e539923a3950fefde,15dbb02f99a648a9855a9205d82928d4
case_092,4,problem_1,A,1703238,55226528,58483456,11747488,43479040,,,,2.827293660662808,881f079cc55e6d1b1138ff4e18b95a9b633405071a1f8a0339c25332f42dd021,73c8c78ce02685fc8593547c4c4bae0bd8c95952ffcbef5a0dba81d0faefef6b,a1c3de223e27470fbd3256db66ef7b95
case_092,5,problem_1,A,1703238,55226528,58483456,11747488,43479040,,,,2.827293660662808,ef8a1e3fb8576a70e809ed60ce971d8781a1b0775f61135acc16fa13693f48fd,3b968596cf7650252aaaed21b57b91f667d15b803237408b1188a5589a3781f5,80a98f1df56c4a42a79c930addfe0a31
case_092,1,singlecore,,4815554,66000096,69257024,0,66000096,,,,1.0,,e9d2672723547eeb3a01f7e3908daf395a5c7f2d34715cadf1e3f684033d464a,398982a85a5041e1adb64155ef8ac05f
case_093,2,problem_1,A,37628,28672,743424,28672,0,,,,1.9720686722653342,a5e8f0de226ed0655b7e47f6b93b74dffc9590f6a4054e27a9fb97bd90e8b2d7,4242cc196085db4e8c942b308ef8cc181e560e3d9bb1b14b5b39f162fb04985b,5e338d74f4474b7b943c2c07a3f8c1ae
case_093,3,problem_1,A,25103,16384,731136,16384,0,,,,2.956021192686133,cc05de981040991477efece9b47d30a20b91fa61a29dac8fbc6cde9b4d440907,e4074e36c1f777754950701ffc9eaf1d542165c93f759ab222139f08f1a386db,be563005f10145c88f3b531d95d78bde
case_093,4,problem_1,A,20788,49152,763904,49152,0,,,,3.5696074658456802,a5761e1d36a29680c5ba12dc807d89c92f685bf625bdb95e90332dad8785c2e1,e95a6ddb088fcb1fbc71c7915efc821917e7983c025ead5e4864bd4d80b56255,91c790c62d024f65af5e56af44c185c8
case_093,5,problem_1,A,17950,32768,747520,32768,0,,,,4.133983286908078,515512d45d697bece6bf29b3ccd5ba6ad8d4138c90faca68a8b75ea07d5ff7c2,aa4461db5e7df95f47b06a7d42bc7f5b7695ec760838264c8fb17d2d392c9cc9,7daab1fe1bec424288efa608b098a386
case_093,1,singlecore,,74205,0,714752,0,0,,,,1.0,,e5bc5f140ecd7e5668029528edb533f0732a25b8b5e2a92e841d9036e597d6c9,e6acacf1377b47c19f6a1a7643a47517
case_094,2,problem_1,A,44176,928364,1455056,928364,0,,,,2.1480441868888085,4ab438ce0831c6204988dc9e364d37d9e230a8695d2339e92a4e0e389ffcfda0,c839e03a85fc574dbbf99e0c63e018257ef0e653cc397ae6a17f7696ce29939a,a612934f3f8e4519888790842149bde1
case_094,3,problem_1,A,30153,711520,1238212,711520,0,,,,3.1470168805757304,67ccdce76fc5f188387ce2f8ee03d02e7d1db42aefbf396bbc4a68beb8615e7b,9347a9f3605bc65908b347906749a0183a90217c582603f27522399fd9870df4,3473359de64446fbb2e66d8c6370e66f
case_094,4,problem_1,A,24763,526504,1053196,526504,0,,,,3.8320074304405765,079ba40c8307ba0bbcd237aa77fdc810594416de4f4cd5ec8f66407472b11375,dcf5b03137bd23e69054519e605cb15c7e41879abb1841c78238c04ef21575b1,96aaa5e0b0e14e349d3fe2378744594a
case_094,5,problem_1,A,20042,365696,892388,365696,0,,,,4.73465721983834,262ade4310f46b23ab4c034984e7aec53e3800ecdc6e61ef1ca9e49010129f24,2be104f6b692fb7c87dbdfde5c8f524e26ae7c92af2e25073213ce0c24378822,9ee0337e112840b4bded90baa956b928
case_094,1,singlecore,,94892,0,526692,0,0,,,,1.0,,3fd89d913910479038716b2d60ce299a502b4f4a5c92532f41ff6148c0750872,ae6dd84ca237444caa6a73eee005d4ff
case_095,2,problem_1,A,1044117,0,11355036,0,0,,,,1.996761857148193,041bec9e6c572f898ef5708960e5869ef4ab776ebe1d91d026913a5854bcab10,b5496f5ac682b2b04e3120eb6072ec989de90805f6186fcf2ab0b095ba927530,0fbcfb9db34b45c29eb6f68ae34b53d7
case_095,3,problem_1,A,697211,0,11355036,0,0,,,,2.9902755406899777,6fb0ba895b9b528f5a59065ecb2fcc73a05606b826506f16f07a8a3ebd4ea231,0515a0fa33cec2cb1fc83fdaf131e7293efd6279aaf967e8d76b01a2bcd563ae,e5e017228118453d9d21531af1ee1b0d
case_095,4,problem_1,A,525549,0,11355036,0,0,,,,3.9670002226243413,51caf64ec0658750ec9e5a2ee68c71b6fd1321d87860fb80cdd64c82e0b87588,dddf496399b6e99124b73e5c47e394a076535be0323b92130e45cc70bfad452e,c1d351a2bdc84d2eb97d16004c0d35a5
case_095,5,problem_1,A,422597,0,11355036,0,0,,,,4.9334306679886515,b55fd8d655ddc8ed11ebfdac474a3651d8e09dbb7a5388987673d44b45a10f61,5e4b564219b0471ba565efe330204f14478a6c8771c3ab85e579f817a8016897,5ea2125427934e08ae95de4e0cd1a3e5
case_095,1,singlecore,,2084853,0,11355036,0,0,,,,1.0,,0ebb2e5ba5249c6ec7f9dd7e675b6c391cb892ab875c8f71109255b6674529a4,8638fe69558c4c59903cf09d0fb65172
case_096,2,problem_1,A,43477,120960,340518,120960,0,,,,1.9365181590266118,ef1697a95b9c4140d3848e0b1bb9a4a2c54aa7ff7d605095079c453854ea009b,b1904c14bce0a57731b9b33fb8dec52143589d25c4bc5a0f7d9c2e6c72cba962,621566775cf64970af74149009708746
case_096,3,problem_1,A,29519,188692,408250,188692,0,,,,2.852196890138555,9910b91c31290af8bc3395dd51aa7d04903b4dd5b93a0bcbb11e7dc0c5ffddbc,173e2ee32a607e8600402d87c78543bb66813f5b0b714711e9dc2b4775eb4c8c,9513b40f765d4567b1efde9a53e88e66
case_096,4,problem_1,A,24849,401688,621246,401688,0,,,,3.388224878264719,cea27fa1a67dd3fca057cc61fb5a9a9745d6c8e4f6f7a81e6eb9a31b57a50f7e,77c3c4ee57ae433ba8c8fdfc730f821258f2e4bbd4e9ec37577c5e5056d3bef1,7adf971fd3eb4781893b2c42a382e39c
case_096,5,problem_1,A,24122,639516,859074,639516,0,,,,3.490340767763867,8c1b21a9da4761228c3dd61415563545a1c8594709a9d5af6591c0367c480818,731f0967dca031111a6582b1c14be748a65d44ea7320788b88c455aacd5037a3,b8dfbd8ace944640a76cd92f6d0870c5
case_096,1,singlecore,,84194,0,219558,0,0,,,,1.0,,647f5dd499918164211ccbddad68c7a5b6bdad647636ef0e148a4cad7c289209,0dd874fc35e54db2aea8f87ed63b2dcf
case_097,2,problem_1,A,5454122,11591680,16637952,10223616,1368064,,,,2.1069402187923187,1b1726599c94f70a3e0f85810a7f48caef16c33c076432e538d1dce8397a1acf,3b068565983e02da0a8788ebb6d5d4100eeef358b2144a491ccf7f10c6f64775,d642920a25f643cc8885c6c7fc9d1093
case_097,3,problem_1,A,3529450,15736832,20783104,15736832,0,,,,3.2558922778336568,33bb030981249e9211c32979ea97c1ab8247f5ef71f4ec47ab79d37af2087002,8daf9be16700ad436c96965a4a10e451e557a84fd11e0a63e60b8edb8c0e30cc,a837da97eb0741eea991b5bbe4673938
case_097,4,problem_1,A,2580930,13623296,18669568,13623296,0,,,,4.452468296311794,a60d1ab5ac82d9d6019ef27bd18e67f635a92d868a8b8bd312b82bcccd73e8ea,95ebb1287f74e83d1b5ac70d9913d8b6b4fe907f852ac10e009a4b0c6f88f69d,7256e0be7bbf4e5a8a8e87056576790a
case_097,5,problem_1,A,2146498,15220736,20267008,15220736,0,,,,5.35360806299377,ea7e544d4cedf64bd002a8f99c0890416e980b08c2cda3d3909d2118a6796747,7ea423bd30fed4315376064f30cfbc837eafd1d7f89d9cef7f3dbd0b77befc32,fca09010e7d74009882eab7648bc7db5
case_097,1,singlecore,,11491509,10584064,15630336,0,10584064,,,,1.0,,4291785ed9b4ae44ec672a43aa6f00106508c756fa33104ec40533cc7cde28c1,cda2fcf2a47c4128a05aac964acd48b0
case_098,2,problem_1,A,89551,0,697994,0,0,,,,1.9813290750522048,79fdfee6e02978ff0a0823c785cdce3aa9d1ebe8b4880612cedd707c5f67c9bc,57f14af2d70795992e910e833ec5e93cd963357d1869888441e268f84d81f30b,9f7a342211924997a1c86824ebbf20b8
case_098,3,problem_1,A,85961,360478,1058472,360478,0,,,,2.064075569153453,4f52a2c3991426dc2ca6383406ed53ee27f9211efc97141955411e109d8e6024,ecd107b9484df5ea3de18f2e567b564a6c50e926feed91e4be770e8a70ed6e75,eeb071e92b7d4d46bb448c55f53a0a2e
case_098,4,problem_1,A,76999,1151486,1849480,1151486,0,,,,2.304315640462863,8e0e4d8c20f05ff178bd6b24d50bf159609550803ccb404ad4873cf8ea01f8f5,1de875547328a62f80430d4a2108f32493f63dc9cc7e37f57e481f5141669894,7e35db137c93454d9d4bc11f390efbe5
case_098,5,problem_1,A,66055,1131126,1829120,1131126,0,,,,2.686094920899251,c85a2a1df7badc3d962f99b616c7d47b0a2138cdc61310e2eb1f3825bce72eec,1475cbd965849a01339cc21adcdc978cd6f4c07eec05369c2154634c040b6f42,99e733bd54284f93852aeda7ffad229b
case_098,1,singlecore,,177430,0,697994,0,0,,,,1.0,,2929d292cf59fa790ce4dbae11aadf43003dfc746be82be90b7e9d4faa896e58,244089f009df4c6ea0d1851defeeefaa
case_099,2,problem_1,A,806968,5029888,7563924,3948544,1081344,,,,2.0112309286117913,7d5c554c66e17f65ac2db7dd80d3ae8ce4614e3e67378d589541d48920fd6ec0,786448e6b501ca7dc9fc121edd50ad26c04eaf74b3bea6de3b30bbc4e3373238,31cd268807494de8b51467c607ab67f5
case_099,3,problem_1,A,538043,5705728,8239764,5107712,598016,,,,3.0164856712195864,456ea2be0d1d7951b8e6c527cac497452759d25d3f25fab193e93e07238bc195,bda4a2166fd0b97961c0d9f05aafbc70b19a0a2f60d2ca2dd199a7124c24ce61,1fb3d09c7e1f4a96b998a6832a42882b
case_099,4,problem_1,A,411444,7614464,10148500,7540736,73728,,,,3.9446413120619086,bc5628e677c92e269b84988267732921ec20d3d5e556be7c0d08e217fa69413e,008791063faa19586930989ff747cc5ad1273231fa1521af35dd8b55b6f67669,7a9a5fb85e784b66b3dbefbeaafab19b
case_099,5,problem_1,A,329898,7843840,10377876,7770112,73728,,,,4.919699422245664,9c2c59cda8556893c955428e63c6a61ae464cfce7d3b5697855d8fc8fc5b9a82,da58c0bb8d573ab25f717d87076583e586c2977d47a3574208ce7cbb75ed9c92,242bb908d22c48b58d74f62848ae21f7
case_099,1,singlecore,,1622999,5484544,8018580,0,5484544,,,,1.0,,8962a02f79e7a660a79ccc46acbb2a2411e715d70161d8b7000acab019e15e3e,d8e1efedfc384efb902dc50be3a81570
case_100,2,problem_1,A,77720,59904,514502,59904,0,,,,1.9457411219763252,58820959eda8ed79065ec74f11aa601f4e6828314f91f1680d6f9aa18ec3dcc1,95351f1729a779367050aa2ce5dd5407eb86521d2815e95f718f471e3f8dfc30,bd88e5931e534515ab629731bd1d2fbb
case_100,3,problem_1,A,55177,571932,1026530,571932,0,,,,2.7406890552222847,c3a0058346fb0aea33bb0e5ff5f168e27c3de5e0fbd334214efb5e173f795793,2af1841787af19ecda127c73408cafb7066b9f3bc1dbb4faca0d6c47f89e6246,e2a03631486147cb8ca57c410ce01ce5
case_100,4,problem_1,A,54570,367644,822242,367644,0,,,,2.771174638079531,148728012b89dad90c229400696c4528b281e1410f4b2fe18a7b4d092faad264,fbdb345c163a92d289f770701d76b1d53abcbc6999ef686dba7a574c52eb0cb4,5d606f61d7ab49ce95c13188db60aa27
case_100,5,problem_1,A,54042,384540,839138,384540,0,,,,2.79824950964065,e3f169f88b2a3d491c3565ee9272f3d8ea290bc3e3a2d4b88885d7a29640abb4,0c9da4586edab6510e65696b871acd344a94a3c651d782b4ba96e1f120899bc5,2a790208f6e24a4ab65b2cfded4cc982
case_100,1,singlecore,,151223,0,454598,0,0,,,,1.0,,d77033915c56d3c2baa4d05643a3596256d00c4a2599c8dfb5493bb20c04526d,bb57040c089b4712a508632c5e85a053
